chart_id,PATTERN_MATCH,FORMER_STRENGTH_PLAUSIBLE,ONE_COHERENT_COLLAPSE,V5_SEGMENTATION_CORRECT,PRIMARY_GAP_CORRECT,PERSISTENCE_CORRECT,MEMORY_STATE_CORRECT,CAUSAL_FIRST_RETURN_CORRECT,COMMENTS
TG5-001,,,,,,,,,
TG5-002,,,,,,,,,
TG5-003,,,,,,,,,
TG5-004,,,,,,,,,
TG5-005,,,,,,,,,
TG5-006,,,,,,,,,
TG5-007,,,,,,,,,
TG5-008,,,,,,,,,
TG5-009,,,,,,,,,
TG5-010,,,,,,,,,
TG5-011,,,,,,,,,
TG5-012,,,,,,,,,
TG5-013,,,,,,,,,
TG5-014,,,,,,,,,
TG5-015,,,,,,,,,
TG5-016,,,,,,,,,
TG5-017,,,,,,,,,
TG5-018,,,,,,,,,
TG5-019,,,,,,,,,
TG5-020,,,,,,,,,
