trade_date,family,nav,cash,positions,industries,industry_hhi
2018-07-10,industry_diffusion_20,10020118.38,7500000,10,1,1
2018-07-11,industry_diffusion_20,9928157.926,7500000,10,1,1
2018-07-12,industry_diffusion_20,9999716.309,7500000,10,1,1
2018-07-13,industry_diffusion_20,9995514.684,7500000,10,1,1
2018-07-16,industry_diffusion_20,10011529.75,7500000,10,1,1
2018-07-17,industry_diffusion_20,10023413.05,4997242.421,20,4,0.413988768
2018-07-18,industry_diffusion_20,9971075.285,4997242.421,20,4,0.4116483674
2018-07-19,industry_diffusion_20,9847152.065,4997242.421,20,4,0.4121205998
2018-07-20,industry_diffusion_20,9938476.791,4997242.421,20,4,0.4153198301
2018-07-23,industry_diffusion_20,9987671.24,4997242.421,20,4,0.4280652606
2018-07-24,industry_diffusion_20,10054899.9,2503910.552,30,8,0.3008569505
2018-07-25,industry_diffusion_20,10106666.84,2503910.552,30,8,0.3024832761
2018-07-26,industry_diffusion_20,9957143.022,2503910.552,30,8,0.2983317261
2018-07-27,industry_diffusion_20,9984735.925,2503910.552,30,8,0.2958648145
2018-07-30,industry_diffusion_20,9925799.561,2503910.552,30,8,0.2981535173
2018-07-31,industry_diffusion_20,9829829.265,27758.95644,40,12,0.1844800415
2018-08-01,industry_diffusion_20,9571850.715,27758.95644,40,12,0.1823600132
2018-08-02,industry_diffusion_20,9390532.052,27758.95644,40,12,0.1779283603
2018-08-03,industry_diffusion_20,9232047.453,27758.95644,40,12,0.1806580841
2018-08-06,industry_diffusion_20,9054369.305,27758.95644,40,12,0.180383949
2018-08-07,industry_diffusion_20,9346408.283,-2.619344741e-10,40,12,0.1474167446
2018-08-08,industry_diffusion_20,9189143.723,-2.619344741e-10,40,12,0.149625366
2018-08-09,industry_diffusion_20,9394466.347,-2.619344741e-10,40,12,0.1484383238
2018-08-10,industry_diffusion_20,9427176.92,-2.619344741e-10,40,12,0.1474097866
2018-08-13,industry_diffusion_20,9546672.618,-2.619344741e-10,40,12,0.1488467819
2018-08-14,industry_diffusion_20,9408076.983,-3.783497959e-10,40,10,0.2443965355
2018-08-15,industry_diffusion_20,9279493.944,-3.783497959e-10,40,10,0.2416724376
2018-08-16,industry_diffusion_20,9142569.573,-3.783497959e-10,40,10,0.2419831708
2018-08-17,industry_diffusion_20,9051169.194,-3.783497959e-10,40,10,0.2456199217
2018-08-20,industry_diffusion_20,9171875.106,-3.783497959e-10,40,10,0.2493481997
2018-08-21,industry_diffusion_20,9218704.237,2.910383046e-11,40,6,0.3565233125
2018-08-22,industry_diffusion_20,9123116.161,2.910383046e-11,40,6,0.3592542346
2018-08-23,industry_diffusion_20,9121600.495,2.910383046e-11,40,6,0.3561361955
2018-08-24,industry_diffusion_20,9101867.763,2.910383046e-11,40,6,0.3546253118
2018-08-27,industry_diffusion_20,9233023.054,2.910383046e-11,40,6,0.3536770238
2018-08-28,industry_diffusion_20,9214154.468,147058.1446,40,5,0.3575246626
2018-08-29,industry_diffusion_20,9139237.255,147058.1446,40,5,0.3579328536
2018-08-30,industry_diffusion_20,8863603.13,147058.1446,40,5,0.3577599905
2018-08-31,industry_diffusion_20,8826095.827,147058.1446,40,5,0.3582265667
2018-09-03,industry_diffusion_20,8801342.165,147058.1446,40,5,0.3589287623
2018-09-04,industry_diffusion_20,8865139.142,165746.5383,40,7,0.2441092564
2018-09-05,industry_diffusion_20,8660090.273,165746.5383,40,7,0.2422778014
2018-09-06,industry_diffusion_20,8624273.629,165746.5383,40,7,0.2417827879
2018-09-07,industry_diffusion_20,8679755.741,165746.5383,40,7,0.2406415453
2018-09-10,industry_diffusion_20,8600240.308,165746.5383,40,7,0.2425058849
2018-09-11,industry_diffusion_20,8544023.526,106561.9733,40,7,0.2603726413
2018-09-12,industry_diffusion_20,8534019.158,106561.9733,40,7,0.260078218
2018-09-13,industry_diffusion_20,8633031.97,106561.9733,40,7,0.2595947993
2018-09-14,industry_diffusion_20,8569066.498,106561.9733,40,7,0.2617726755
2018-09-17,industry_diffusion_20,8484179.006,106561.9733,40,7,0.2612657266
2018-09-18,industry_diffusion_20,8618128.087,32418.25261,40,7,0.2655190407
2018-09-19,industry_diffusion_20,8858083.31,32418.25261,40,7,0.2693265057
2018-09-20,industry_diffusion_20,8796272.803,32418.25261,40,7,0.2706265098
2018-09-21,industry_diffusion_20,8856849.413,32418.25261,40,7,0.2718440312
2018-09-25,industry_diffusion_20,8713062.519,32418.25261,40,7,0.2672649714
2018-09-26,industry_diffusion_20,8741241.897,1.455191523e-10,39,6,0.2795962907
2018-09-27,industry_diffusion_20,8569646.993,1.455191523e-10,39,6,0.2812500695
2018-09-28,industry_diffusion_20,8645140.961,1.455191523e-10,39,6,0.2814615179
2018-10-08,industry_diffusion_20,8435119.435,1.455191523e-10,39,6,0.2790865181
2018-10-09,industry_diffusion_20,8503782.039,1.455191523e-10,39,6,0.2777852747
2018-10-10,industry_diffusion_20,8568076.675,-2.910383046e-10,39,8,0.1857854539
2018-10-11,industry_diffusion_20,8079275.762,-2.910383046e-10,39,8,0.1901504353
2018-10-12,industry_diffusion_20,7908315.366,-2.910383046e-10,39,8,0.1864204556
2018-10-15,industry_diffusion_20,7751276.612,-2.910383046e-10,39,8,0.1863808183
2018-10-16,industry_diffusion_20,7752242.041,-2.910383046e-10,39,8,0.190172183
2018-10-17,industry_diffusion_20,7657151.612,3361.578619,39,9,0.1596299241
2018-10-18,industry_diffusion_20,7165962.244,3361.578619,39,9,0.1588329795
2018-10-19,industry_diffusion_20,7214129.558,3361.578619,39,9,0.1567859807
2018-10-22,industry_diffusion_20,7602558.34,3361.578619,39,9,0.1566424539
2018-10-23,industry_diffusion_20,7543510.889,3361.578619,39,9,0.1560589395
2018-10-24,industry_diffusion_20,7566883.077,69153.46885,39,10,0.1136183273
2018-10-25,industry_diffusion_20,7600635.455,69153.46885,39,10,0.1142757604
2018-10-26,industry_diffusion_20,7597476.391,69153.46885,39,10,0.1137205186
2018-10-29,industry_diffusion_20,7485881.189,69153.46885,39,10,0.1135376867
2018-10-30,industry_diffusion_20,7566284.106,69153.46885,39,10,0.1138126866
2018-10-31,industry_diffusion_20,7662526.708,-1.746229827e-10,40,9,0.1428599983
2018-11-01,industry_diffusion_20,7677481.143,-1.746229827e-10,40,9,0.1430036634
2018-11-02,industry_diffusion_20,7892250.061,-1.746229827e-10,40,9,0.1432177437
2018-11-05,industry_diffusion_20,7954936.149,-1.746229827e-10,40,9,0.1429270498
2018-11-06,industry_diffusion_20,7896789.825,-1.746229827e-10,40,9,0.1422087379
2018-11-07,industry_diffusion_20,7814175.071,1.746229827e-10,41,7,0.2484741149
2018-11-08,industry_diffusion_20,7756334.395,195584.7699,40,6,0.2603621353
2018-11-09,industry_diffusion_20,7680458.898,195584.7699,40,6,0.2627148095
2018-11-12,industry_diffusion_20,7839487.119,195584.7699,40,6,0.2625268174
2018-11-13,industry_diffusion_20,8017910.524,195584.7699,40,6,0.265076912
2018-11-14,industry_diffusion_20,7913196.038,309756.0606,40,11,0.2658463795
2018-11-15,industry_diffusion_20,8113719.921,309756.0606,40,11,0.2679109203
2018-11-16,industry_diffusion_20,8315303.638,309756.0606,40,11,0.2715168057
2018-11-19,industry_diffusion_20,8489728.774,309756.0606,40,11,0.2781342335
2018-11-20,industry_diffusion_20,8143707.465,309756.0606,40,11,0.2744062315
2018-11-21,industry_diffusion_20,8192181.991,273535.9843,40,12,0.271320937
2018-11-22,industry_diffusion_20,8119236.754,273535.9843,40,12,0.269609406
2018-11-23,industry_diffusion_20,7795621.074,273535.9843,40,12,0.2703923548
2018-11-26,industry_diffusion_20,7778414.902,273535.9843,40,12,0.2717612515
2018-11-27,industry_diffusion_20,7819275.016,273535.9843,40,12,0.2702458216
2018-11-28,industry_diffusion_20,7924123.871,254850.4244,40,19,0.09640104601
2018-11-29,industry_diffusion_20,7702656.196,254850.4244,40,19,0.09529115882
2018-11-30,industry_diffusion_20,7792535.124,254850.4244,40,19,0.09585345965
2018-12-03,industry_diffusion_20,8046465.263,254850.4244,40,19,0.09536843472
2018-12-04,industry_diffusion_20,8103981.207,254850.4244,40,19,0.09573214703
2018-12-05,industry_diffusion_20,8057349.873,5155.958865,40,20,0.06155906003
2018-12-06,industry_diffusion_20,7894000.498,5155.958865,40,20,0.06164486723
2018-12-07,industry_diffusion_20,7930770.567,5155.958865,40,20,0.06174766983
2018-12-10,industry_diffusion_20,7810295.815,5155.958865,40,20,0.06166577911
2018-12-11,industry_diffusion_20,7877687.78,5155.958865,40,20,0.06157509308
2018-12-12,industry_diffusion_20,7851575.05,-3.783497959e-10,40,20,0.07346583789
2018-12-13,industry_diffusion_20,7983740.454,-3.783497959e-10,40,20,0.07416618193
2018-12-14,industry_diffusion_20,7777981.728,-3.783497959e-10,40,20,0.07441540854
2018-12-17,industry_diffusion_20,7765489.562,-3.783497959e-10,40,20,0.07458773351
2018-12-18,industry_diffusion_20,7697967.207,-3.783497959e-10,40,20,0.07445010714
2018-12-19,industry_diffusion_20,7573759.948,-3.783497959e-10,40,12,0.1911283157
2018-12-20,industry_diffusion_20,7543534.98,-3.783497959e-10,40,12,0.1899996862
2018-12-21,industry_diffusion_20,7463437.178,-3.783497959e-10,40,12,0.1892256442
2018-12-24,industry_diffusion_20,7532666.785,-3.783497959e-10,40,12,0.1890154829
2018-12-25,industry_diffusion_20,7452018.456,-3.783497959e-10,40,12,0.1899949259
2018-12-26,industry_diffusion_20,7383348.676,51572.93976,40,11,0.1757991375
2018-12-27,industry_diffusion_20,7256758.625,51572.93976,40,11,0.1772529796
2018-12-28,industry_diffusion_20,7295759.955,51572.93976,40,11,0.1781176208
2019-01-02,industry_diffusion_20,7312028.394,51572.93976,40,11,0.1771842561
2019-01-03,industry_diffusion_20,7250009.128,51572.93976,40,11,0.1751220331
2019-01-04,industry_diffusion_20,7412375.022,61380.45232,40,8,0.1705413918
2019-01-07,industry_diffusion_20,7556005.021,61380.45232,40,8,0.1709033641
2019-01-08,industry_diffusion_20,7574366.248,61380.45232,40,8,0.1715099316
2019-01-09,industry_diffusion_20,7577419.578,61380.45232,40,8,0.1722946226
2019-01-10,industry_diffusion_20,7580965.847,61380.45232,40,8,0.1726053078
2019-01-11,industry_diffusion_20,7625966.283,7505.565259,40,9,0.1630558956
2019-01-14,industry_diffusion_20,7620431.61,7505.565259,40,9,0.1629791031
2019-01-15,industry_diffusion_20,7832217.53,7505.565259,40,9,0.1653682293
2019-01-16,industry_diffusion_20,7764701.508,7505.565259,40,9,0.1653589275
2019-01-17,industry_diffusion_20,7672866.462,7505.565259,40,9,0.1652779547
2019-01-18,industry_diffusion_20,7709266.773,22252.13045,40,9,0.1888732232
2019-01-21,industry_diffusion_20,7749328.491,22252.13045,40,9,0.1874045966
2019-01-22,industry_diffusion_20,7728194.178,22252.13045,40,9,0.1897796735
2019-01-23,industry_diffusion_20,7793457.15,22252.13045,40,9,0.1922058251
2019-01-24,industry_diffusion_20,7846269.648,22252.13045,40,9,0.1938923741
2019-01-25,industry_diffusion_20,7794000.648,47355.71523,40,8,0.1954751833
2019-01-28,industry_diffusion_20,7847024.031,47355.71523,40,8,0.1981055593
2019-01-29,industry_diffusion_20,7743807.106,47355.71523,40,8,0.1994551221
2019-01-30,industry_diffusion_20,7661877.795,47355.71523,40,8,0.1970540454
2019-01-31,industry_diffusion_20,7625676.544,47355.71523,40,8,0.1989299881
2019-02-01,industry_diffusion_20,7749822.25,-1.746229827e-10,40,10,0.151778669
2019-02-11,industry_diffusion_20,8071736.081,-1.746229827e-10,40,10,0.1544179382
2019-02-12,industry_diffusion_20,8151353.305,-1.746229827e-10,40,10,0.1544204338
2019-02-13,industry_diffusion_20,8262195.9,-1.746229827e-10,40,10,0.1530790232
2019-02-14,industry_diffusion_20,8315723.424,-1.746229827e-10,40,10,0.1533488989
2019-02-15,industry_diffusion_20,8367969.941,2.037268132e-10,40,12,0.1655620319
2019-02-18,industry_diffusion_20,8739990.313,2.037268132e-10,40,12,0.1673887615
2019-02-19,industry_diffusion_20,8800975.596,2.037268132e-10,40,12,0.1663404257
2019-02-20,industry_diffusion_20,8945976.086,2.037268132e-10,40,12,0.1722764008
2019-02-21,industry_diffusion_20,9028895.341,2.037268132e-10,40,12,0.1761708978
2019-02-22,industry_diffusion_20,9243480.928,496536.5179,40,15,0.1036069012
2019-02-25,industry_diffusion_20,9752716.713,496536.5179,40,15,0.1041908486
2019-02-26,industry_diffusion_20,9668088.784,496536.5179,40,15,0.1032592815
2019-02-27,industry_diffusion_20,9660131.073,496536.5179,40,15,0.1032527236
2019-02-28,industry_diffusion_20,9729015.411,496536.5179,40,15,0.1018614262
2019-03-01,industry_diffusion_20,9882200.234,491341.9258,40,16,0.09809311086
2019-03-04,industry_diffusion_20,10041379.27,491341.9258,40,16,0.09837633626
2019-03-05,industry_diffusion_20,10352733.75,491341.9258,40,16,0.09868217249
2019-03-06,industry_diffusion_20,10533813.88,491341.9258,40,16,0.09893417408
2019-03-07,industry_diffusion_20,10582457.81,491341.9258,40,16,0.09925759572
2019-03-08,industry_diffusion_20,9976499.827,136337.7485,40,16,0.1041118858
2019-03-11,industry_diffusion_20,10268505.72,136337.7485,40,16,0.1037319401
2019-03-12,industry_diffusion_20,10387471.94,136337.7485,40,16,0.1041269179
2019-03-13,industry_diffusion_20,10190565.29,136337.7485,40,16,0.1045560861
2019-03-14,industry_diffusion_20,9936709.76,136337.7485,40,16,0.1037950118
2019-03-15,industry_diffusion_20,10269553.88,-2.619344741e-10,40,20,0.09041249175
2019-03-18,industry_diffusion_20,10584456.45,-2.619344741e-10,40,20,0.09077213454
2019-03-19,industry_diffusion_20,10629914.83,-2.619344741e-10,40,20,0.08945015218
2019-03-20,industry_diffusion_20,10670101.09,-2.619344741e-10,40,20,0.08985168357
2019-03-21,industry_diffusion_20,10926840.34,-2.619344741e-10,40,20,0.09007305675
2019-03-22,industry_diffusion_20,11020657.68,40316.09454,40,16,0.1341722977
2019-03-25,industry_diffusion_20,10865248.84,40316.09454,40,16,0.1352632238
2019-03-26,industry_diffusion_20,10502306.53,40316.09454,40,16,0.1355734824
2019-03-27,industry_diffusion_20,10518970.28,40316.09454,40,16,0.1358934549
2019-03-28,industry_diffusion_20,10419214.25,40316.09454,40,16,0.1384545614
2019-03-29,industry_diffusion_20,10732918.7,113761.1242,40,20,0.08762616395
2019-04-01,industry_diffusion_20,11081077.43,113761.1242,40,20,0.0874719172
2019-04-02,industry_diffusion_20,11073723.25,113761.1242,40,20,0.08729261707
2019-04-03,industry_diffusion_20,11225367.33,113761.1242,40,20,0.08829411026
2019-04-04,industry_diffusion_20,11226192.82,113761.1242,40,20,0.0874969318
2019-04-08,industry_diffusion_20,11199378.44,148450.4201,40,20,0.06419678393
2019-04-09,industry_diffusion_20,11229676.49,148450.4201,40,20,0.06446707486
2019-04-10,industry_diffusion_20,11259460.7,148450.4201,40,20,0.06466758223
2019-04-11,industry_diffusion_20,11091345.99,148450.4201,40,20,0.06485582991
2019-04-12,industry_diffusion_20,10984692.54,148450.4201,40,20,0.06484534206
2019-04-15,industry_diffusion_20,10861241.47,1.164153218e-10,40,17,0.07257033241
2019-04-16,industry_diffusion_20,11056238.6,1.164153218e-10,40,17,0.07229697935
2019-04-17,industry_diffusion_20,11081223.93,1.164153218e-10,40,17,0.07230781798
2019-04-18,industry_diffusion_20,11006944.19,1.164153218e-10,40,17,0.07236182119
2019-04-19,industry_diffusion_20,11146042.19,1.164153218e-10,40,17,0.07236839641
2019-04-22,industry_diffusion_20,10963504.29,-1.105945557e-09,40,20,0.06435628343
2019-04-23,industry_diffusion_20,10754512.74,-1.105945557e-09,40,20,0.06444402059
2019-04-24,industry_diffusion_20,10779461.76,-1.105945557e-09,40,20,0.06424363228
2019-04-25,industry_diffusion_20,10289600.91,-1.105945557e-09,40,20,0.06452073379
2019-04-26,industry_diffusion_20,10186902.34,-1.105945557e-09,40,20,0.0645624285
2019-04-29,industry_diffusion_20,9888757.206,30903.85848,40,19,0.06656774229
2019-04-30,industry_diffusion_20,10010453.77,30903.85848,40,19,0.06634191045
2019-05-06,industry_diffusion_20,9271669.01,30903.85848,40,19,0.06584421401
2019-05-07,industry_diffusion_20,9545842.919,30903.85848,40,19,0.06557242563
2019-05-08,industry_diffusion_20,9478830.914,30903.85848,40,19,0.065786561
2019-05-09,industry_diffusion_20,9363659.109,2.910383046e-11,41,18,0.07719150877
2019-05-10,industry_diffusion_20,9678702.875,221115.0501,40,17,0.0801757988
2019-05-13,industry_diffusion_20,9716844.139,221115.0501,40,17,0.07976962782
2019-05-14,industry_diffusion_20,9584911.349,221115.0501,40,17,0.08011350613
2019-05-15,industry_diffusion_20,9867104.193,221115.0501,40,17,0.07969369097
2019-05-16,industry_diffusion_20,9918187.478,-1.746229827e-10,41,14,0.116164089
2019-05-17,industry_diffusion_20,9701272.528,-1.746229827e-10,41,14,0.1159107218
2019-05-20,industry_diffusion_20,9524689.721,-1.746229827e-10,41,14,0.1147998963
2019-05-21,industry_diffusion_20,9783996.356,-1.746229827e-10,41,14,0.1143072737
2019-05-22,industry_diffusion_20,9683237.273,272836.8045,40,14,0.1183068247
2019-05-23,industry_diffusion_20,9411278.477,422321.3159,40,9,0.1863506852
2019-05-24,industry_diffusion_20,9370646.952,422321.3159,40,9,0.1854941481
2019-05-27,industry_diffusion_20,9575142.878,422321.3159,40,9,0.1850881553
2019-05-28,industry_diffusion_20,9715792.379,422321.3159,40,9,0.185860897
2019-05-29,industry_diffusion_20,9772423.402,422321.3159,40,9,0.1853488649
2019-05-30,industry_diffusion_20,9869181.751,297313.0814,40,6,0.2309719996
2019-05-31,industry_diffusion_20,9851829.203,297313.0814,40,6,0.2304501622
2018-07-10,low_idiosyncratic_volatility_20,10006973.84,7500000,10,9,0.1197313107
2018-07-11,low_idiosyncratic_volatility_20,9943745.517,7500000,10,9,0.1194248774
2018-07-12,low_idiosyncratic_volatility_20,10009075.59,7500000,10,9,0.1197975772
2018-07-13,low_idiosyncratic_volatility_20,10009126.63,7500000,10,9,0.1196116827
2018-07-16,low_idiosyncratic_volatility_20,10022943.04,7500000,10,9,0.1191837731
2018-07-17,low_idiosyncratic_volatility_20,10046049.4,4993070.556,20,13,0.098814286
2018-07-18,low_idiosyncratic_volatility_20,10016439.21,4993070.556,20,13,0.09868090265
2018-07-19,low_idiosyncratic_volatility_20,9991739.329,4993070.556,20,13,0.09868677348
2018-07-20,low_idiosyncratic_volatility_20,10060173.9,4993070.556,20,13,0.09900629364
2018-07-23,low_idiosyncratic_volatility_20,10149032.02,4993070.556,20,13,0.09862358494
2018-07-24,low_idiosyncratic_volatility_20,10318195.97,2456309.448,30,15,0.101802854
2018-07-25,low_idiosyncratic_volatility_20,10262251.29,2456309.448,30,15,0.1012219407
2018-07-26,low_idiosyncratic_volatility_20,10268893.93,2456309.448,30,15,0.1011304596
2018-07-27,low_idiosyncratic_volatility_20,10229074.42,2456309.448,30,15,0.1006307886
2018-07-30,low_idiosyncratic_volatility_20,10180266.97,2456309.448,30,15,0.1002053322
2018-07-31,low_idiosyncratic_volatility_20,10191738.15,-2.037268132e-10,40,16,0.1138298616
2018-08-01,low_idiosyncratic_volatility_20,10039897.72,-2.037268132e-10,40,16,0.1132041104
2018-08-02,low_idiosyncratic_volatility_20,9753692.923,-2.037268132e-10,40,16,0.1136760805
2018-08-03,low_idiosyncratic_volatility_20,9684537.305,-2.037268132e-10,40,16,0.11391424
2018-08-06,low_idiosyncratic_volatility_20,9543557.828,-2.037268132e-10,40,16,0.1137434631
2018-08-07,low_idiosyncratic_volatility_20,9781076.282,6041.88346,40,16,0.1416035726
2018-08-08,low_idiosyncratic_volatility_20,9674194.868,6041.88346,40,16,0.1412743062
2018-08-09,low_idiosyncratic_volatility_20,9820723.722,6041.88346,40,16,0.141421903
2018-08-10,low_idiosyncratic_volatility_20,9831127.292,6041.88346,40,16,0.1415048272
2018-08-13,low_idiosyncratic_volatility_20,9806844.436,6041.88346,40,16,0.1413075938
2018-08-14,low_idiosyncratic_volatility_20,9820896.737,90065.56737,40,13,0.2333771961
2018-08-15,low_idiosyncratic_volatility_20,9651400.35,90065.56737,40,13,0.2341571939
2018-08-16,low_idiosyncratic_volatility_20,9658409.791,90065.56737,40,13,0.2369438511
2018-08-17,low_idiosyncratic_volatility_20,9528483.761,90065.56737,40,13,0.2380930817
2018-08-20,low_idiosyncratic_volatility_20,9625706.2,90065.56737,40,13,0.2399170032
2018-08-21,low_idiosyncratic_volatility_20,9687661.942,78473.00882,40,12,0.2457310078
2018-08-22,low_idiosyncratic_volatility_20,9614344.733,78473.00882,40,12,0.2457059073
2018-08-23,low_idiosyncratic_volatility_20,9663848.52,78473.00882,40,12,0.2466663058
2018-08-24,low_idiosyncratic_volatility_20,9656497.631,78473.00882,40,12,0.2476734395
2018-08-27,low_idiosyncratic_volatility_20,9791193.769,78473.00882,40,12,0.246613157
2018-08-28,low_idiosyncratic_volatility_20,9763255.668,-2.910383046e-11,40,15,0.2025749243
2018-08-29,low_idiosyncratic_volatility_20,9742787.36,-2.910383046e-11,40,15,0.202194659
2018-08-30,low_idiosyncratic_volatility_20,9585382.585,-2.910383046e-11,40,15,0.2014590545
2018-08-31,low_idiosyncratic_volatility_20,9554371.112,-2.910383046e-11,40,15,0.2034524923
2018-09-03,low_idiosyncratic_volatility_20,9532047.116,-2.910383046e-11,40,15,0.2045199677
2018-09-04,low_idiosyncratic_volatility_20,9603644.538,19719.34058,40,15,0.1788765161
2018-09-05,low_idiosyncratic_volatility_20,9500494.301,19719.34058,40,15,0.1789441665
2018-09-06,low_idiosyncratic_volatility_20,9501012.132,19719.34058,40,15,0.1782803626
2018-09-07,low_idiosyncratic_volatility_20,9500886.616,19719.34058,40,15,0.1781103039
2018-09-10,low_idiosyncratic_volatility_20,9304326.688,19719.34058,40,15,0.1772157561
2018-09-11,low_idiosyncratic_volatility_20,9307137.345,60410.88038,40,18,0.09364077229
2018-09-12,low_idiosyncratic_volatility_20,9344787.569,60410.88038,40,18,0.09327030282
2018-09-13,low_idiosyncratic_volatility_20,9422991.276,60410.88038,40,18,0.09363965694
2018-09-14,low_idiosyncratic_volatility_20,9389951.708,60410.88038,40,18,0.09354150649
2018-09-17,low_idiosyncratic_volatility_20,9260094.885,60410.88038,40,18,0.09416677273
2018-09-18,low_idiosyncratic_volatility_20,9408305.295,75343.81284,40,15,0.1018432335
2018-09-19,low_idiosyncratic_volatility_20,9473136.492,75343.81284,40,15,0.1019309975
2018-09-20,low_idiosyncratic_volatility_20,9447903.264,75343.81284,40,15,0.1017876068
2018-09-21,low_idiosyncratic_volatility_20,9617586.302,75343.81284,40,15,0.1021707075
2018-09-25,low_idiosyncratic_volatility_20,9574968.674,75343.81284,40,15,0.1018423926
2018-09-26,low_idiosyncratic_volatility_20,9578231.427,23872.75593,40,13,0.1200799883
2018-09-27,low_idiosyncratic_volatility_20,9492890.965,23872.75593,40,13,0.1198843395
2018-09-28,low_idiosyncratic_volatility_20,9548465.321,23872.75593,40,13,0.1198392989
2018-10-08,low_idiosyncratic_volatility_20,9282352.991,23872.75593,40,13,0.1195001996
2018-10-09,low_idiosyncratic_volatility_20,9324597.596,23872.75593,40,13,0.1197897059
2018-10-10,low_idiosyncratic_volatility_20,9305473.099,4.365574569e-10,40,10,0.1551690789
2018-10-11,low_idiosyncratic_volatility_20,8515882.023,4.365574569e-10,40,10,0.1550767648
2018-10-12,low_idiosyncratic_volatility_20,8380245.397,4.365574569e-10,40,10,0.1547812502
2018-10-15,low_idiosyncratic_volatility_20,8198231.826,4.365574569e-10,40,10,0.1539507535
2018-10-16,low_idiosyncratic_volatility_20,8088062.269,4.365574569e-10,40,10,0.1538170713
2018-10-17,low_idiosyncratic_volatility_20,8190476.877,24286.69788,40,14,0.1231400148
2018-10-18,low_idiosyncratic_volatility_20,7995018.901,24286.69788,40,14,0.1229741301
2018-10-19,low_idiosyncratic_volatility_20,8210577.96,24286.69788,40,14,0.1230515015
2018-10-22,low_idiosyncratic_volatility_20,8716893.432,24286.69788,40,14,0.1253072555
2018-10-23,low_idiosyncratic_volatility_20,8574682.559,24286.69788,40,14,0.126933057
2018-10-24,low_idiosyncratic_volatility_20,8611494.104,22821.22961,40,16,0.09665430092
2018-10-25,low_idiosyncratic_volatility_20,8692928.413,22821.22961,40,16,0.0978749791
2018-10-26,low_idiosyncratic_volatility_20,8659053.97,22821.22961,40,16,0.09699664116
2018-10-29,low_idiosyncratic_volatility_20,8556683.734,22821.22961,40,16,0.09671963785
2018-10-30,low_idiosyncratic_volatility_20,8748119.392,22821.22961,40,16,0.09800661683
2018-10-31,low_idiosyncratic_volatility_20,8798717.954,-2.910383046e-10,40,16,0.0930259368
2018-11-01,low_idiosyncratic_volatility_20,8839972.037,-2.910383046e-10,40,16,0.09293613033
2018-11-02,low_idiosyncratic_volatility_20,9063887.394,-2.910383046e-10,40,16,0.09302836816
2018-11-05,low_idiosyncratic_volatility_20,9087402.857,-2.910383046e-10,40,16,0.09305106831
2018-11-06,low_idiosyncratic_volatility_20,9040645.514,-2.910383046e-10,40,16,0.09272558579
2018-11-07,low_idiosyncratic_volatility_20,8976980.125,15240.50047,40,14,0.112472301
2018-11-08,low_idiosyncratic_volatility_20,8900599.39,15240.50047,40,14,0.1127671106
2018-11-09,low_idiosyncratic_volatility_20,8857712.385,15240.50047,40,14,0.1124553957
2018-11-12,low_idiosyncratic_volatility_20,9139734.236,15240.50047,40,14,0.1126010669
2018-11-13,low_idiosyncratic_volatility_20,9299785.831,15240.50047,40,14,0.1127095924
2018-11-14,low_idiosyncratic_volatility_20,9232863.264,67901.53659,40,14,0.1121575402
2018-11-15,low_idiosyncratic_volatility_20,9385708.349,67901.53659,40,14,0.1121191453
2018-11-16,low_idiosyncratic_volatility_20,9425277.921,67901.53659,40,14,0.1117959977
2018-11-19,low_idiosyncratic_volatility_20,9472402.021,67901.53659,40,14,0.1117517645
2018-11-20,low_idiosyncratic_volatility_20,9329302.83,67901.53659,40,14,0.1114681387
2018-11-21,low_idiosyncratic_volatility_20,9309090.861,27570.2073,40,16,0.1002827927
2018-11-22,low_idiosyncratic_volatility_20,9299575.664,27570.2073,40,16,0.1002113527
2018-11-23,low_idiosyncratic_volatility_20,8963709.986,27570.2073,40,16,0.1000204517
2018-11-26,low_idiosyncratic_volatility_20,8954731.343,27570.2073,40,16,0.09995135633
2018-11-27,low_idiosyncratic_volatility_20,9025495.965,27570.2073,40,16,0.1003217098
2018-11-28,low_idiosyncratic_volatility_20,9127714.583,43812.57141,40,17,0.08605309744
2018-11-29,low_idiosyncratic_volatility_20,8983190.573,43812.57141,40,17,0.08603310111
2018-11-30,low_idiosyncratic_volatility_20,9047918.991,43812.57141,40,17,0.08623758989
2018-12-03,low_idiosyncratic_volatility_20,9283773.684,43812.57141,40,17,0.08600171916
2018-12-04,low_idiosyncratic_volatility_20,9324103.289,43812.57141,40,17,0.08620592458
2018-12-05,low_idiosyncratic_volatility_20,9253439.424,17949.3239,40,18,0.0775432001
2018-12-06,low_idiosyncratic_volatility_20,9113026.281,17949.3239,40,18,0.07760677502
2018-12-07,low_idiosyncratic_volatility_20,9179939.791,17949.3239,40,18,0.07798508196
2018-12-10,low_idiosyncratic_volatility_20,9035628.261,17949.3239,40,18,0.07811736712
2018-12-11,low_idiosyncratic_volatility_20,9062878.047,17949.3239,40,18,0.07809498434
2018-12-12,low_idiosyncratic_volatility_20,9065621.92,3025.655118,40,15,0.08783691035
2018-12-13,low_idiosyncratic_volatility_20,9180721.474,3025.655118,40,15,0.08766730165
2018-12-14,low_idiosyncratic_volatility_20,9023221.071,3025.655118,40,15,0.08733988583
2018-12-17,low_idiosyncratic_volatility_20,9028844.885,3025.655118,40,15,0.08742335395
2018-12-18,low_idiosyncratic_volatility_20,8955935.685,3025.655118,40,15,0.08749208139
2018-12-19,low_idiosyncratic_volatility_20,8898705.828,32781.55086,40,18,0.08144676028
2018-12-20,low_idiosyncratic_volatility_20,8922329.921,32781.55086,40,18,0.08150722329
2018-12-21,low_idiosyncratic_volatility_20,8843256.233,32781.55086,40,18,0.08169995205
2018-12-24,low_idiosyncratic_volatility_20,8897491.564,32781.55086,40,18,0.08163271037
2018-12-25,low_idiosyncratic_volatility_20,8758667.519,32781.55086,40,18,0.08149387566
2018-12-26,low_idiosyncratic_volatility_20,8718855.24,21644.07437,40,18,0.0764588144
2018-12-27,low_idiosyncratic_volatility_20,8646330.652,21644.07437,40,18,0.07662755055
2018-12-28,low_idiosyncratic_volatility_20,8690139.208,21644.07437,40,18,0.07665372793
2019-01-02,low_idiosyncratic_volatility_20,8655217.247,21644.07437,40,18,0.07644300753
2019-01-03,low_idiosyncratic_volatility_20,8694234.463,21644.07437,40,18,0.0764409456
2019-01-04,low_idiosyncratic_volatility_20,8938849.282,0,40,21,0.08488670591
2019-01-07,low_idiosyncratic_volatility_20,9102233.871,0,40,21,0.08481160264
2019-01-08,low_idiosyncratic_volatility_20,9074767.401,0,40,21,0.08448580514
2019-01-09,low_idiosyncratic_volatility_20,9097592.521,0,40,21,0.08424743829
2019-01-10,low_idiosyncratic_volatility_20,9017991.958,0,40,21,0.0842437152
2019-01-11,low_idiosyncratic_volatility_20,9083938.602,2.910383046e-11,40,16,0.09249958842
2019-01-14,low_idiosyncratic_volatility_20,9092878.996,2.910383046e-11,40,16,0.09268833016
2019-01-15,low_idiosyncratic_volatility_20,9162416.62,2.910383046e-11,40,16,0.09257176884
2019-01-16,low_idiosyncratic_volatility_20,9117646.901,2.910383046e-11,40,16,0.0930133085
2019-01-17,low_idiosyncratic_volatility_20,9068326.191,2.910383046e-11,40,16,0.09336562735
2019-01-18,low_idiosyncratic_volatility_20,9219313.318,27325.96952,40,16,0.09999243185
2019-01-21,low_idiosyncratic_volatility_20,9213647.358,27325.96952,40,16,0.09972443134
2019-01-22,low_idiosyncratic_volatility_20,9078987.582,27325.96952,40,16,0.09937452124
2019-01-23,low_idiosyncratic_volatility_20,9095305.527,27325.96952,40,16,0.09938875457
2019-01-24,low_idiosyncratic_volatility_20,9077739.141,27325.96952,40,16,0.09933661867
2019-01-25,low_idiosyncratic_volatility_20,9047270.757,59507.62478,40,17,0.07867492969
2019-01-28,low_idiosyncratic_volatility_20,9035963.906,59507.62478,40,17,0.07872359349
2019-01-29,low_idiosyncratic_volatility_20,8950958.147,59507.62478,40,17,0.07832497234
2019-01-30,low_idiosyncratic_volatility_20,8861604.382,59507.62478,40,17,0.07777699333
2019-01-31,low_idiosyncratic_volatility_20,8827215.478,59507.62478,40,17,0.07783287303
2019-02-01,low_idiosyncratic_volatility_20,9009471.677,7556.855298,40,19,0.06983547344
2019-02-11,low_idiosyncratic_volatility_20,9210816.625,7556.855298,40,19,0.06984406722
2019-02-12,low_idiosyncratic_volatility_20,9307060.723,7556.855298,40,19,0.06971810447
2019-02-13,low_idiosyncratic_volatility_20,9455058.94,7556.855298,40,19,0.06960379113
2019-02-14,low_idiosyncratic_volatility_20,9474608.351,7556.855298,40,19,0.06983805773
2019-02-15,low_idiosyncratic_volatility_20,9430719.614,0,40,20,0.07144636306
2019-02-18,low_idiosyncratic_volatility_20,9698457.979,0,40,20,0.07147716094
2019-02-19,low_idiosyncratic_volatility_20,9771007.453,0,40,20,0.07192983879
2019-02-20,low_idiosyncratic_volatility_20,9776039.928,0,40,20,0.07172552511
2019-02-21,low_idiosyncratic_volatility_20,9713015.703,0,40,20,0.07175561256
2019-02-22,low_idiosyncratic_volatility_20,9906405.805,2.037268132e-10,40,21,0.06715266841
2019-02-25,low_idiosyncratic_volatility_20,10514101.33,2.037268132e-10,40,21,0.06644838326
2019-02-26,low_idiosyncratic_volatility_20,10559759.46,2.037268132e-10,40,21,0.06635799861
2019-02-27,low_idiosyncratic_volatility_20,10484314.18,2.037268132e-10,40,21,0.06615862278
2019-02-28,low_idiosyncratic_volatility_20,10574868.97,2.037268132e-10,40,21,0.06667599837
2019-03-01,low_idiosyncratic_volatility_20,10626975.19,39712.99695,40,22,0.06677115311
2019-03-04,low_idiosyncratic_volatility_20,10787900.38,39712.99695,40,22,0.06630265775
2019-03-05,low_idiosyncratic_volatility_20,11015571.06,39712.99695,40,22,0.06558657838
2019-03-06,low_idiosyncratic_volatility_20,11227767.54,39712.99695,40,22,0.06489652325
2019-03-07,low_idiosyncratic_volatility_20,11387446.3,39712.99695,40,22,0.06387360573
2019-03-08,low_idiosyncratic_volatility_20,10733289.87,109678.6799,40,22,0.05854041316
2019-03-11,low_idiosyncratic_volatility_20,11217422.11,109678.6799,40,22,0.05829404791
2019-03-12,low_idiosyncratic_volatility_20,11407419.47,109678.6799,40,22,0.05841697606
2019-03-13,low_idiosyncratic_volatility_20,11248838.07,109678.6799,40,22,0.05857509465
2019-03-14,low_idiosyncratic_volatility_20,11058727.67,109678.6799,40,22,0.05941121077
2019-03-15,low_idiosyncratic_volatility_20,11228937.13,72355.081,40,22,0.05762603901
2019-03-18,low_idiosyncratic_volatility_20,11540214.11,72355.081,40,22,0.05766260313
2019-03-19,low_idiosyncratic_volatility_20,11569972.3,72355.081,40,22,0.05779152699
2019-03-20,low_idiosyncratic_volatility_20,11593507.45,72355.081,40,22,0.05773176618
2019-03-21,low_idiosyncratic_volatility_20,11679549.42,72355.081,40,22,0.05752404622
2019-03-22,low_idiosyncratic_volatility_20,11757311.65,-2.328306437e-10,40,23,0.06217888469
2019-03-25,low_idiosyncratic_volatility_20,11745616.41,-2.328306437e-10,40,23,0.06218552512
2019-03-26,low_idiosyncratic_volatility_20,11318427.95,-2.328306437e-10,40,23,0.06211209218
2019-03-27,low_idiosyncratic_volatility_20,11513103.9,-2.328306437e-10,40,23,0.06245706041
2019-03-28,low_idiosyncratic_volatility_20,11294660.31,-2.328306437e-10,40,23,0.06242385719
2019-03-29,low_idiosyncratic_volatility_20,11586802.03,3.492459655e-10,40,23,0.06327321794
2019-04-01,low_idiosyncratic_volatility_20,11961970.89,3.492459655e-10,40,23,0.06345591937
2019-04-02,low_idiosyncratic_volatility_20,12042224.54,3.492459655e-10,40,23,0.0638011979
2019-04-03,low_idiosyncratic_volatility_20,12195848.9,3.492459655e-10,40,23,0.06369951682
2019-04-04,low_idiosyncratic_volatility_20,12289517.93,3.492459655e-10,40,23,0.06359045598
2019-04-08,low_idiosyncratic_volatility_20,12411651.54,33868.97959,40,19,0.0729597668
2019-04-09,low_idiosyncratic_volatility_20,12404241.95,33868.97959,40,19,0.0730234851
2019-04-10,low_idiosyncratic_volatility_20,12493417.3,33868.97959,40,19,0.07261714318
2019-04-11,low_idiosyncratic_volatility_20,12262370.99,33868.97959,40,19,0.07306336121
2019-04-12,low_idiosyncratic_volatility_20,12246504.66,33868.97959,40,19,0.0734463309
2019-04-15,low_idiosyncratic_volatility_20,12146721.31,45553.05097,40,22,0.06584807884
2019-04-16,low_idiosyncratic_volatility_20,12346337.44,45553.05097,40,22,0.06537810933
2019-04-17,low_idiosyncratic_volatility_20,12378688.7,45553.05097,40,22,0.06550511974
2019-04-18,low_idiosyncratic_volatility_20,12348925.68,45553.05097,40,22,0.06529002569
2019-04-19,low_idiosyncratic_volatility_20,12514994.36,45553.05097,40,22,0.06521061216
2019-04-22,low_idiosyncratic_volatility_20,12307473.93,4.074536264e-10,40,19,0.08009904488
2019-04-23,low_idiosyncratic_volatility_20,12102936.14,4.074536264e-10,40,19,0.08031894899
2019-04-24,low_idiosyncratic_volatility_20,12161715.41,4.074536264e-10,40,19,0.08047554379
2019-04-25,low_idiosyncratic_volatility_20,11719509.27,4.074536264e-10,40,19,0.08090089871
2019-04-26,low_idiosyncratic_volatility_20,11542779.02,4.074536264e-10,40,19,0.08108368182
2019-04-29,low_idiosyncratic_volatility_20,11384612.04,1.746229827e-10,40,19,0.07956790274
2019-04-30,low_idiosyncratic_volatility_20,11523478.38,1.746229827e-10,40,19,0.08021395265
2018-07-10,track_a_concentrated,10004244.64,7500000,15,1,1
2018-07-11,track_a_concentrated,9928773.791,7500000,15,1,1
2018-07-12,track_a_concentrated,10018973.94,7500000,15,1,1
2018-07-13,track_a_concentrated,10020711.92,7500000,15,1,1
2018-07-16,track_a_concentrated,10004075.38,7500000,15,1,1
2018-07-17,track_a_concentrated,9988765.025,5002614.227,24,2,0.5000527876
2018-07-18,track_a_concentrated,9916834.873,5002614.227,24,2,0.500001659
2018-07-19,track_a_concentrated,9792893.791,5002614.227,24,2,0.5000536948
2018-07-20,track_a_concentrated,9848031.187,5002614.227,24,2,0.5001766225
2018-07-23,track_a_concentrated,9720686.795,5002614.227,24,2,0.5024658312
2018-07-24,track_a_concentrated,9704740.733,2596108.194,39,3,0.3345750693
2018-07-25,track_a_concentrated,9753910.992,2596108.194,39,3,0.3343443475
2018-07-26,track_a_concentrated,9563138.306,2596108.194,39,3,0.3340884118
2018-07-27,track_a_concentrated,9579113.7,2596108.194,39,3,0.3338802388
2018-07-30,track_a_concentrated,9399145.969,2596108.194,39,3,0.3340063114
2018-07-31,track_a_concentrated,9344847.005,249269.8285,54,4,0.2503635204
2018-08-01,track_a_concentrated,9187095.868,249269.8285,54,4,0.2503211172
2018-08-02,track_a_concentrated,9171492.02,249269.8285,54,4,0.2502065272
2018-08-03,track_a_concentrated,8900730.955,249269.8285,54,4,0.2503197316
2018-08-06,track_a_concentrated,8727063.095,249269.8285,54,4,0.250668781
2018-08-07,track_a_concentrated,9086165.424,300291.0712,54,4,0.2506647882
2018-08-08,track_a_concentrated,8930924.109,300291.0712,54,4,0.2509335527
2018-08-09,track_a_concentrated,9141966.751,300291.0712,54,4,0.2505475463
2018-08-10,track_a_concentrated,9197449.916,300291.0712,54,4,0.2502930119
2018-08-13,track_a_concentrated,9359682.453,300291.0712,54,4,0.2502521865
2018-08-14,track_a_concentrated,9259597.712,129258.5873,60,3,0.3756011136
2018-08-15,track_a_concentrated,9112784.738,129258.5873,60,3,0.3769676448
2018-08-16,track_a_concentrated,8916137.588,129258.5873,60,3,0.3732141635
2018-08-17,track_a_concentrated,8737816.621,129258.5873,60,3,0.3711364006
2018-08-20,track_a_concentrated,8874807.874,129258.5873,60,3,0.3693633739
2018-08-21,track_a_concentrated,8996600.027,115574.7335,54,3,0.3707212104
2018-08-22,track_a_concentrated,8925670.397,115574.7335,54,3,0.3691957345
2018-08-23,track_a_concentrated,8932300.773,115574.7335,54,3,0.3699431833
2018-08-24,track_a_concentrated,8922891.365,115574.7335,54,3,0.3699874037
2018-08-27,track_a_concentrated,9093191.982,115574.7335,54,3,0.3704638262
2018-08-28,track_a_concentrated,9019351.675,93555.70812,48,2,0.5001705945
2018-08-29,track_a_concentrated,8907846.01,93555.70812,48,2,0.500088668
2018-08-30,track_a_concentrated,8772710.453,93555.70812,48,2,0.5001605163
2018-08-31,track_a_concentrated,8623297.145,93555.70812,48,2,0.5000083851
2018-09-03,track_a_concentrated,8652842.621,93555.70812,48,2,0.5000868703
2018-09-04,track_a_concentrated,8793016.331,1670.427439,48,3,0.3768197949
2018-09-05,track_a_concentrated,8708146.244,1670.427439,48,3,0.3773692605
2018-09-06,track_a_concentrated,8702545.116,1670.427439,48,3,0.3789438629
2018-09-07,track_a_concentrated,8817349.956,1670.427439,48,3,0.3823602464
2018-09-10,track_a_concentrated,8624428.043,1670.427439,48,3,0.3840891914
2018-09-11,track_a_concentrated,8810391.138,3.492459655e-10,41,3,0.3912720729
2018-09-12,track_a_concentrated,8748476.809,3.492459655e-10,41,3,0.3930104645
2018-09-13,track_a_concentrated,9073271.579,3.492459655e-10,41,3,0.3920709245
2018-09-14,track_a_concentrated,8830073.821,3.492459655e-10,41,3,0.3921382887
2018-09-17,track_a_concentrated,8928482.683,3.492459655e-10,41,3,0.3913804397
2018-09-18,track_a_concentrated,8923871.471,154153.3522,45,3,0.3723664866
2018-09-19,track_a_concentrated,9102875.196,154153.3522,45,3,0.3726406116
2018-09-20,track_a_concentrated,8973655.021,154153.3522,45,3,0.3714911074
2018-09-21,track_a_concentrated,8912752.984,154153.3522,45,3,0.3693540401
2018-09-25,track_a_concentrated,8962057.865,154153.3522,45,3,0.3689153091
2018-09-26,track_a_concentrated,9085392.81,287614.1288,48,2,0.6321320416
2018-09-27,track_a_concentrated,8829067.64,287614.1288,48,2,0.632529328
2018-09-28,track_a_concentrated,8858123.177,287614.1288,48,2,0.6321820741
2018-10-08,track_a_concentrated,8855398.919,287614.1288,48,2,0.6474891953
2018-10-09,track_a_concentrated,8899228.332,287614.1288,48,2,0.6495803291
2018-10-10,track_a_concentrated,9090963.248,20383.61575,41,2,0.6311362611
2018-10-11,track_a_concentrated,8784228.717,20383.61575,41,2,0.647769533
2018-10-12,track_a_concentrated,8530683.136,20383.61575,41,2,0.6455170456
2018-10-15,track_a_concentrated,8391453.578,20383.61575,41,2,0.6457045306
2018-10-16,track_a_concentrated,8587669.774,20383.61575,41,2,0.6553456458
2018-10-17,track_a_concentrated,8297314.376,85427.94459,46,2,0.6529086484
2018-10-18,track_a_concentrated,7756249.248,85427.94459,46,2,0.6520886932
2018-10-19,track_a_concentrated,7751148.734,85427.94459,46,2,0.6492966396
2018-10-22,track_a_concentrated,8126641.459,85427.94459,46,2,0.6485386977
2018-10-23,track_a_concentrated,8008405.539,85427.94459,46,2,0.648124661
2018-10-24,track_a_concentrated,7902331.252,143305.0339,40,3,0.3880918298
2018-10-25,track_a_concentrated,7812748.721,143305.0339,40,3,0.3841469598
2018-10-26,track_a_concentrated,7838096.55,143305.0339,40,3,0.3867424199
2018-10-29,track_a_concentrated,7735516.003,143305.0339,40,3,0.3870396814
2018-10-30,track_a_concentrated,7729622.956,143305.0339,40,3,0.3837392867
2018-10-31,track_a_concentrated,7804483.491,191203.7239,43,4,0.2504577399
2018-11-01,track_a_concentrated,7788132.228,191203.7239,43,4,0.2504715662
2018-11-02,track_a_concentrated,7996658.952,191203.7239,43,4,0.2505433107
2018-11-05,track_a_concentrated,8242118.926,191203.7239,43,4,0.2506161073
2018-11-06,track_a_concentrated,8180262.983,191203.7239,43,4,0.2506490247
2018-11-07,track_a_concentrated,8127322.952,1.746229827e-10,50,3,0.3684650943
2018-11-08,track_a_concentrated,8018486.089,1.746229827e-10,50,3,0.367055228
2018-11-09,track_a_concentrated,8025615.865,1.746229827e-10,50,3,0.3666678372
2018-11-12,track_a_concentrated,8190915.924,1.746229827e-10,50,3,0.3670265589
2018-11-13,track_a_concentrated,8358070.016,1.746229827e-10,50,3,0.3697838278
2018-11-14,track_a_concentrated,8266881.06,78326.78572,52,2,0.6188290937
2018-11-15,track_a_concentrated,8479492.259,78326.78572,52,2,0.6221834974
2018-11-16,track_a_concentrated,8699046.791,78326.78572,52,2,0.6249073539
2018-11-19,track_a_concentrated,8902916.468,78326.78572,52,2,0.6315526235
2018-11-20,track_a_concentrated,8489718.861,78326.78572,52,2,0.6291292457
2018-11-21,track_a_concentrated,8525675.38,17860.12341,52,2,0.624436143
2018-11-22,track_a_concentrated,8443222.265,17860.12341,52,2,0.622118124
2018-11-23,track_a_concentrated,8093797.634,17860.12341,52,2,0.6248409525
2018-11-26,track_a_concentrated,8106377.032,17860.12341,52,2,0.6220865829
2018-11-27,track_a_concentrated,8114374.613,17860.12341,52,2,0.6218528063
2018-11-28,track_a_concentrated,8218959.274,4.074536264e-10,48,3,0.380797364
2018-11-29,track_a_concentrated,7852815.94,4.074536264e-10,48,3,0.3809577075
2018-11-30,track_a_concentrated,7928230.058,4.074536264e-10,48,3,0.3833590979
2018-12-03,track_a_concentrated,8170883.107,4.074536264e-10,48,3,0.3829193826
2018-12-04,track_a_concentrated,8272649.537,4.074536264e-10,48,3,0.3830925811
2018-12-05,track_a_concentrated,8116678.382,54790.25169,42,4,0.2502629876
2018-12-06,track_a_concentrated,7938142.7,54790.25169,42,4,0.2501570979
2018-12-07,track_a_concentrated,7911719.128,54790.25169,42,4,0.2501938523
2018-12-10,track_a_concentrated,7818827.121,54790.25169,42,4,0.250172857
2018-12-11,track_a_concentrated,7956698.959,54790.25169,42,4,0.2501095974
2018-12-12,track_a_concentrated,7933530.233,105073.3739,33,4,0.2500610644
2018-12-13,track_a_concentrated,7922298.441,105073.3739,33,4,0.2500299203
2018-12-14,track_a_concentrated,7665918.284,105073.3739,33,4,0.2500505577
2018-12-17,track_a_concentrated,7678498.214,105073.3739,33,4,0.2500310411
2018-12-18,track_a_concentrated,7603277.063,105073.3739,33,4,0.2500236127
2018-12-19,track_a_concentrated,7502267.971,93368.90188,40,4,0.2500182451
2018-12-20,track_a_concentrated,7536886.39,93368.90188,40,4,0.2500033488
2018-12-21,track_a_concentrated,7477119.019,93368.90188,40,4,0.2500560599
2018-12-24,track_a_concentrated,7527092.453,93368.90188,40,4,0.2500319125
2018-12-25,track_a_concentrated,7469111.293,93368.90188,40,4,0.250017196
2018-12-26,track_a_concentrated,7482170.351,73442.99186,44,4,0.2501870123
2018-12-27,track_a_concentrated,7393231.212,73442.99186,44,4,0.2500869715
2018-12-28,track_a_concentrated,7408013.62,73442.99186,44,4,0.2500470386
2019-01-02,track_a_concentrated,7423577.181,73442.99186,44,4,0.2501820588
2019-01-03,track_a_concentrated,7234306.702,73442.99186,44,4,0.250205433
2019-01-04,track_a_concentrated,7322662.186,114473.9002,47,4,0.2500480406
2019-01-07,track_a_concentrated,7435540.323,114473.9002,47,4,0.250178488
2019-01-08,track_a_concentrated,7374212.439,114473.9002,47,4,0.2503316516
2019-01-09,track_a_concentrated,7431736.156,114473.9002,47,4,0.2502997947
2019-01-10,track_a_concentrated,7443447.694,114473.9002,47,4,0.2503534917
2019-01-11,track_a_concentrated,7514481.257,70248.5709,56,4,0.2504666305
2019-01-14,track_a_concentrated,7523623.452,70248.5709,56,4,0.2505274803
2019-01-15,track_a_concentrated,7721941.165,70248.5709,56,4,0.2505347265
2019-01-16,track_a_concentrated,7624108.358,70248.5709,56,4,0.2505477775
2019-01-17,track_a_concentrated,7588137.469,70248.5709,56,4,0.2504491914
2019-01-18,track_a_concentrated,7483794.328,96316.30084,57,3,0.3796431414
2019-01-21,track_a_concentrated,7547253.211,96316.30084,57,3,0.3817940423
2019-01-22,track_a_concentrated,7528367.455,96316.30084,57,3,0.3821010949
2019-01-23,track_a_concentrated,7460016.83,96316.30084,57,3,0.3814553691
2019-01-24,track_a_concentrated,7456172.968,96316.30084,57,3,0.3830221916
2019-01-25,track_a_concentrated,7295714.536,159521.8322,53,4,0.2502734839
2019-01-28,track_a_concentrated,7332326.984,159521.8322,53,4,0.2502132499
2019-01-29,track_a_concentrated,7167421.906,159521.8322,53,4,0.2504071694
2019-01-30,track_a_concentrated,7046198.421,159521.8322,53,4,0.2503256427
2019-01-31,track_a_concentrated,6944260.439,159521.8322,53,4,0.250693921
2019-02-01,track_a_concentrated,7052557.491,27293.73825,55,4,0.2502337675
2019-02-11,track_a_concentrated,7412306.049,27293.73825,55,4,0.2504415556
2019-02-12,track_a_concentrated,7509515.284,27293.73825,55,4,0.2504208479
2019-02-13,track_a_concentrated,7638399.905,27293.73825,55,4,0.2503269128
2019-02-14,track_a_concentrated,7746512.549,27293.73825,55,4,0.2501947441
2019-02-15,track_a_concentrated,7782590.384,4.365574569e-10,54,3,0.3641573446
2019-02-18,track_a_concentrated,8191449.792,4.365574569e-10,54,3,0.3624685574
2019-02-19,track_a_concentrated,8200920.087,4.365574569e-10,54,3,0.3608734193
2019-02-20,track_a_concentrated,8331875.858,4.365574569e-10,54,3,0.3571888913
2019-02-21,track_a_concentrated,8488092.111,4.365574569e-10,54,3,0.3523115892
2019-02-22,track_a_concentrated,8611454.221,2.037268132e-10,53,3,0.4863153317
2019-02-25,track_a_concentrated,8815218.808,2.037268132e-10,53,3,0.4857002747
2019-02-26,track_a_concentrated,9081872.952,2.037268132e-10,53,3,0.4909725216
2019-02-27,track_a_concentrated,8933811.334,2.037268132e-10,53,3,0.4863040363
2018-07-10,track_a_diversified,10017066.63,7500000,15,3,0.3333389959
2018-07-11,track_a_diversified,9937154.621,7500000,15,3,0.3333445496
2018-07-12,track_a_diversified,10007173.54,7500000,15,3,0.3333382659
2018-07-13,track_a_diversified,9993872.868,7500000,15,3,0.3333582291
2018-07-16,track_a_diversified,9994991.678,7500000,15,3,0.3333886892
2018-07-17,track_a_diversified,9966764.045,5003630.959,30,6,0.1666734842
2018-07-18,track_a_diversified,9909127.111,5003630.959,30,6,0.1667095201
2018-07-19,track_a_diversified,9824846.039,5003630.959,30,6,0.1667796829
2018-07-20,track_a_diversified,9874107.953,5003630.959,30,6,0.1667758201
2018-07-23,track_a_diversified,9848875.76,5003630.959,30,6,0.1674746247
2018-07-24,track_a_diversified,9844917.051,2551006.058,45,8,0.1370253706
2018-07-25,track_a_diversified,9900079.177,2551006.058,45,8,0.1373930418
2018-07-26,track_a_diversified,9731890.608,2551006.058,45,8,0.1365956167
2018-07-27,track_a_diversified,9692818.549,2551006.058,45,8,0.1362356259
2018-07-30,track_a_diversified,9601440.055,2551006.058,45,8,0.135737904
2018-07-31,track_a_diversified,9533573.121,152624.0453,60,11,0.09688323973
2018-08-01,track_a_diversified,9379519.543,152624.0453,60,11,0.09711890738
2018-08-02,track_a_diversified,9354954.401,152624.0453,60,11,0.0967461428
2018-08-03,track_a_diversified,9076445.447,152624.0453,60,11,0.09660715095
2018-08-06,track_a_diversified,8959823.467,152624.0453,60,11,0.09693632873
2018-08-07,track_a_diversified,9308354.939,233355.5769,60,9,0.1301459553
2018-08-08,track_a_diversified,9145162.678,233355.5769,60,9,0.1318606184
2018-08-09,track_a_diversified,9390137.415,233355.5769,60,9,0.1302070325
2018-08-10,track_a_diversified,9430473.946,233355.5769,60,9,0.1294129845
2018-08-13,track_a_diversified,9570637.064,233355.5769,60,9,0.1290921363
2018-08-14,track_a_diversified,9484397.907,31362.13671,60,7,0.1843674217
2018-08-15,track_a_diversified,9296491.435,31362.13671,60,7,0.1831869759
2018-08-16,track_a_diversified,9081636.103,31362.13671,60,7,0.1815874442
2018-08-17,track_a_diversified,8905627.323,31362.13671,60,7,0.1812886519
2018-08-20,track_a_diversified,9057444.698,31362.13671,60,7,0.1804772273
2018-08-21,track_a_diversified,9203540.901,-6.4028427e-10,60,5,0.2349554534
2018-08-22,track_a_diversified,9095561.505,-6.4028427e-10,60,5,0.2347694607
2018-08-23,track_a_diversified,9109980.562,-6.4028427e-10,60,5,0.2346420074
2018-08-24,track_a_diversified,9049578.291,-6.4028427e-10,60,5,0.2342712044
2018-08-27,track_a_diversified,9287033.818,-6.4028427e-10,60,5,0.2356476782
2018-08-28,track_a_diversified,9235693.277,48438.44119,60,7,0.1662073864
2018-08-29,track_a_diversified,9166918.351,48438.44119,60,7,0.166747351
2018-08-30,track_a_diversified,8915815.407,48438.44119,60,7,0.1664833295
2018-08-31,track_a_diversified,8777127.052,48438.44119,60,7,0.1663809171
2018-09-03,track_a_diversified,8786252.991,48438.44119,60,7,0.1661460561
2018-09-04,track_a_diversified,8880124.725,3.492459655e-10,60,7,0.1523931414
2018-09-05,track_a_diversified,8697637.47,3.492459655e-10,60,7,0.1525722441
2018-09-06,track_a_diversified,8684289.685,3.492459655e-10,60,7,0.1526833407
2018-09-07,track_a_diversified,8717710.141,3.492459655e-10,60,7,0.1530023529
2018-09-10,track_a_diversified,8574371.35,3.492459655e-10,60,7,0.1532151884
2018-09-11,track_a_diversified,8645962.971,9.313225746e-10,60,9,0.1282263571
2018-09-12,track_a_diversified,8553737.903,9.313225746e-10,60,9,0.1282865748
2018-09-13,track_a_diversified,8710668.829,9.313225746e-10,60,9,0.1282729196
2018-09-14,track_a_diversified,8530462.635,9.313225746e-10,60,9,0.127992175
2018-09-17,track_a_diversified,8490062.374,9.313225746e-10,60,9,0.1277250811
2018-09-18,track_a_diversified,8592112.758,17089.87943,60,8,0.1392334048
2018-09-19,track_a_diversified,8747173.469,17089.87943,60,8,0.1394785556
2018-09-20,track_a_diversified,8689387.81,17089.87943,60,8,0.1390172383
2018-09-21,track_a_diversified,8750876.109,17089.87943,60,8,0.1385226187
2018-09-25,track_a_diversified,8797745.115,17089.87943,60,8,0.1390432183
2018-09-26,track_a_diversified,8904135.063,98791.68958,60,8,0.1516320494
2018-09-27,track_a_diversified,8686083.711,98791.68958,60,8,0.1492619041
2018-09-28,track_a_diversified,8763964.675,98791.68958,60,8,0.1494065869
2018-10-08,track_a_diversified,8541134.155,98791.68958,60,8,0.1524912242
2018-10-09,track_a_diversified,8551543.908,98791.68958,60,8,0.1521346063
2018-10-10,track_a_diversified,8659256.244,2204.733685,60,6,0.2105286133
2018-10-11,track_a_diversified,8272596.99,2204.733685,60,6,0.2183941964
2018-10-12,track_a_diversified,8174445.291,2204.733685,60,6,0.2156140358
2018-10-15,track_a_diversified,8106740.536,2204.733685,60,6,0.215998699
2018-10-16,track_a_diversified,8143460.445,2204.733685,60,6,0.2215893781
2018-10-17,track_a_diversified,7941634.761,91397.03978,60,7,0.2016151996
2018-10-18,track_a_diversified,7485085.869,91397.03978,60,7,0.1998512314
2018-10-19,track_a_diversified,7561552.068,91397.03978,60,7,0.1970644757
2018-10-22,track_a_diversified,7948816.598,91397.03978,60,7,0.1975932721
2018-10-23,track_a_diversified,7953931.457,91397.03978,60,7,0.1957311829
2018-10-24,track_a_diversified,7900552.607,47643.33907,60,10,0.1276854698
2018-10-25,track_a_diversified,7862931.912,47643.33907,60,10,0.1254784366
2018-10-26,track_a_diversified,7891257.228,47643.33907,60,10,0.1265798299
2018-10-29,track_a_diversified,7741320.1,47643.33907,60,10,0.1274946866
2018-10-30,track_a_diversified,7741716.475,47643.33907,60,10,0.1257796503
2018-10-31,track_a_diversified,7850923.863,-3.055902198e-10,60,9,0.1256255611
2018-11-01,track_a_diversified,7894587.898,-3.055902198e-10,60,9,0.1260861135
2018-11-02,track_a_diversified,8047719.027,-3.055902198e-10,60,9,0.1256562693
2018-11-05,track_a_diversified,8148811.469,-3.055902198e-10,60,9,0.1262940612
2018-11-06,track_a_diversified,8179957.195,-3.055902198e-10,60,9,0.1266076769
2018-11-07,track_a_diversified,8143720.437,-2.910383046e-11,60,9,0.124614144
2018-11-08,track_a_diversified,8022317.787,-2.910383046e-11,60,9,0.1242384967
2018-11-09,track_a_diversified,7911353.479,-2.910383046e-11,60,9,0.1234780462
2018-11-12,track_a_diversified,8053007.752,-2.910383046e-11,60,9,0.1229351174
2018-11-13,track_a_diversified,8178340.257,-2.910383046e-11,60,9,0.1228799749
2018-11-14,track_a_diversified,8136089.197,-9.604264051e-10,61,9,0.1352431283
2018-11-15,track_a_diversified,8304067.53,-9.604264051e-10,61,9,0.1359619043
2018-11-16,track_a_diversified,8360414.033,-9.604264051e-10,61,9,0.1365465127
2018-11-19,track_a_diversified,8418454.825,-9.604264051e-10,61,9,0.1381648886
2018-11-20,track_a_diversified,8161262.656,-9.604264051e-10,61,9,0.1374688124
2018-11-21,track_a_diversified,8192418.724,7.275957614e-11,61,9,0.139176411
2018-11-22,track_a_diversified,8129931.241,7.275957614e-11,61,9,0.1382562188
2018-11-23,track_a_diversified,7826261.864,7.275957614e-11,61,9,0.1391232018
2018-11-26,track_a_diversified,7813328.932,136248.8816,60,9,0.140226448
2018-11-27,track_a_diversified,7804865.398,136248.8816,60,9,0.1403504865
2018-11-28,track_a_diversified,7823670.384,90265.17498,60,8,0.1384973133
2018-11-29,track_a_diversified,7525359.482,90265.17498,60,8,0.1386562578
2018-11-30,track_a_diversified,7575791.049,90265.17498,60,8,0.1391241474
2018-12-03,track_a_diversified,7786437.886,90265.17498,60,8,0.1395433661
2018-12-04,track_a_diversified,7862919.151,90265.17498,60,8,0.1397791946
2018-12-05,track_a_diversified,7664001.81,134172.3466,60,8,0.1377526555
2018-12-06,track_a_diversified,7538925.385,134172.3466,60,8,0.1382568052
2018-12-07,track_a_diversified,7519328.613,134172.3466,60,8,0.1379879613
2018-12-10,track_a_diversified,7421133.765,134172.3466,60,8,0.1379099409
2018-12-11,track_a_diversified,7539726.958,134172.3466,60,8,0.1376016891
2018-12-12,track_a_diversified,7515209.394,144822.1076,60,9,0.1243922275
2018-12-13,track_a_diversified,7535460.939,144822.1076,60,9,0.1242384848
2018-12-14,track_a_diversified,7276339.307,144822.1076,60,9,0.1238122676
2018-12-17,track_a_diversified,7338304.68,144822.1076,60,9,0.1237745543
2018-12-18,track_a_diversified,7267171.556,144822.1076,60,9,0.1238015806
2018-12-19,track_a_diversified,7218968.92,93881.07666,60,10,0.110023706
2018-12-20,track_a_diversified,7289349.168,93881.07666,60,10,0.110710639
2018-12-21,track_a_diversified,7238327.805,93881.07666,60,10,0.1112910152
2018-12-24,track_a_diversified,7254982.911,93881.07666,60,10,0.1106685002
2018-12-25,track_a_diversified,7199575.699,93881.07666,60,10,0.1105104277
2018-12-26,track_a_diversified,7196511.543,-4.656612873e-10,61,10,0.1212588146
2018-12-27,track_a_diversified,7069323.098,-4.656612873e-10,61,10,0.121642779
2018-12-28,track_a_diversified,7090204.206,-4.656612873e-10,61,10,0.1219894399
2019-01-02,track_a_diversified,7125768.469,120502.519,60,9,0.1258300357
2019-01-03,track_a_diversified,6948122.046,120502.519,60,9,0.1258493025
2019-01-04,track_a_diversified,7075597.136,171055.6812,60,9,0.1407385587
2019-01-07,track_a_diversified,7253568.73,171055.6812,60,9,0.1421812467
2019-01-08,track_a_diversified,7246613.443,171055.6812,60,9,0.1428583521
2019-01-09,track_a_diversified,7315589.638,171055.6812,60,9,0.1427591625
2019-01-10,track_a_diversified,7309136.66,171055.6812,60,9,0.1432027382
2019-01-11,track_a_diversified,7418654.398,197354.8921,60,8,0.1560632155
2019-01-14,track_a_diversified,7409419.971,197354.8921,60,8,0.1566576204
2019-01-15,track_a_diversified,7537409.027,197354.8921,60,8,0.1578650466
2019-01-16,track_a_diversified,7487159.706,197354.8921,60,8,0.1575549335
2019-01-17,track_a_diversified,7413712.814,197354.8921,60,8,0.1569725672
2019-01-18,track_a_diversified,7326355.359,126052.0331,60,8,0.1856582851
2019-01-21,track_a_diversified,7392402.737,126052.0331,60,8,0.1862667421
2019-01-22,track_a_diversified,7349620.112,126052.0331,60,8,0.1868538497
2019-01-23,track_a_diversified,7307648.65,126052.0331,60,8,0.1847204096
2019-01-24,track_a_diversified,7292176.977,126052.0331,60,8,0.1851182089
2019-01-25,track_a_diversified,7149056.628,103693.6944,60,6,0.1825392582
2019-01-28,track_a_diversified,7100735.542,103693.6944,60,6,0.1821735694
2019-01-29,track_a_diversified,6916477.016,103693.6944,60,6,0.1829549253
2019-01-30,track_a_diversified,6721341.086,103693.6944,60,6,0.1825936491
2019-01-31,track_a_diversified,6615729.418,103693.6944,60,6,0.1839969793
2019-02-01,track_a_diversified,6750299.333,206972.6144,60,7,0.1522060231
2019-02-11,track_a_diversified,7072961.127,206972.6144,60,7,0.1525926476
2019-02-12,track_a_diversified,7198503.451,206972.6144,60,7,0.1530142871
2019-02-13,track_a_diversified,7322050.589,206972.6144,60,7,0.1533124774
2019-02-14,track_a_diversified,7438593.006,206972.6144,60,7,0.1528203102
2019-02-15,track_a_diversified,7496884.857,185862.8541,60,8,0.1589062383
2019-02-18,track_a_diversified,7810694.547,185862.8541,60,8,0.1589365245
2019-02-19,track_a_diversified,7881066.85,185862.8541,60,8,0.1578723126
2019-02-20,track_a_diversified,8009045.645,185862.8541,60,8,0.1605387687
2019-02-21,track_a_diversified,8118876.579,185862.8541,60,8,0.161605843
2019-02-22,track_a_diversified,8284419.402,142552.6064,60,8,0.1963662229
2019-02-25,track_a_diversified,8495881.139,142552.6064,60,8,0.1909671114
2019-02-26,track_a_diversified,8623857.771,142552.6064,60,8,0.2013068988
2019-02-27,track_a_diversified,8452243.603,142552.6064,60,8,0.1979921329
2019-02-28,track_a_diversified,8371117.488,142552.6064,60,8,0.1967077264
2019-03-01,track_a_diversified,8615737.648,136494.7462,60,8,0.1886169609
2019-03-04,track_a_diversified,8984165.611,136494.7462,60,8,0.1946308706
2019-03-05,track_a_diversified,9236726.64,136494.7462,60,8,0.1967139334
2019-03-06,track_a_diversified,9392102.726,136494.7462,60,8,0.1971490164
2019-03-07,track_a_diversified,9383565.411,136494.7462,60,8,0.195700077
2019-03-08,track_a_diversified,9318855.867,201.3247397,60,8,0.1997914637
2019-03-11,track_a_diversified,9561280.648,201.3247397,60,8,0.1982886485
2019-03-12,track_a_diversified,10014996.33,201.3247397,60,8,0.204889433
2019-03-13,track_a_diversified,9478541.132,201.3247397,60,8,0.1968240479
2019-03-14,track_a_diversified,9018917.165,201.3247397,60,8,0.1906646477
2019-03-15,track_a_diversified,9034453.984,-4.656612873e-10,60,6,0.2261729434
2019-03-18,track_a_diversified,9292486.453,-4.656612873e-10,60,6,0.2282779021
2019-03-19,track_a_diversified,9418358.341,-4.656612873e-10,60,6,0.2293611691
2019-03-20,track_a_diversified,9253969.949,-4.656612873e-10,60,6,0.2258868802
2019-03-21,track_a_diversified,9367245.304,-4.656612873e-10,60,6,0.2254188525
2019-03-22,track_a_diversified,9250402.742,39131.23661,60,8,0.1686964995
2019-03-25,track_a_diversified,9004682.158,39131.23661,60,8,0.1693534304
2019-03-26,track_a_diversified,8884006.379,39131.23661,60,8,0.17106653
2019-03-27,track_a_diversified,8843276.329,39131.23661,60,8,0.1711243671
2019-03-28,track_a_diversified,8663506.295,39131.23661,60,8,0.1720498437
2019-03-29,track_a_diversified,9082599.925,118918.8775,60,10,0.1124890019
2019-04-01,track_a_diversified,9562937.341,118918.8775,60,10,0.1130289627
2019-04-02,track_a_diversified,9553562.624,118918.8775,60,10,0.1131574347
2019-04-03,track_a_diversified,9641710.067,118918.8775,60,10,0.1130808298
2019-04-04,track_a_diversified,9797049.479,118918.8775,60,10,0.114186423
2019-04-08,track_a_diversified,9850993.829,172112.6939,59,11,0.09662405994
2019-04-09,track_a_diversified,9783573.499,172112.6939,59,11,0.09735809103
2019-04-10,track_a_diversified,9708894.619,172112.6939,59,11,0.09812818867
2019-04-11,track_a_diversified,9443845.768,172112.6939,59,11,0.09760182394
2019-04-12,track_a_diversified,9508427.001,172112.6939,59,11,0.09762611598
2019-04-15,track_a_diversified,9395866.479,99096.64411,60,10,0.1243120134
2019-04-16,track_a_diversified,9640647.033,99096.64411,60,10,0.1247876441
2019-04-17,track_a_diversified,9836234.35,195605.1068,59,9,0.1277793058
2019-04-18,track_a_diversified,9736478.501,195605.1068,59,9,0.1280046063
2019-04-19,track_a_diversified,9841446.948,195605.1068,59,9,0.128228145
2019-04-22,track_a_diversified,9714331.449,21020.35126,59,7,0.1699510472
