candidate_id,scope,market_view,denominator,predictor,response,estimate,observations
CO_MOVEMENT__OPPORTUNITY_COMPRESSION,coordinate_absolute,ALL_A,ALL_STATUS,correlation_median20,opportunity_spread_h3,-0.169947646735,1313
CO_MOVEMENT__OPPORTUNITY_COMPRESSION,coordinate_absolute,ALL_A,NON_ST,correlation_median20,opportunity_spread_h3,-0.164967485273,1313
CO_MOVEMENT__OPPORTUNITY_COMPRESSION,coordinate_absolute,CHINEXT_BOARD,ALL_STATUS,correlation_median20,opportunity_spread_h3,-0.208198641673,1313
CO_MOVEMENT__OPPORTUNITY_COMPRESSION,coordinate_absolute,CHINEXT_BOARD,NON_ST,correlation_median20,opportunity_spread_h3,-0.207274333604,1313
CO_MOVEMENT__OPPORTUNITY_COMPRESSION,coordinate_absolute,SH_A,ALL_STATUS,correlation_median20,opportunity_spread_h3,-0.218166964349,1313
CO_MOVEMENT__OPPORTUNITY_COMPRESSION,coordinate_absolute,SH_A,NON_ST,correlation_median20,opportunity_spread_h3,-0.219510806166,1313
CO_MOVEMENT__OPPORTUNITY_COMPRESSION,coordinate_absolute,SZ_A,ALL_STATUS,correlation_median20,opportunity_spread_h3,-0.146662434273,1313
CO_MOVEMENT__OPPORTUNITY_COMPRESSION,coordinate_absolute,SZ_A,NON_ST,correlation_median20,opportunity_spread_h3,-0.137016110919,1313
CO_MOVEMENT__OPPORTUNITY_COMPRESSION,coordinate_pit_3y,ALL_A,ALL_STATUS,correlation_median20_pit_3y_pct,opportunity_spread_h3,-0.35187293234,810
CO_MOVEMENT__OPPORTUNITY_COMPRESSION,coordinate_pit_3y,ALL_A,NON_ST,correlation_median20_pit_3y_pct,opportunity_spread_h3,-0.34033519434,810
CO_MOVEMENT__OPPORTUNITY_COMPRESSION,coordinate_pit_3y,CHINEXT_BOARD,ALL_STATUS,correlation_median20_pit_3y_pct,opportunity_spread_h3,-0.461170572182,810
CO_MOVEMENT__OPPORTUNITY_COMPRESSION,coordinate_pit_3y,CHINEXT_BOARD,NON_ST,correlation_median20_pit_3y_pct,opportunity_spread_h3,-0.459957524872,810
CO_MOVEMENT__OPPORTUNITY_COMPRESSION,coordinate_pit_3y,SH_A,ALL_STATUS,correlation_median20_pit_3y_pct,opportunity_spread_h3,-0.295699132172,810
CO_MOVEMENT__OPPORTUNITY_COMPRESSION,coordinate_pit_3y,SH_A,NON_ST,correlation_median20_pit_3y_pct,opportunity_spread_h3,-0.288672591082,810
CO_MOVEMENT__OPPORTUNITY_COMPRESSION,coordinate_pit_3y,SZ_A,ALL_STATUS,correlation_median20_pit_3y_pct,opportunity_spread_h3,-0.376992761779,810
CO_MOVEMENT__OPPORTUNITY_COMPRESSION,coordinate_pit_3y,SZ_A,NON_ST,correlation_median20_pit_3y_pct,opportunity_spread_h3,-0.36336437598,810
CO_MOVEMENT__OPPORTUNITY_COMPRESSION,coordinate_pit_expanding,ALL_A,ALL_STATUS,correlation_median20_pit_expanding_pct,opportunity_spread_h3,-0.273753392308,810
CO_MOVEMENT__OPPORTUNITY_COMPRESSION,coordinate_pit_expanding,ALL_A,NON_ST,correlation_median20_pit_expanding_pct,opportunity_spread_h3,-0.261337424977,810
CO_MOVEMENT__OPPORTUNITY_COMPRESSION,coordinate_pit_expanding,CHINEXT_BOARD,ALL_STATUS,correlation_median20_pit_expanding_pct,opportunity_spread_h3,-0.380764126461,810
CO_MOVEMENT__OPPORTUNITY_COMPRESSION,coordinate_pit_expanding,CHINEXT_BOARD,NON_ST,correlation_median20_pit_expanding_pct,opportunity_spread_h3,-0.379846629283,810
CO_MOVEMENT__OPPORTUNITY_COMPRESSION,coordinate_pit_expanding,SH_A,ALL_STATUS,correlation_median20_pit_expanding_pct,opportunity_spread_h3,-0.226998728421,810
CO_MOVEMENT__OPPORTUNITY_COMPRESSION,coordinate_pit_expanding,SH_A,NON_ST,correlation_median20_pit_expanding_pct,opportunity_spread_h3,-0.219003505602,810
CO_MOVEMENT__OPPORTUNITY_COMPRESSION,coordinate_pit_expanding,SZ_A,ALL_STATUS,correlation_median20_pit_expanding_pct,opportunity_spread_h3,-0.297803316984,810
CO_MOVEMENT__OPPORTUNITY_COMPRESSION,coordinate_pit_expanding,SZ_A,NON_ST,correlation_median20_pit_expanding_pct,opportunity_spread_h3,-0.281187318558,810
CO_MOVEMENT__OPPORTUNITY_COMPRESSION,neighbor_definition,ALL_A,ALL_STATUS,correlation_median10,opportunity_spread_h3,-0.159175701397,1323
CO_MOVEMENT__OPPORTUNITY_COMPRESSION,neighbor_definition,ALL_A,ALL_STATUS,correlation_median40,opportunity_spread_h3,-0.191699023338,1293
CO_MOVEMENT__OPPORTUNITY_COMPRESSION,neighbor_definition,ALL_A,NON_ST,correlation_median10,opportunity_spread_h3,-0.154392121138,1323
CO_MOVEMENT__OPPORTUNITY_COMPRESSION,neighbor_definition,ALL_A,NON_ST,correlation_median40,opportunity_spread_h3,-0.187469134701,1293
CO_MOVEMENT__OPPORTUNITY_COMPRESSION,neighbor_definition,CHINEXT_BOARD,ALL_STATUS,correlation_median10,opportunity_spread_h3,-0.185098482507,1323
CO_MOVEMENT__OPPORTUNITY_COMPRESSION,neighbor_definition,CHINEXT_BOARD,ALL_STATUS,correlation_median40,opportunity_spread_h3,-0.217558005556,1293
CO_MOVEMENT__OPPORTUNITY_COMPRESSION,neighbor_definition,CHINEXT_BOARD,NON_ST,correlation_median10,opportunity_spread_h3,-0.183342735134,1323
CO_MOVEMENT__OPPORTUNITY_COMPRESSION,neighbor_definition,CHINEXT_BOARD,NON_ST,correlation_median40,opportunity_spread_h3,-0.215783973567,1293
CO_MOVEMENT__OPPORTUNITY_COMPRESSION,neighbor_definition,SH_A,ALL_STATUS,correlation_median10,opportunity_spread_h3,-0.204715791733,1323
CO_MOVEMENT__OPPORTUNITY_COMPRESSION,neighbor_definition,SH_A,ALL_STATUS,correlation_median40,opportunity_spread_h3,-0.251097727986,1293
CO_MOVEMENT__OPPORTUNITY_COMPRESSION,neighbor_definition,SH_A,NON_ST,correlation_median10,opportunity_spread_h3,-0.206700637727,1323
CO_MOVEMENT__OPPORTUNITY_COMPRESSION,neighbor_definition,SH_A,NON_ST,correlation_median40,opportunity_spread_h3,-0.252631882042,1293
CO_MOVEMENT__OPPORTUNITY_COMPRESSION,neighbor_definition,SZ_A,ALL_STATUS,correlation_median10,opportunity_spread_h3,-0.138550347871,1323
CO_MOVEMENT__OPPORTUNITY_COMPRESSION,neighbor_definition,SZ_A,ALL_STATUS,correlation_median40,opportunity_spread_h3,-0.160775453659,1293
CO_MOVEMENT__OPPORTUNITY_COMPRESSION,neighbor_definition,SZ_A,NON_ST,correlation_median10,opportunity_spread_h3,-0.129998994371,1323
CO_MOVEMENT__OPPORTUNITY_COMPRESSION,neighbor_definition,SZ_A,NON_ST,correlation_median40,opportunity_spread_h3,-0.153888327929,1293
CO_MOVEMENT__OPPORTUNITY_COMPRESSION,pit_year_2020,ALL_A,ALL_STATUS,correlation_median20_pit_3y_pct,opportunity_spread_h3,-0.341094008665,88
CO_MOVEMENT__OPPORTUNITY_COMPRESSION,pit_year_2020,ALL_A,NON_ST,correlation_median20_pit_3y_pct,opportunity_spread_h3,-0.32328907048,88
CO_MOVEMENT__OPPORTUNITY_COMPRESSION,pit_year_2020,CHINEXT_BOARD,ALL_STATUS,correlation_median20_pit_3y_pct,opportunity_spread_h3,0.276319960551,88
CO_MOVEMENT__OPPORTUNITY_COMPRESSION,pit_year_2020,CHINEXT_BOARD,NON_ST,correlation_median20_pit_3y_pct,opportunity_spread_h3,0.271089429749,88
CO_MOVEMENT__OPPORTUNITY_COMPRESSION,pit_year_2020,SH_A,ALL_STATUS,correlation_median20_pit_3y_pct,opportunity_spread_h3,-0.581434257335,88
CO_MOVEMENT__OPPORTUNITY_COMPRESSION,pit_year_2020,SH_A,NON_ST,correlation_median20_pit_3y_pct,opportunity_spread_h3,-0.557729562185,88
CO_MOVEMENT__OPPORTUNITY_COMPRESSION,pit_year_2020,SZ_A,ALL_STATUS,correlation_median20_pit_3y_pct,opportunity_spread_h3,-0.115846571096,88
CO_MOVEMENT__OPPORTUNITY_COMPRESSION,pit_year_2020,SZ_A,NON_ST,correlation_median20_pit_3y_pct,opportunity_spread_h3,-0.0861188404776,88
CO_MOVEMENT__OPPORTUNITY_COMPRESSION,pit_year_2021,ALL_A,ALL_STATUS,correlation_median20_pit_3y_pct,opportunity_spread_h3,0.105850651455,243
CO_MOVEMENT__OPPORTUNITY_COMPRESSION,pit_year_2021,ALL_A,NON_ST,correlation_median20_pit_3y_pct,opportunity_spread_h3,0.132137426303,243
CO_MOVEMENT__OPPORTUNITY_COMPRESSION,pit_year_2021,CHINEXT_BOARD,ALL_STATUS,correlation_median20_pit_3y_pct,opportunity_spread_h3,0.077907616139,243
CO_MOVEMENT__OPPORTUNITY_COMPRESSION,pit_year_2021,CHINEXT_BOARD,NON_ST,correlation_median20_pit_3y_pct,opportunity_spread_h3,0.0898572323433,243
CO_MOVEMENT__OPPORTUNITY_COMPRESSION,pit_year_2021,SH_A,ALL_STATUS,correlation_median20_pit_3y_pct,opportunity_spread_h3,0.0985746845363,243
CO_MOVEMENT__OPPORTUNITY_COMPRESSION,pit_year_2021,SH_A,NON_ST,correlation_median20_pit_3y_pct,opportunity_spread_h3,0.125995166916,243
CO_MOVEMENT__OPPORTUNITY_COMPRESSION,pit_year_2021,SZ_A,ALL_STATUS,correlation_median20_pit_3y_pct,opportunity_spread_h3,0.0885668509287,243
CO_MOVEMENT__OPPORTUNITY_COMPRESSION,pit_year_2021,SZ_A,NON_ST,correlation_median20_pit_3y_pct,opportunity_spread_h3,0.122541955999,243
CO_MOVEMENT__OPPORTUNITY_COMPRESSION,pit_year_2022,ALL_A,ALL_STATUS,correlation_median20_pit_3y_pct,opportunity_spread_h3,0.0827847703183,242
CO_MOVEMENT__OPPORTUNITY_COMPRESSION,pit_year_2022,ALL_A,NON_ST,correlation_median20_pit_3y_pct,opportunity_spread_h3,0.0821069040558,242
CO_MOVEMENT__OPPORTUNITY_COMPRESSION,pit_year_2022,CHINEXT_BOARD,ALL_STATUS,correlation_median20_pit_3y_pct,opportunity_spread_h3,-0.0850519357662,242
CO_MOVEMENT__OPPORTUNITY_COMPRESSION,pit_year_2022,CHINEXT_BOARD,NON_ST,correlation_median20_pit_3y_pct,opportunity_spread_h3,-0.0810486279333,242
CO_MOVEMENT__OPPORTUNITY_COMPRESSION,pit_year_2022,SH_A,ALL_STATUS,correlation_median20_pit_3y_pct,opportunity_spread_h3,0.145028113767,242
CO_MOVEMENT__OPPORTUNITY_COMPRESSION,pit_year_2022,SH_A,NON_ST,correlation_median20_pit_3y_pct,opportunity_spread_h3,0.146666579183,242
CO_MOVEMENT__OPPORTUNITY_COMPRESSION,pit_year_2022,SZ_A,ALL_STATUS,correlation_median20_pit_3y_pct,opportunity_spread_h3,0.0285122837708,242
CO_MOVEMENT__OPPORTUNITY_COMPRESSION,pit_year_2022,SZ_A,NON_ST,correlation_median20_pit_3y_pct,opportunity_spread_h3,0.0326590834313,242
CO_MOVEMENT__OPPORTUNITY_COMPRESSION,pit_year_2023,ALL_A,ALL_STATUS,correlation_median20_pit_3y_pct,opportunity_spread_h3,-0.340026345382,237
CO_MOVEMENT__OPPORTUNITY_COMPRESSION,pit_year_2023,ALL_A,NON_ST,correlation_median20_pit_3y_pct,opportunity_spread_h3,-0.347878293455,237
CO_MOVEMENT__OPPORTUNITY_COMPRESSION,pit_year_2023,CHINEXT_BOARD,ALL_STATUS,correlation_median20_pit_3y_pct,opportunity_spread_h3,-0.475934674366,237
CO_MOVEMENT__OPPORTUNITY_COMPRESSION,pit_year_2023,CHINEXT_BOARD,NON_ST,correlation_median20_pit_3y_pct,opportunity_spread_h3,-0.476946140613,237
CO_MOVEMENT__OPPORTUNITY_COMPRESSION,pit_year_2023,SH_A,ALL_STATUS,correlation_median20_pit_3y_pct,opportunity_spread_h3,-0.348699928567,237
CO_MOVEMENT__OPPORTUNITY_COMPRESSION,pit_year_2023,SH_A,NON_ST,correlation_median20_pit_3y_pct,opportunity_spread_h3,-0.358603751413,237
CO_MOVEMENT__OPPORTUNITY_COMPRESSION,pit_year_2023,SZ_A,ALL_STATUS,correlation_median20_pit_3y_pct,opportunity_spread_h3,-0.336309667364,237
CO_MOVEMENT__OPPORTUNITY_COMPRESSION,pit_year_2023,SZ_A,NON_ST,correlation_median20_pit_3y_pct,opportunity_spread_h3,-0.341826704773,237
DOWNSIDE_EXTREMES__FIVE_DAY_REVERSAL,coordinate_absolute,ALL_A,ALL_STATUS,downside_extreme_participation_70,terminal_mean_log_return_h5,0.091478827969,1332
DOWNSIDE_EXTREMES__FIVE_DAY_REVERSAL,coordinate_absolute,ALL_A,NON_ST,downside_extreme_participation_70,terminal_mean_log_return_h5,0.0854793657953,1332
DOWNSIDE_EXTREMES__FIVE_DAY_REVERSAL,coordinate_absolute,CHINEXT_BOARD,ALL_STATUS,downside_extreme_participation_70,terminal_mean_log_return_h5,0.0694920590304,1331
DOWNSIDE_EXTREMES__FIVE_DAY_REVERSAL,coordinate_absolute,CHINEXT_BOARD,NON_ST,downside_extreme_participation_70,terminal_mean_log_return_h5,0.0658825492736,1332
DOWNSIDE_EXTREMES__FIVE_DAY_REVERSAL,coordinate_absolute,SH_A,ALL_STATUS,downside_extreme_participation_70,terminal_mean_log_return_h5,0.0777963256052,1332
DOWNSIDE_EXTREMES__FIVE_DAY_REVERSAL,coordinate_absolute,SH_A,NON_ST,downside_extreme_participation_70,terminal_mean_log_return_h5,0.0719244372059,1332
DOWNSIDE_EXTREMES__FIVE_DAY_REVERSAL,coordinate_absolute,SZ_A,ALL_STATUS,downside_extreme_participation_70,terminal_mean_log_return_h5,0.0967788817158,1332
DOWNSIDE_EXTREMES__FIVE_DAY_REVERSAL,coordinate_absolute,SZ_A,NON_ST,downside_extreme_participation_70,terminal_mean_log_return_h5,0.0908649368111,1332
DOWNSIDE_EXTREMES__FIVE_DAY_REVERSAL,coordinate_pit_3y,ALL_A,ALL_STATUS,downside_extreme_participation_70_pit_3y_pct,terminal_mean_log_return_h5,0.102991612541,829
DOWNSIDE_EXTREMES__FIVE_DAY_REVERSAL,coordinate_pit_3y,ALL_A,NON_ST,downside_extreme_participation_70_pit_3y_pct,terminal_mean_log_return_h5,0.0972832949277,829
DOWNSIDE_EXTREMES__FIVE_DAY_REVERSAL,coordinate_pit_3y,CHINEXT_BOARD,ALL_STATUS,downside_extreme_participation_70_pit_3y_pct,terminal_mean_log_return_h5,0.0853681374872,828
DOWNSIDE_EXTREMES__FIVE_DAY_REVERSAL,coordinate_pit_3y,CHINEXT_BOARD,NON_ST,downside_extreme_participation_70_pit_3y_pct,terminal_mean_log_return_h5,0.0518984341434,829
DOWNSIDE_EXTREMES__FIVE_DAY_REVERSAL,coordinate_pit_3y,SH_A,ALL_STATUS,downside_extreme_participation_70_pit_3y_pct,terminal_mean_log_return_h5,0.0634882079638,829
DOWNSIDE_EXTREMES__FIVE_DAY_REVERSAL,coordinate_pit_3y,SH_A,NON_ST,downside_extreme_participation_70_pit_3y_pct,terminal_mean_log_return_h5,0.0591824178912,829
DOWNSIDE_EXTREMES__FIVE_DAY_REVERSAL,coordinate_pit_3y,SZ_A,ALL_STATUS,downside_extreme_participation_70_pit_3y_pct,terminal_mean_log_return_h5,0.126694593902,829
DOWNSIDE_EXTREMES__FIVE_DAY_REVERSAL,coordinate_pit_3y,SZ_A,NON_ST,downside_extreme_participation_70_pit_3y_pct,terminal_mean_log_return_h5,0.123826009552,829
DOWNSIDE_EXTREMES__FIVE_DAY_REVERSAL,coordinate_pit_expanding,ALL_A,ALL_STATUS,downside_extreme_participation_70_pit_expanding_pct,terminal_mean_log_return_h5,0.105504453991,829
DOWNSIDE_EXTREMES__FIVE_DAY_REVERSAL,coordinate_pit_expanding,ALL_A,NON_ST,downside_extreme_participation_70_pit_expanding_pct,terminal_mean_log_return_h5,0.0976988564738,829
DOWNSIDE_EXTREMES__FIVE_DAY_REVERSAL,coordinate_pit_expanding,CHINEXT_BOARD,ALL_STATUS,downside_extreme_participation_70_pit_expanding_pct,terminal_mean_log_return_h5,0.0816928865143,828
DOWNSIDE_EXTREMES__FIVE_DAY_REVERSAL,coordinate_pit_expanding,CHINEXT_BOARD,NON_ST,downside_extreme_participation_70_pit_expanding_pct,terminal_mean_log_return_h5,0.0614776934349,829
DOWNSIDE_EXTREMES__FIVE_DAY_REVERSAL,coordinate_pit_expanding,SH_A,ALL_STATUS,downside_extreme_participation_70_pit_expanding_pct,terminal_mean_log_return_h5,0.0664899808311,829
DOWNSIDE_EXTREMES__FIVE_DAY_REVERSAL,coordinate_pit_expanding,SH_A,NON_ST,downside_extreme_participation_70_pit_expanding_pct,terminal_mean_log_return_h5,0.0601885175368,829
DOWNSIDE_EXTREMES__FIVE_DAY_REVERSAL,coordinate_pit_expanding,SZ_A,ALL_STATUS,downside_extreme_participation_70_pit_expanding_pct,terminal_mean_log_return_h5,0.127727885955,829
DOWNSIDE_EXTREMES__FIVE_DAY_REVERSAL,coordinate_pit_expanding,SZ_A,NON_ST,downside_extreme_participation_70_pit_expanding_pct,terminal_mean_log_return_h5,0.121812250954,829
DOWNSIDE_EXTREMES__FIVE_DAY_REVERSAL,neighbor_definition,ALL_A,ALL_STATUS,downside_extreme_participation_50,terminal_mean_log_return_h5,0.0734996842667,1332
DOWNSIDE_EXTREMES__FIVE_DAY_REVERSAL,neighbor_definition,ALL_A,ALL_STATUS,downside_extreme_participation_90,terminal_mean_log_return_h5,0.0952930741832,1332
DOWNSIDE_EXTREMES__FIVE_DAY_REVERSAL,neighbor_definition,ALL_A,NON_ST,downside_extreme_participation_50,terminal_mean_log_return_h5,0.0731843075214,1332
DOWNSIDE_EXTREMES__FIVE_DAY_REVERSAL,neighbor_definition,ALL_A,NON_ST,downside_extreme_participation_90,terminal_mean_log_return_h5,0.0884606780125,1332
DOWNSIDE_EXTREMES__FIVE_DAY_REVERSAL,neighbor_definition,CHINEXT_BOARD,ALL_STATUS,downside_extreme_participation_50,terminal_mean_log_return_h5,0.0613741293574,1331
DOWNSIDE_EXTREMES__FIVE_DAY_REVERSAL,neighbor_definition,CHINEXT_BOARD,ALL_STATUS,downside_extreme_participation_90,terminal_mean_log_return_h5,0.0689038383015,1331
DOWNSIDE_EXTREMES__FIVE_DAY_REVERSAL,neighbor_definition,CHINEXT_BOARD,NON_ST,downside_extreme_participation_50,terminal_mean_log_return_h5,0.0618312990458,1332
DOWNSIDE_EXTREMES__FIVE_DAY_REVERSAL,neighbor_definition,CHINEXT_BOARD,NON_ST,downside_extreme_participation_90,terminal_mean_log_return_h5,0.0588076862112,1332
DOWNSIDE_EXTREMES__FIVE_DAY_REVERSAL,neighbor_definition,SH_A,ALL_STATUS,downside_extreme_participation_50,terminal_mean_log_return_h5,0.0613701959913,1332
DOWNSIDE_EXTREMES__FIVE_DAY_REVERSAL,neighbor_definition,SH_A,ALL_STATUS,downside_extreme_participation_90,terminal_mean_log_return_h5,0.0740303067243,1332
DOWNSIDE_EXTREMES__FIVE_DAY_REVERSAL,neighbor_definition,SH_A,NON_ST,downside_extreme_participation_50,terminal_mean_log_return_h5,0.0584406474965,1332
DOWNSIDE_EXTREMES__FIVE_DAY_REVERSAL,neighbor_definition,SH_A,NON_ST,downside_extreme_participation_90,terminal_mean_log_return_h5,0.0712523103342,1332
DOWNSIDE_EXTREMES__FIVE_DAY_REVERSAL,neighbor_definition,SZ_A,ALL_STATUS,downside_extreme_participation_50,terminal_mean_log_return_h5,0.0780785438638,1332
DOWNSIDE_EXTREMES__FIVE_DAY_REVERSAL,neighbor_definition,SZ_A,ALL_STATUS,downside_extreme_participation_90,terminal_mean_log_return_h5,0.0986764321102,1332
DOWNSIDE_EXTREMES__FIVE_DAY_REVERSAL,neighbor_definition,SZ_A,NON_ST,downside_extreme_participation_50,terminal_mean_log_return_h5,0.0803614724116,1332
DOWNSIDE_EXTREMES__FIVE_DAY_REVERSAL,neighbor_definition,SZ_A,NON_ST,downside_extreme_participation_90,terminal_mean_log_return_h5,0.0850175843725,1332
DOWNSIDE_EXTREMES__FIVE_DAY_REVERSAL,pit_year_2020,ALL_A,ALL_STATUS,downside_extreme_participation_70_pit_3y_pct,terminal_mean_log_return_h5,0.269284272811,107
DOWNSIDE_EXTREMES__FIVE_DAY_REVERSAL,pit_year_2020,ALL_A,NON_ST,downside_extreme_participation_70_pit_3y_pct,terminal_mean_log_return_h5,0.26327906111,107
DOWNSIDE_EXTREMES__FIVE_DAY_REVERSAL,pit_year_2020,CHINEXT_BOARD,ALL_STATUS,downside_extreme_participation_70_pit_3y_pct,terminal_mean_log_return_h5,0.0760986696448,107
DOWNSIDE_EXTREMES__FIVE_DAY_REVERSAL,pit_year_2020,CHINEXT_BOARD,NON_ST,downside_extreme_participation_70_pit_3y_pct,terminal_mean_log_return_h5,0.0796645702306,107
DOWNSIDE_EXTREMES__FIVE_DAY_REVERSAL,pit_year_2020,SH_A,ALL_STATUS,downside_extreme_participation_70_pit_3y_pct,terminal_mean_log_return_h5,0.277934520661,107
DOWNSIDE_EXTREMES__FIVE_DAY_REVERSAL,pit_year_2020,SH_A,NON_ST,downside_extreme_participation_70_pit_3y_pct,terminal_mean_log_return_h5,0.299604224221,107
DOWNSIDE_EXTREMES__FIVE_DAY_REVERSAL,pit_year_2020,SZ_A,ALL_STATUS,downside_extreme_participation_70_pit_3y_pct,terminal_mean_log_return_h5,0.244391543721,107
DOWNSIDE_EXTREMES__FIVE_DAY_REVERSAL,pit_year_2020,SZ_A,NON_ST,downside_extreme_participation_70_pit_3y_pct,terminal_mean_log_return_h5,0.210319559552,107
DOWNSIDE_EXTREMES__FIVE_DAY_REVERSAL,pit_year_2021,ALL_A,ALL_STATUS,downside_extreme_participation_70_pit_3y_pct,terminal_mean_log_return_h5,0.0892709182065,243
DOWNSIDE_EXTREMES__FIVE_DAY_REVERSAL,pit_year_2021,ALL_A,NON_ST,downside_extreme_participation_70_pit_3y_pct,terminal_mean_log_return_h5,0.0751344172583,243
DOWNSIDE_EXTREMES__FIVE_DAY_REVERSAL,pit_year_2021,CHINEXT_BOARD,ALL_STATUS,downside_extreme_participation_70_pit_3y_pct,terminal_mean_log_return_h5,0.081452885241,242
DOWNSIDE_EXTREMES__FIVE_DAY_REVERSAL,pit_year_2021,CHINEXT_BOARD,NON_ST,downside_extreme_participation_70_pit_3y_pct,terminal_mean_log_return_h5,0.091739670408,243
DOWNSIDE_EXTREMES__FIVE_DAY_REVERSAL,pit_year_2021,SH_A,ALL_STATUS,downside_extreme_participation_70_pit_3y_pct,terminal_mean_log_return_h5,0.0431468610716,243
DOWNSIDE_EXTREMES__FIVE_DAY_REVERSAL,pit_year_2021,SH_A,NON_ST,downside_extreme_participation_70_pit_3y_pct,terminal_mean_log_return_h5,0.0450503850519,243
DOWNSIDE_EXTREMES__FIVE_DAY_REVERSAL,pit_year_2021,SZ_A,ALL_STATUS,downside_extreme_participation_70_pit_3y_pct,terminal_mean_log_return_h5,0.112411679526,243
DOWNSIDE_EXTREMES__FIVE_DAY_REVERSAL,pit_year_2021,SZ_A,NON_ST,downside_extreme_participation_70_pit_3y_pct,terminal_mean_log_return_h5,0.0896397162199,243
DOWNSIDE_EXTREMES__FIVE_DAY_REVERSAL,pit_year_2022,ALL_A,ALL_STATUS,downside_extreme_participation_70_pit_3y_pct,terminal_mean_log_return_h5,0.0133509002712,242
DOWNSIDE_EXTREMES__FIVE_DAY_REVERSAL,pit_year_2022,ALL_A,NON_ST,downside_extreme_participation_70_pit_3y_pct,terminal_mean_log_return_h5,0.0154355366629,242
DOWNSIDE_EXTREMES__FIVE_DAY_REVERSAL,pit_year_2022,CHINEXT_BOARD,ALL_STATUS,downside_extreme_participation_70_pit_3y_pct,terminal_mean_log_return_h5,0.0717176156501,242
DOWNSIDE_EXTREMES__FIVE_DAY_REVERSAL,pit_year_2022,CHINEXT_BOARD,NON_ST,downside_extreme_participation_70_pit_3y_pct,terminal_mean_log_return_h5,-0.0160075056591,242
DOWNSIDE_EXTREMES__FIVE_DAY_REVERSAL,pit_year_2022,SH_A,ALL_STATUS,downside_extreme_participation_70_pit_3y_pct,terminal_mean_log_return_h5,0.0118213178316,242
DOWNSIDE_EXTREMES__FIVE_DAY_REVERSAL,pit_year_2022,SH_A,NON_ST,downside_extreme_participation_70_pit_3y_pct,terminal_mean_log_return_h5,0.00432131406589,242
DOWNSIDE_EXTREMES__FIVE_DAY_REVERSAL,pit_year_2022,SZ_A,ALL_STATUS,downside_extreme_participation_70_pit_3y_pct,terminal_mean_log_return_h5,0.014601163802,242
DOWNSIDE_EXTREMES__FIVE_DAY_REVERSAL,pit_year_2022,SZ_A,NON_ST,downside_extreme_participation_70_pit_3y_pct,terminal_mean_log_return_h5,0.0269647917943,242
DOWNSIDE_EXTREMES__FIVE_DAY_REVERSAL,pit_year_2023,ALL_A,ALL_STATUS,downside_extreme_participation_70_pit_3y_pct,terminal_mean_log_return_h5,0.191547372242,237
DOWNSIDE_EXTREMES__FIVE_DAY_REVERSAL,pit_year_2023,ALL_A,NON_ST,downside_extreme_participation_70_pit_3y_pct,terminal_mean_log_return_h5,0.178227546232,237
DOWNSIDE_EXTREMES__FIVE_DAY_REVERSAL,pit_year_2023,CHINEXT_BOARD,ALL_STATUS,downside_extreme_participation_70_pit_3y_pct,terminal_mean_log_return_h5,0.0230305306828,237
DOWNSIDE_EXTREMES__FIVE_DAY_REVERSAL,pit_year_2023,CHINEXT_BOARD,NON_ST,downside_extreme_participation_70_pit_3y_pct,terminal_mean_log_return_h5,0.0179812020663,237
DOWNSIDE_EXTREMES__FIVE_DAY_REVERSAL,pit_year_2023,SH_A,ALL_STATUS,downside_extreme_participation_70_pit_3y_pct,terminal_mean_log_return_h5,0.0389662811458,237
DOWNSIDE_EXTREMES__FIVE_DAY_REVERSAL,pit_year_2023,SH_A,NON_ST,downside_extreme_participation_70_pit_3y_pct,terminal_mean_log_return_h5,0.0283923097085,237
DOWNSIDE_EXTREMES__FIVE_DAY_REVERSAL,pit_year_2023,SZ_A,ALL_STATUS,downside_extreme_participation_70_pit_3y_pct,terminal_mean_log_return_h5,0.293710908359,237
DOWNSIDE_EXTREMES__FIVE_DAY_REVERSAL,pit_year_2023,SZ_A,NON_ST,downside_extreme_participation_70_pit_3y_pct,terminal_mean_log_return_h5,0.288797312867,237
LEADERSHIP_CONCENTRATION__FRAGILITY,coordinate_absolute,ALL_A,ALL_STATUS,leadership_positive_mass_top10,adverse_mean_log_excursion_h3,-0.0620339365842,1332
LEADERSHIP_CONCENTRATION__FRAGILITY,coordinate_absolute,ALL_A,NON_ST,leadership_positive_mass_top10,adverse_mean_log_excursion_h3,-0.061170001535,1332
LEADERSHIP_CONCENTRATION__FRAGILITY,coordinate_absolute,CHINEXT_BOARD,ALL_STATUS,leadership_positive_mass_top10,adverse_mean_log_excursion_h3,-0.0620183671711,1332
LEADERSHIP_CONCENTRATION__FRAGILITY,coordinate_absolute,CHINEXT_BOARD,NON_ST,leadership_positive_mass_top10,adverse_mean_log_excursion_h3,-0.0621982956064,1332
LEADERSHIP_CONCENTRATION__FRAGILITY,coordinate_absolute,SH_A,ALL_STATUS,leadership_positive_mass_top10,adverse_mean_log_excursion_h3,-0.044253221354,1332
LEADERSHIP_CONCENTRATION__FRAGILITY,coordinate_absolute,SH_A,NON_ST,leadership_positive_mass_top10,adverse_mean_log_excursion_h3,-0.0429649835137,1332
LEADERSHIP_CONCENTRATION__FRAGILITY,coordinate_absolute,SZ_A,ALL_STATUS,leadership_positive_mass_top10,adverse_mean_log_excursion_h3,-0.0693386017833,1332
LEADERSHIP_CONCENTRATION__FRAGILITY,coordinate_absolute,SZ_A,NON_ST,leadership_positive_mass_top10,adverse_mean_log_excursion_h3,-0.0675854593594,1332
LEADERSHIP_CONCENTRATION__FRAGILITY,coordinate_pit_3y,ALL_A,ALL_STATUS,leadership_positive_mass_top10_pit_3y_pct,adverse_mean_log_excursion_h3,-0.118164930873,829
LEADERSHIP_CONCENTRATION__FRAGILITY,coordinate_pit_3y,ALL_A,NON_ST,leadership_positive_mass_top10_pit_3y_pct,adverse_mean_log_excursion_h3,-0.117579969647,829
LEADERSHIP_CONCENTRATION__FRAGILITY,coordinate_pit_3y,CHINEXT_BOARD,ALL_STATUS,leadership_positive_mass_top10_pit_3y_pct,adverse_mean_log_excursion_h3,-0.11809645094,829
LEADERSHIP_CONCENTRATION__FRAGILITY,coordinate_pit_3y,CHINEXT_BOARD,NON_ST,leadership_positive_mass_top10_pit_3y_pct,adverse_mean_log_excursion_h3,-0.118766624749,829
LEADERSHIP_CONCENTRATION__FRAGILITY,coordinate_pit_3y,SH_A,ALL_STATUS,leadership_positive_mass_top10_pit_3y_pct,adverse_mean_log_excursion_h3,-0.0952868133061,829
LEADERSHIP_CONCENTRATION__FRAGILITY,coordinate_pit_3y,SH_A,NON_ST,leadership_positive_mass_top10_pit_3y_pct,adverse_mean_log_excursion_h3,-0.0948841019736,829
LEADERSHIP_CONCENTRATION__FRAGILITY,coordinate_pit_3y,SZ_A,ALL_STATUS,leadership_positive_mass_top10_pit_3y_pct,adverse_mean_log_excursion_h3,-0.123339980673,829
LEADERSHIP_CONCENTRATION__FRAGILITY,coordinate_pit_3y,SZ_A,NON_ST,leadership_positive_mass_top10_pit_3y_pct,adverse_mean_log_excursion_h3,-0.121837672826,829
LEADERSHIP_CONCENTRATION__FRAGILITY,coordinate_pit_expanding,ALL_A,ALL_STATUS,leadership_positive_mass_top10_pit_expanding_pct,adverse_mean_log_excursion_h3,-0.119361150685,829
LEADERSHIP_CONCENTRATION__FRAGILITY,coordinate_pit_expanding,ALL_A,NON_ST,leadership_positive_mass_top10_pit_expanding_pct,adverse_mean_log_excursion_h3,-0.118310323548,829
LEADERSHIP_CONCENTRATION__FRAGILITY,coordinate_pit_expanding,CHINEXT_BOARD,ALL_STATUS,leadership_positive_mass_top10_pit_expanding_pct,adverse_mean_log_excursion_h3,-0.114085146072,829
LEADERSHIP_CONCENTRATION__FRAGILITY,coordinate_pit_expanding,CHINEXT_BOARD,NON_ST,leadership_positive_mass_top10_pit_expanding_pct,adverse_mean_log_excursion_h3,-0.114761169368,829
LEADERSHIP_CONCENTRATION__FRAGILITY,coordinate_pit_expanding,SH_A,ALL_STATUS,leadership_positive_mass_top10_pit_expanding_pct,adverse_mean_log_excursion_h3,-0.0967366186833,829
LEADERSHIP_CONCENTRATION__FRAGILITY,coordinate_pit_expanding,SH_A,NON_ST,leadership_positive_mass_top10_pit_expanding_pct,adverse_mean_log_excursion_h3,-0.0961198446491,829
LEADERSHIP_CONCENTRATION__FRAGILITY,coordinate_pit_expanding,SZ_A,ALL_STATUS,leadership_positive_mass_top10_pit_expanding_pct,adverse_mean_log_excursion_h3,-0.122613052107,829
LEADERSHIP_CONCENTRATION__FRAGILITY,coordinate_pit_expanding,SZ_A,NON_ST,leadership_positive_mass_top10_pit_expanding_pct,adverse_mean_log_excursion_h3,-0.121253600776,829
LEADERSHIP_CONCENTRATION__FRAGILITY,neighbor_definition,ALL_A,ALL_STATUS,leadership_positive_mass_top5,adverse_mean_log_excursion_h3,-0.0648950590238,1332
LEADERSHIP_CONCENTRATION__FRAGILITY,neighbor_definition,ALL_A,ALL_STATUS,leadership_positive_mass_top20,adverse_mean_log_excursion_h3,-0.0590754428617,1332
LEADERSHIP_CONCENTRATION__FRAGILITY,neighbor_definition,ALL_A,NON_ST,leadership_positive_mass_top5,adverse_mean_log_excursion_h3,-0.0640514769584,1332
LEADERSHIP_CONCENTRATION__FRAGILITY,neighbor_definition,ALL_A,NON_ST,leadership_positive_mass_top20,adverse_mean_log_excursion_h3,-0.058288364501,1332
LEADERSHIP_CONCENTRATION__FRAGILITY,neighbor_definition,CHINEXT_BOARD,ALL_STATUS,leadership_positive_mass_top5,adverse_mean_log_excursion_h3,-0.0678633347342,1332
LEADERSHIP_CONCENTRATION__FRAGILITY,neighbor_definition,CHINEXT_BOARD,ALL_STATUS,leadership_positive_mass_top20,adverse_mean_log_excursion_h3,-0.0610610945998,1332
LEADERSHIP_CONCENTRATION__FRAGILITY,neighbor_definition,CHINEXT_BOARD,NON_ST,leadership_positive_mass_top5,adverse_mean_log_excursion_h3,-0.0676970444559,1332
LEADERSHIP_CONCENTRATION__FRAGILITY,neighbor_definition,CHINEXT_BOARD,NON_ST,leadership_positive_mass_top20,adverse_mean_log_excursion_h3,-0.0609956492679,1332
LEADERSHIP_CONCENTRATION__FRAGILITY,neighbor_definition,SH_A,ALL_STATUS,leadership_positive_mass_top5,adverse_mean_log_excursion_h3,-0.0425225349661,1332
LEADERSHIP_CONCENTRATION__FRAGILITY,neighbor_definition,SH_A,ALL_STATUS,leadership_positive_mass_top20,adverse_mean_log_excursion_h3,-0.0435791061485,1332
LEADERSHIP_CONCENTRATION__FRAGILITY,neighbor_definition,SH_A,NON_ST,leadership_positive_mass_top5,adverse_mean_log_excursion_h3,-0.041054121584,1332
LEADERSHIP_CONCENTRATION__FRAGILITY,neighbor_definition,SH_A,NON_ST,leadership_positive_mass_top20,adverse_mean_log_excursion_h3,-0.0431241643227,1332
LEADERSHIP_CONCENTRATION__FRAGILITY,neighbor_definition,SZ_A,ALL_STATUS,leadership_positive_mass_top5,adverse_mean_log_excursion_h3,-0.0733696074535,1332
LEADERSHIP_CONCENTRATION__FRAGILITY,neighbor_definition,SZ_A,ALL_STATUS,leadership_positive_mass_top20,adverse_mean_log_excursion_h3,-0.0649998984779,1332
LEADERSHIP_CONCENTRATION__FRAGILITY,neighbor_definition,SZ_A,NON_ST,leadership_positive_mass_top5,adverse_mean_log_excursion_h3,-0.0722361027644,1332
LEADERSHIP_CONCENTRATION__FRAGILITY,neighbor_definition,SZ_A,NON_ST,leadership_positive_mass_top20,adverse_mean_log_excursion_h3,-0.0639295066811,1332
LEADERSHIP_CONCENTRATION__FRAGILITY,pit_year_2020,ALL_A,ALL_STATUS,leadership_positive_mass_top10_pit_3y_pct,adverse_mean_log_excursion_h3,-0.0442700679872,107
LEADERSHIP_CONCENTRATION__FRAGILITY,pit_year_2020,ALL_A,NON_ST,leadership_positive_mass_top10_pit_3y_pct,adverse_mean_log_excursion_h3,-0.0419581104645,107
LEADERSHIP_CONCENTRATION__FRAGILITY,pit_year_2020,CHINEXT_BOARD,ALL_STATUS,leadership_positive_mass_top10_pit_3y_pct,adverse_mean_log_excursion_h3,0.0544289660848,107
LEADERSHIP_CONCENTRATION__FRAGILITY,pit_year_2020,CHINEXT_BOARD,NON_ST,leadership_positive_mass_top10_pit_3y_pct,adverse_mean_log_excursion_h3,0.0543995767942,107
LEADERSHIP_CONCENTRATION__FRAGILITY,pit_year_2020,SH_A,ALL_STATUS,leadership_positive_mass_top10_pit_3y_pct,adverse_mean_log_excursion_h3,0.000264503614883,107
LEADERSHIP_CONCENTRATION__FRAGILITY,pit_year_2020,SH_A,NON_ST,leadership_positive_mass_top10_pit_3y_pct,adverse_mean_log_excursion_h3,0.00182213601364,107
LEADERSHIP_CONCENTRATION__FRAGILITY,pit_year_2020,SZ_A,ALL_STATUS,leadership_positive_mass_top10_pit_3y_pct,adverse_mean_log_excursion_h3,-0.035100609338,107
LEADERSHIP_CONCENTRATION__FRAGILITY,pit_year_2020,SZ_A,NON_ST,leadership_positive_mass_top10_pit_3y_pct,adverse_mean_log_excursion_h3,-0.0327396696644,107
LEADERSHIP_CONCENTRATION__FRAGILITY,pit_year_2021,ALL_A,ALL_STATUS,leadership_positive_mass_top10_pit_3y_pct,adverse_mean_log_excursion_h3,-0.0433655489639,243
LEADERSHIP_CONCENTRATION__FRAGILITY,pit_year_2021,ALL_A,NON_ST,leadership_positive_mass_top10_pit_3y_pct,adverse_mean_log_excursion_h3,-0.0330934638099,243
LEADERSHIP_CONCENTRATION__FRAGILITY,pit_year_2021,CHINEXT_BOARD,ALL_STATUS,leadership_positive_mass_top10_pit_3y_pct,adverse_mean_log_excursion_h3,-0.0347577337328,243
LEADERSHIP_CONCENTRATION__FRAGILITY,pit_year_2021,CHINEXT_BOARD,NON_ST,leadership_positive_mass_top10_pit_3y_pct,adverse_mean_log_excursion_h3,-0.0339761675074,243
LEADERSHIP_CONCENTRATION__FRAGILITY,pit_year_2021,SH_A,ALL_STATUS,leadership_positive_mass_top10_pit_3y_pct,adverse_mean_log_excursion_h3,-0.0405827039178,243
LEADERSHIP_CONCENTRATION__FRAGILITY,pit_year_2021,SH_A,NON_ST,leadership_positive_mass_top10_pit_3y_pct,adverse_mean_log_excursion_h3,-0.0289178199509,243
LEADERSHIP_CONCENTRATION__FRAGILITY,pit_year_2021,SZ_A,ALL_STATUS,leadership_positive_mass_top10_pit_3y_pct,adverse_mean_log_excursion_h3,-0.0361748494266,243
LEADERSHIP_CONCENTRATION__FRAGILITY,pit_year_2021,SZ_A,NON_ST,leadership_positive_mass_top10_pit_3y_pct,adverse_mean_log_excursion_h3,-0.0284514650372,243
LEADERSHIP_CONCENTRATION__FRAGILITY,pit_year_2022,ALL_A,ALL_STATUS,leadership_positive_mass_top10_pit_3y_pct,adverse_mean_log_excursion_h3,-0.0966202043494,242
LEADERSHIP_CONCENTRATION__FRAGILITY,pit_year_2022,ALL_A,NON_ST,leadership_positive_mass_top10_pit_3y_pct,adverse_mean_log_excursion_h3,-0.0956674096105,242
LEADERSHIP_CONCENTRATION__FRAGILITY,pit_year_2022,CHINEXT_BOARD,ALL_STATUS,leadership_positive_mass_top10_pit_3y_pct,adverse_mean_log_excursion_h3,-0.136409783553,242
LEADERSHIP_CONCENTRATION__FRAGILITY,pit_year_2022,CHINEXT_BOARD,NON_ST,leadership_positive_mass_top10_pit_3y_pct,adverse_mean_log_excursion_h3,-0.137076385964,242
LEADERSHIP_CONCENTRATION__FRAGILITY,pit_year_2022,SH_A,ALL_STATUS,leadership_positive_mass_top10_pit_3y_pct,adverse_mean_log_excursion_h3,-0.0782815998803,242
LEADERSHIP_CONCENTRATION__FRAGILITY,pit_year_2022,SH_A,NON_ST,leadership_positive_mass_top10_pit_3y_pct,adverse_mean_log_excursion_h3,-0.0806356935852,242
LEADERSHIP_CONCENTRATION__FRAGILITY,pit_year_2022,SZ_A,ALL_STATUS,leadership_positive_mass_top10_pit_3y_pct,adverse_mean_log_excursion_h3,-0.106159891825,242
LEADERSHIP_CONCENTRATION__FRAGILITY,pit_year_2022,SZ_A,NON_ST,leadership_positive_mass_top10_pit_3y_pct,adverse_mean_log_excursion_h3,-0.102400021003,242
LEADERSHIP_CONCENTRATION__FRAGILITY,pit_year_2023,ALL_A,ALL_STATUS,leadership_positive_mass_top10_pit_3y_pct,adverse_mean_log_excursion_h3,-0.235789553415,237
LEADERSHIP_CONCENTRATION__FRAGILITY,pit_year_2023,ALL_A,NON_ST,leadership_positive_mass_top10_pit_3y_pct,adverse_mean_log_excursion_h3,-0.236916992052,237
LEADERSHIP_CONCENTRATION__FRAGILITY,pit_year_2023,CHINEXT_BOARD,ALL_STATUS,leadership_positive_mass_top10_pit_3y_pct,adverse_mean_log_excursion_h3,-0.217831073564,237
LEADERSHIP_CONCENTRATION__FRAGILITY,pit_year_2023,CHINEXT_BOARD,NON_ST,leadership_positive_mass_top10_pit_3y_pct,adverse_mean_log_excursion_h3,-0.215718643356,237
LEADERSHIP_CONCENTRATION__FRAGILITY,pit_year_2023,SH_A,ALL_STATUS,leadership_positive_mass_top10_pit_3y_pct,adverse_mean_log_excursion_h3,-0.235484087618,237
LEADERSHIP_CONCENTRATION__FRAGILITY,pit_year_2023,SH_A,NON_ST,leadership_positive_mass_top10_pit_3y_pct,adverse_mean_log_excursion_h3,-0.241946999355,237
LEADERSHIP_CONCENTRATION__FRAGILITY,pit_year_2023,SZ_A,ALL_STATUS,leadership_positive_mass_top10_pit_3y_pct,adverse_mean_log_excursion_h3,-0.214435421799,237
LEADERSHIP_CONCENTRATION__FRAGILITY,pit_year_2023,SZ_A,NON_ST,leadership_positive_mass_top10_pit_3y_pct,adverse_mean_log_excursion_h3,-0.214842384611,237
LIQUIDITY_ACTIVITY__FIVE_DAY_CONTINUATION,coordinate_absolute,ALL_A,ALL_STATUS,liquidity_median_amount_ratio20,terminal_mean_log_return_h5,0.0834112166842,1332
LIQUIDITY_ACTIVITY__FIVE_DAY_CONTINUATION,coordinate_absolute,ALL_A,NON_ST,liquidity_median_amount_ratio20,terminal_mean_log_return_h5,0.0809273480065,1332
LIQUIDITY_ACTIVITY__FIVE_DAY_CONTINUATION,coordinate_absolute,CHINEXT_BOARD,ALL_STATUS,liquidity_median_amount_ratio20,terminal_mean_log_return_h5,0.0907477057093,1332
LIQUIDITY_ACTIVITY__FIVE_DAY_CONTINUATION,coordinate_absolute,CHINEXT_BOARD,NON_ST,liquidity_median_amount_ratio20,terminal_mean_log_return_h5,0.0906228902546,1332
LIQUIDITY_ACTIVITY__FIVE_DAY_CONTINUATION,coordinate_absolute,SH_A,ALL_STATUS,liquidity_median_amount_ratio20,terminal_mean_log_return_h5,0.0847554670969,1332
LIQUIDITY_ACTIVITY__FIVE_DAY_CONTINUATION,coordinate_absolute,SH_A,NON_ST,liquidity_median_amount_ratio20,terminal_mean_log_return_h5,0.0834982132745,1332
LIQUIDITY_ACTIVITY__FIVE_DAY_CONTINUATION,coordinate_absolute,SZ_A,ALL_STATUS,liquidity_median_amount_ratio20,terminal_mean_log_return_h5,0.07955115873,1332
LIQUIDITY_ACTIVITY__FIVE_DAY_CONTINUATION,coordinate_absolute,SZ_A,NON_ST,liquidity_median_amount_ratio20,terminal_mean_log_return_h5,0.0762757038479,1332
LIQUIDITY_ACTIVITY__FIVE_DAY_CONTINUATION,coordinate_pit_3y,ALL_A,ALL_STATUS,liquidity_median_amount_ratio20_pit_3y_pct,terminal_mean_log_return_h5,0.0800217626479,829
LIQUIDITY_ACTIVITY__FIVE_DAY_CONTINUATION,coordinate_pit_3y,ALL_A,NON_ST,liquidity_median_amount_ratio20_pit_3y_pct,terminal_mean_log_return_h5,0.0780511953795,829
LIQUIDITY_ACTIVITY__FIVE_DAY_CONTINUATION,coordinate_pit_3y,CHINEXT_BOARD,ALL_STATUS,liquidity_median_amount_ratio20_pit_3y_pct,terminal_mean_log_return_h5,0.10455987026,829
LIQUIDITY_ACTIVITY__FIVE_DAY_CONTINUATION,coordinate_pit_3y,CHINEXT_BOARD,NON_ST,liquidity_median_amount_ratio20_pit_3y_pct,terminal_mean_log_return_h5,0.104308494908,829
LIQUIDITY_ACTIVITY__FIVE_DAY_CONTINUATION,coordinate_pit_3y,SH_A,ALL_STATUS,liquidity_median_amount_ratio20_pit_3y_pct,terminal_mean_log_return_h5,0.0909028873948,829
LIQUIDITY_ACTIVITY__FIVE_DAY_CONTINUATION,coordinate_pit_3y,SH_A,NON_ST,liquidity_median_amount_ratio20_pit_3y_pct,terminal_mean_log_return_h5,0.0911505683943,829
LIQUIDITY_ACTIVITY__FIVE_DAY_CONTINUATION,coordinate_pit_3y,SZ_A,ALL_STATUS,liquidity_median_amount_ratio20_pit_3y_pct,terminal_mean_log_return_h5,0.0699139963291,829
LIQUIDITY_ACTIVITY__FIVE_DAY_CONTINUATION,coordinate_pit_3y,SZ_A,NON_ST,liquidity_median_amount_ratio20_pit_3y_pct,terminal_mean_log_return_h5,0.068812754607,829
LIQUIDITY_ACTIVITY__FIVE_DAY_CONTINUATION,coordinate_pit_expanding,ALL_A,ALL_STATUS,liquidity_median_amount_ratio20_pit_expanding_pct,terminal_mean_log_return_h5,0.0787635480036,829
LIQUIDITY_ACTIVITY__FIVE_DAY_CONTINUATION,coordinate_pit_expanding,ALL_A,NON_ST,liquidity_median_amount_ratio20_pit_expanding_pct,terminal_mean_log_return_h5,0.0771917274026,829
LIQUIDITY_ACTIVITY__FIVE_DAY_CONTINUATION,coordinate_pit_expanding,CHINEXT_BOARD,ALL_STATUS,liquidity_median_amount_ratio20_pit_expanding_pct,terminal_mean_log_return_h5,0.103819138259,829
LIQUIDITY_ACTIVITY__FIVE_DAY_CONTINUATION,coordinate_pit_expanding,CHINEXT_BOARD,NON_ST,liquidity_median_amount_ratio20_pit_expanding_pct,terminal_mean_log_return_h5,0.103881726685,829
LIQUIDITY_ACTIVITY__FIVE_DAY_CONTINUATION,coordinate_pit_expanding,SH_A,ALL_STATUS,liquidity_median_amount_ratio20_pit_expanding_pct,terminal_mean_log_return_h5,0.0894716442681,829
LIQUIDITY_ACTIVITY__FIVE_DAY_CONTINUATION,coordinate_pit_expanding,SH_A,NON_ST,liquidity_median_amount_ratio20_pit_expanding_pct,terminal_mean_log_return_h5,0.0895355921938,829
LIQUIDITY_ACTIVITY__FIVE_DAY_CONTINUATION,coordinate_pit_expanding,SZ_A,ALL_STATUS,liquidity_median_amount_ratio20_pit_expanding_pct,terminal_mean_log_return_h5,0.0677439082798,829
LIQUIDITY_ACTIVITY__FIVE_DAY_CONTINUATION,coordinate_pit_expanding,SZ_A,NON_ST,liquidity_median_amount_ratio20_pit_expanding_pct,terminal_mean_log_return_h5,0.0660456486464,829
LIQUIDITY_ACTIVITY__FIVE_DAY_CONTINUATION,neighbor_definition,ALL_A,ALL_STATUS,liquidity_median_amount_ratio10,terminal_mean_log_return_h5,0.0571458477753,1332
LIQUIDITY_ACTIVITY__FIVE_DAY_CONTINUATION,neighbor_definition,ALL_A,ALL_STATUS,liquidity_median_amount_ratio60,terminal_mean_log_return_h5,0.036530910704,1332
LIQUIDITY_ACTIVITY__FIVE_DAY_CONTINUATION,neighbor_definition,ALL_A,NON_ST,liquidity_median_amount_ratio10,terminal_mean_log_return_h5,0.0556525510243,1332
LIQUIDITY_ACTIVITY__FIVE_DAY_CONTINUATION,neighbor_definition,ALL_A,NON_ST,liquidity_median_amount_ratio60,terminal_mean_log_return_h5,0.0339728514479,1332
LIQUIDITY_ACTIVITY__FIVE_DAY_CONTINUATION,neighbor_definition,CHINEXT_BOARD,ALL_STATUS,liquidity_median_amount_ratio10,terminal_mean_log_return_h5,0.0608920479963,1332
LIQUIDITY_ACTIVITY__FIVE_DAY_CONTINUATION,neighbor_definition,CHINEXT_BOARD,ALL_STATUS,liquidity_median_amount_ratio60,terminal_mean_log_return_h5,0.0610897642883,1332
LIQUIDITY_ACTIVITY__FIVE_DAY_CONTINUATION,neighbor_definition,CHINEXT_BOARD,NON_ST,liquidity_median_amount_ratio10,terminal_mean_log_return_h5,0.0610879921637,1332
LIQUIDITY_ACTIVITY__FIVE_DAY_CONTINUATION,neighbor_definition,CHINEXT_BOARD,NON_ST,liquidity_median_amount_ratio60,terminal_mean_log_return_h5,0.06076489679,1332
LIQUIDITY_ACTIVITY__FIVE_DAY_CONTINUATION,neighbor_definition,SH_A,ALL_STATUS,liquidity_median_amount_ratio10,terminal_mean_log_return_h5,0.0615804955361,1332
LIQUIDITY_ACTIVITY__FIVE_DAY_CONTINUATION,neighbor_definition,SH_A,ALL_STATUS,liquidity_median_amount_ratio60,terminal_mean_log_return_h5,0.0231961050347,1332
LIQUIDITY_ACTIVITY__FIVE_DAY_CONTINUATION,neighbor_definition,SH_A,NON_ST,liquidity_median_amount_ratio10,terminal_mean_log_return_h5,0.060768989433,1332
LIQUIDITY_ACTIVITY__FIVE_DAY_CONTINUATION,neighbor_definition,SH_A,NON_ST,liquidity_median_amount_ratio60,terminal_mean_log_return_h5,0.0213620627526,1332
LIQUIDITY_ACTIVITY__FIVE_DAY_CONTINUATION,neighbor_definition,SZ_A,ALL_STATUS,liquidity_median_amount_ratio10,terminal_mean_log_return_h5,0.0540069328051,1332
LIQUIDITY_ACTIVITY__FIVE_DAY_CONTINUATION,neighbor_definition,SZ_A,ALL_STATUS,liquidity_median_amount_ratio60,terminal_mean_log_return_h5,0.0440701581979,1332
LIQUIDITY_ACTIVITY__FIVE_DAY_CONTINUATION,neighbor_definition,SZ_A,NON_ST,liquidity_median_amount_ratio10,terminal_mean_log_return_h5,0.0531753595495,1332
LIQUIDITY_ACTIVITY__FIVE_DAY_CONTINUATION,neighbor_definition,SZ_A,NON_ST,liquidity_median_amount_ratio60,terminal_mean_log_return_h5,0.0397203236074,1332
LIQUIDITY_ACTIVITY__FIVE_DAY_CONTINUATION,pit_year_2020,ALL_A,ALL_STATUS,liquidity_median_amount_ratio20_pit_3y_pct,terminal_mean_log_return_h5,-0.0957699014479,107
LIQUIDITY_ACTIVITY__FIVE_DAY_CONTINUATION,pit_year_2020,ALL_A,NON_ST,liquidity_median_amount_ratio20_pit_3y_pct,terminal_mean_log_return_h5,-0.105370403025,107
LIQUIDITY_ACTIVITY__FIVE_DAY_CONTINUATION,pit_year_2020,CHINEXT_BOARD,ALL_STATUS,liquidity_median_amount_ratio20_pit_3y_pct,terminal_mean_log_return_h5,-0.104880581516,107
LIQUIDITY_ACTIVITY__FIVE_DAY_CONTINUATION,pit_year_2020,CHINEXT_BOARD,NON_ST,liquidity_median_amount_ratio20_pit_3y_pct,terminal_mean_log_return_h5,-0.104704245773,107
LIQUIDITY_ACTIVITY__FIVE_DAY_CONTINUATION,pit_year_2020,SH_A,ALL_STATUS,liquidity_median_amount_ratio20_pit_3y_pct,terminal_mean_log_return_h5,0.0267736436842,107
LIQUIDITY_ACTIVITY__FIVE_DAY_CONTINUATION,pit_year_2020,SH_A,NON_ST,liquidity_median_amount_ratio20_pit_3y_pct,terminal_mean_log_return_h5,0.0184466780305,107
LIQUIDITY_ACTIVITY__FIVE_DAY_CONTINUATION,pit_year_2020,SZ_A,ALL_STATUS,liquidity_median_amount_ratio20_pit_3y_pct,terminal_mean_log_return_h5,-0.171760810361,107
LIQUIDITY_ACTIVITY__FIVE_DAY_CONTINUATION,pit_year_2020,SZ_A,NON_ST,liquidity_median_amount_ratio20_pit_3y_pct,terminal_mean_log_return_h5,-0.172603303356,107
LIQUIDITY_ACTIVITY__FIVE_DAY_CONTINUATION,pit_year_2021,ALL_A,ALL_STATUS,liquidity_median_amount_ratio20_pit_3y_pct,terminal_mean_log_return_h5,-0.0138176219423,243
LIQUIDITY_ACTIVITY__FIVE_DAY_CONTINUATION,pit_year_2021,ALL_A,NON_ST,liquidity_median_amount_ratio20_pit_3y_pct,terminal_mean_log_return_h5,-0.0131243072951,243
LIQUIDITY_ACTIVITY__FIVE_DAY_CONTINUATION,pit_year_2021,CHINEXT_BOARD,ALL_STATUS,liquidity_median_amount_ratio20_pit_3y_pct,terminal_mean_log_return_h5,0.0318339311595,243
LIQUIDITY_ACTIVITY__FIVE_DAY_CONTINUATION,pit_year_2021,CHINEXT_BOARD,NON_ST,liquidity_median_amount_ratio20_pit_3y_pct,terminal_mean_log_return_h5,0.0339644519843,243
LIQUIDITY_ACTIVITY__FIVE_DAY_CONTINUATION,pit_year_2021,SH_A,ALL_STATUS,liquidity_median_amount_ratio20_pit_3y_pct,terminal_mean_log_return_h5,0.0229928603627,243
LIQUIDITY_ACTIVITY__FIVE_DAY_CONTINUATION,pit_year_2021,SH_A,NON_ST,liquidity_median_amount_ratio20_pit_3y_pct,terminal_mean_log_return_h5,0.0229698568456,243
LIQUIDITY_ACTIVITY__FIVE_DAY_CONTINUATION,pit_year_2021,SZ_A,ALL_STATUS,liquidity_median_amount_ratio20_pit_3y_pct,terminal_mean_log_return_h5,-0.0399064748187,243
LIQUIDITY_ACTIVITY__FIVE_DAY_CONTINUATION,pit_year_2021,SZ_A,NON_ST,liquidity_median_amount_ratio20_pit_3y_pct,terminal_mean_log_return_h5,-0.0360962885497,243
LIQUIDITY_ACTIVITY__FIVE_DAY_CONTINUATION,pit_year_2022,ALL_A,ALL_STATUS,liquidity_median_amount_ratio20_pit_3y_pct,terminal_mean_log_return_h5,0.0880613033328,242
LIQUIDITY_ACTIVITY__FIVE_DAY_CONTINUATION,pit_year_2022,ALL_A,NON_ST,liquidity_median_amount_ratio20_pit_3y_pct,terminal_mean_log_return_h5,0.0877687431207,242
LIQUIDITY_ACTIVITY__FIVE_DAY_CONTINUATION,pit_year_2022,CHINEXT_BOARD,ALL_STATUS,liquidity_median_amount_ratio20_pit_3y_pct,terminal_mean_log_return_h5,0.158135320911,242
LIQUIDITY_ACTIVITY__FIVE_DAY_CONTINUATION,pit_year_2022,CHINEXT_BOARD,NON_ST,liquidity_median_amount_ratio20_pit_3y_pct,terminal_mean_log_return_h5,0.157621119401,242
LIQUIDITY_ACTIVITY__FIVE_DAY_CONTINUATION,pit_year_2022,SH_A,ALL_STATUS,liquidity_median_amount_ratio20_pit_3y_pct,terminal_mean_log_return_h5,0.0656985388789,242
LIQUIDITY_ACTIVITY__FIVE_DAY_CONTINUATION,pit_year_2022,SH_A,NON_ST,liquidity_median_amount_ratio20_pit_3y_pct,terminal_mean_log_return_h5,0.0671548934695,242
LIQUIDITY_ACTIVITY__FIVE_DAY_CONTINUATION,pit_year_2022,SZ_A,ALL_STATUS,liquidity_median_amount_ratio20_pit_3y_pct,terminal_mean_log_return_h5,0.0965837599543,242
LIQUIDITY_ACTIVITY__FIVE_DAY_CONTINUATION,pit_year_2022,SZ_A,NON_ST,liquidity_median_amount_ratio20_pit_3y_pct,terminal_mean_log_return_h5,0.095490502818,242
LIQUIDITY_ACTIVITY__FIVE_DAY_CONTINUATION,pit_year_2023,ALL_A,ALL_STATUS,liquidity_median_amount_ratio20_pit_3y_pct,terminal_mean_log_return_h5,0.180998750581,237
LIQUIDITY_ACTIVITY__FIVE_DAY_CONTINUATION,pit_year_2023,ALL_A,NON_ST,liquidity_median_amount_ratio20_pit_3y_pct,terminal_mean_log_return_h5,0.179436472129,237
LIQUIDITY_ACTIVITY__FIVE_DAY_CONTINUATION,pit_year_2023,CHINEXT_BOARD,ALL_STATUS,liquidity_median_amount_ratio20_pit_3y_pct,terminal_mean_log_return_h5,0.162748931494,237
LIQUIDITY_ACTIVITY__FIVE_DAY_CONTINUATION,pit_year_2023,CHINEXT_BOARD,NON_ST,liquidity_median_amount_ratio20_pit_3y_pct,terminal_mean_log_return_h5,0.160198700683,237
LIQUIDITY_ACTIVITY__FIVE_DAY_CONTINUATION,pit_year_2023,SH_A,ALL_STATUS,liquidity_median_amount_ratio20_pit_3y_pct,terminal_mean_log_return_h5,0.170532698619,237
LIQUIDITY_ACTIVITY__FIVE_DAY_CONTINUATION,pit_year_2023,SH_A,NON_ST,liquidity_median_amount_ratio20_pit_3y_pct,terminal_mean_log_return_h5,0.171208602104,237
LIQUIDITY_ACTIVITY__FIVE_DAY_CONTINUATION,pit_year_2023,SZ_A,ALL_STATUS,liquidity_median_amount_ratio20_pit_3y_pct,terminal_mean_log_return_h5,0.182913623391,237
LIQUIDITY_ACTIVITY__FIVE_DAY_CONTINUATION,pit_year_2023,SZ_A,NON_ST,liquidity_median_amount_ratio20_pit_3y_pct,terminal_mean_log_return_h5,0.181207070562,237
LIQUIDITY_TURNOVER__OPPORTUNITY_WIDTH,coordinate_absolute,ALL_A,ALL_STATUS,liquidity_turnover_median,opportunity_spread_h3,0.520698940345,1332
LIQUIDITY_TURNOVER__OPPORTUNITY_WIDTH,coordinate_absolute,ALL_A,NON_ST,liquidity_turnover_median,opportunity_spread_h3,0.523761821524,1332
LIQUIDITY_TURNOVER__OPPORTUNITY_WIDTH,coordinate_absolute,CHINEXT_BOARD,ALL_STATUS,liquidity_turnover_median,opportunity_spread_h3,0.517636688803,1332
LIQUIDITY_TURNOVER__OPPORTUNITY_WIDTH,coordinate_absolute,CHINEXT_BOARD,NON_ST,liquidity_turnover_median,opportunity_spread_h3,0.518278289291,1332
LIQUIDITY_TURNOVER__OPPORTUNITY_WIDTH,coordinate_absolute,SH_A,ALL_STATUS,liquidity_turnover_median,opportunity_spread_h3,0.571251596175,1332
LIQUIDITY_TURNOVER__OPPORTUNITY_WIDTH,coordinate_absolute,SH_A,NON_ST,liquidity_turnover_median,opportunity_spread_h3,0.569134039353,1332
LIQUIDITY_TURNOVER__OPPORTUNITY_WIDTH,coordinate_absolute,SZ_A,ALL_STATUS,liquidity_turnover_median,opportunity_spread_h3,0.472203589103,1332
LIQUIDITY_TURNOVER__OPPORTUNITY_WIDTH,coordinate_absolute,SZ_A,NON_ST,liquidity_turnover_median,opportunity_spread_h3,0.478478372411,1332
LIQUIDITY_TURNOVER__OPPORTUNITY_WIDTH,coordinate_pit_3y,ALL_A,ALL_STATUS,liquidity_turnover_median_pit_3y_pct,opportunity_spread_h3,0.491452945457,829
LIQUIDITY_TURNOVER__OPPORTUNITY_WIDTH,coordinate_pit_3y,ALL_A,NON_ST,liquidity_turnover_median_pit_3y_pct,opportunity_spread_h3,0.490844356612,829
LIQUIDITY_TURNOVER__OPPORTUNITY_WIDTH,coordinate_pit_3y,CHINEXT_BOARD,ALL_STATUS,liquidity_turnover_median_pit_3y_pct,opportunity_spread_h3,0.511748348282,829
LIQUIDITY_TURNOVER__OPPORTUNITY_WIDTH,coordinate_pit_3y,CHINEXT_BOARD,NON_ST,liquidity_turnover_median_pit_3y_pct,opportunity_spread_h3,0.513062942711,829
LIQUIDITY_TURNOVER__OPPORTUNITY_WIDTH,coordinate_pit_3y,SH_A,ALL_STATUS,liquidity_turnover_median_pit_3y_pct,opportunity_spread_h3,0.543289536207,829
LIQUIDITY_TURNOVER__OPPORTUNITY_WIDTH,coordinate_pit_3y,SH_A,NON_ST,liquidity_turnover_median_pit_3y_pct,opportunity_spread_h3,0.537250635415,829
LIQUIDITY_TURNOVER__OPPORTUNITY_WIDTH,coordinate_pit_3y,SZ_A,ALL_STATUS,liquidity_turnover_median_pit_3y_pct,opportunity_spread_h3,0.424289213653,829
LIQUIDITY_TURNOVER__OPPORTUNITY_WIDTH,coordinate_pit_3y,SZ_A,NON_ST,liquidity_turnover_median_pit_3y_pct,opportunity_spread_h3,0.429312401879,829
LIQUIDITY_TURNOVER__OPPORTUNITY_WIDTH,coordinate_pit_expanding,ALL_A,ALL_STATUS,liquidity_turnover_median_pit_expanding_pct,opportunity_spread_h3,0.450264813384,829
LIQUIDITY_TURNOVER__OPPORTUNITY_WIDTH,coordinate_pit_expanding,ALL_A,NON_ST,liquidity_turnover_median_pit_expanding_pct,opportunity_spread_h3,0.453446549121,829
LIQUIDITY_TURNOVER__OPPORTUNITY_WIDTH,coordinate_pit_expanding,CHINEXT_BOARD,ALL_STATUS,liquidity_turnover_median_pit_expanding_pct,opportunity_spread_h3,0.486627605964,829
LIQUIDITY_TURNOVER__OPPORTUNITY_WIDTH,coordinate_pit_expanding,CHINEXT_BOARD,NON_ST,liquidity_turnover_median_pit_expanding_pct,opportunity_spread_h3,0.487650649541,829
LIQUIDITY_TURNOVER__OPPORTUNITY_WIDTH,coordinate_pit_expanding,SH_A,ALL_STATUS,liquidity_turnover_median_pit_expanding_pct,opportunity_spread_h3,0.513413903758,829
LIQUIDITY_TURNOVER__OPPORTUNITY_WIDTH,coordinate_pit_expanding,SH_A,NON_ST,liquidity_turnover_median_pit_expanding_pct,opportunity_spread_h3,0.508610768663,829
LIQUIDITY_TURNOVER__OPPORTUNITY_WIDTH,coordinate_pit_expanding,SZ_A,ALL_STATUS,liquidity_turnover_median_pit_expanding_pct,opportunity_spread_h3,0.374669024736,829
LIQUIDITY_TURNOVER__OPPORTUNITY_WIDTH,coordinate_pit_expanding,SZ_A,NON_ST,liquidity_turnover_median_pit_expanding_pct,opportunity_spread_h3,0.382339458593,829
LIQUIDITY_TURNOVER__OPPORTUNITY_WIDTH,neighbor_definition,ALL_A,ALL_STATUS,liquidity_turnover_q40,opportunity_spread_h3,0.512519143452,1332
LIQUIDITY_TURNOVER__OPPORTUNITY_WIDTH,neighbor_definition,ALL_A,ALL_STATUS,liquidity_turnover_q60,opportunity_spread_h3,0.516362962855,1332
LIQUIDITY_TURNOVER__OPPORTUNITY_WIDTH,neighbor_definition,ALL_A,NON_ST,liquidity_turnover_q40,opportunity_spread_h3,0.516857278973,1332
LIQUIDITY_TURNOVER__OPPORTUNITY_WIDTH,neighbor_definition,ALL_A,NON_ST,liquidity_turnover_q60,opportunity_spread_h3,0.51822295229,1332
LIQUIDITY_TURNOVER__OPPORTUNITY_WIDTH,neighbor_definition,CHINEXT_BOARD,ALL_STATUS,liquidity_turnover_q40,opportunity_spread_h3,0.526396701618,1332
LIQUIDITY_TURNOVER__OPPORTUNITY_WIDTH,neighbor_definition,CHINEXT_BOARD,ALL_STATUS,liquidity_turnover_q60,opportunity_spread_h3,0.501274388591,1332
LIQUIDITY_TURNOVER__OPPORTUNITY_WIDTH,neighbor_definition,CHINEXT_BOARD,NON_ST,liquidity_turnover_q40,opportunity_spread_h3,0.526625930245,1332
LIQUIDITY_TURNOVER__OPPORTUNITY_WIDTH,neighbor_definition,CHINEXT_BOARD,NON_ST,liquidity_turnover_q60,opportunity_spread_h3,0.500995992394,1332
LIQUIDITY_TURNOVER__OPPORTUNITY_WIDTH,neighbor_definition,SH_A,ALL_STATUS,liquidity_turnover_q40,opportunity_spread_h3,0.550802807206,1332
LIQUIDITY_TURNOVER__OPPORTUNITY_WIDTH,neighbor_definition,SH_A,ALL_STATUS,liquidity_turnover_q60,opportunity_spread_h3,0.581062783514,1332
LIQUIDITY_TURNOVER__OPPORTUNITY_WIDTH,neighbor_definition,SH_A,NON_ST,liquidity_turnover_q40,opportunity_spread_h3,0.550883725764,1332
LIQUIDITY_TURNOVER__OPPORTUNITY_WIDTH,neighbor_definition,SH_A,NON_ST,liquidity_turnover_q60,opportunity_spread_h3,0.577910575071,1332
LIQUIDITY_TURNOVER__OPPORTUNITY_WIDTH,neighbor_definition,SZ_A,ALL_STATUS,liquidity_turnover_q40,opportunity_spread_h3,0.470914315173,1332
LIQUIDITY_TURNOVER__OPPORTUNITY_WIDTH,neighbor_definition,SZ_A,ALL_STATUS,liquidity_turnover_q60,opportunity_spread_h3,0.462655640965,1332
LIQUIDITY_TURNOVER__OPPORTUNITY_WIDTH,neighbor_definition,SZ_A,NON_ST,liquidity_turnover_q40,opportunity_spread_h3,0.4776675518,1332
LIQUIDITY_TURNOVER__OPPORTUNITY_WIDTH,neighbor_definition,SZ_A,NON_ST,liquidity_turnover_q60,opportunity_spread_h3,0.467690546411,1332
LIQUIDITY_TURNOVER__OPPORTUNITY_WIDTH,pit_year_2020,ALL_A,ALL_STATUS,liquidity_turnover_median_pit_3y_pct,opportunity_spread_h3,0.378083426399,107
LIQUIDITY_TURNOVER__OPPORTUNITY_WIDTH,pit_year_2020,ALL_A,NON_ST,liquidity_turnover_median_pit_3y_pct,opportunity_spread_h3,0.369785850036,107
LIQUIDITY_TURNOVER__OPPORTUNITY_WIDTH,pit_year_2020,CHINEXT_BOARD,ALL_STATUS,liquidity_turnover_median_pit_3y_pct,opportunity_spread_h3,0.67603205392,107
LIQUIDITY_TURNOVER__OPPORTUNITY_WIDTH,pit_year_2020,CHINEXT_BOARD,NON_ST,liquidity_turnover_median_pit_3y_pct,opportunity_spread_h3,0.675914496757,107
LIQUIDITY_TURNOVER__OPPORTUNITY_WIDTH,pit_year_2020,SH_A,ALL_STATUS,liquidity_turnover_median_pit_3y_pct,opportunity_spread_h3,0.442798644174,107
LIQUIDITY_TURNOVER__OPPORTUNITY_WIDTH,pit_year_2020,SH_A,NON_ST,liquidity_turnover_median_pit_3y_pct,opportunity_spread_h3,0.438919257822,107
LIQUIDITY_TURNOVER__OPPORTUNITY_WIDTH,pit_year_2020,SZ_A,ALL_STATUS,liquidity_turnover_median_pit_3y_pct,opportunity_spread_h3,0.326230921452,107
LIQUIDITY_TURNOVER__OPPORTUNITY_WIDTH,pit_year_2020,SZ_A,NON_ST,liquidity_turnover_median_pit_3y_pct,opportunity_spread_h3,0.34238523482,107
LIQUIDITY_TURNOVER__OPPORTUNITY_WIDTH,pit_year_2021,ALL_A,ALL_STATUS,liquidity_turnover_median_pit_3y_pct,opportunity_spread_h3,0.299781365994,243
LIQUIDITY_TURNOVER__OPPORTUNITY_WIDTH,pit_year_2021,ALL_A,NON_ST,liquidity_turnover_median_pit_3y_pct,opportunity_spread_h3,0.315829374934,243
LIQUIDITY_TURNOVER__OPPORTUNITY_WIDTH,pit_year_2021,CHINEXT_BOARD,ALL_STATUS,liquidity_turnover_median_pit_3y_pct,opportunity_spread_h3,0.480813869128,243
LIQUIDITY_TURNOVER__OPPORTUNITY_WIDTH,pit_year_2021,CHINEXT_BOARD,NON_ST,liquidity_turnover_median_pit_3y_pct,opportunity_spread_h3,0.478401598035,243
LIQUIDITY_TURNOVER__OPPORTUNITY_WIDTH,pit_year_2021,SH_A,ALL_STATUS,liquidity_turnover_median_pit_3y_pct,opportunity_spread_h3,0.256893831167,243
LIQUIDITY_TURNOVER__OPPORTUNITY_WIDTH,pit_year_2021,SH_A,NON_ST,liquidity_turnover_median_pit_3y_pct,opportunity_spread_h3,0.266369411332,243
LIQUIDITY_TURNOVER__OPPORTUNITY_WIDTH,pit_year_2021,SZ_A,ALL_STATUS,liquidity_turnover_median_pit_3y_pct,opportunity_spread_h3,0.321270619183,243
LIQUIDITY_TURNOVER__OPPORTUNITY_WIDTH,pit_year_2021,SZ_A,NON_ST,liquidity_turnover_median_pit_3y_pct,opportunity_spread_h3,0.33781692134,243
LIQUIDITY_TURNOVER__OPPORTUNITY_WIDTH,pit_year_2022,ALL_A,ALL_STATUS,liquidity_turnover_median_pit_3y_pct,opportunity_spread_h3,0.248002609642,242
LIQUIDITY_TURNOVER__OPPORTUNITY_WIDTH,pit_year_2022,ALL_A,NON_ST,liquidity_turnover_median_pit_3y_pct,opportunity_spread_h3,0.252703899321,242
LIQUIDITY_TURNOVER__OPPORTUNITY_WIDTH,pit_year_2022,CHINEXT_BOARD,ALL_STATUS,liquidity_turnover_median_pit_3y_pct,opportunity_spread_h3,0.355257241918,242
LIQUIDITY_TURNOVER__OPPORTUNITY_WIDTH,pit_year_2022,CHINEXT_BOARD,NON_ST,liquidity_turnover_median_pit_3y_pct,opportunity_spread_h3,0.358953885396,242
LIQUIDITY_TURNOVER__OPPORTUNITY_WIDTH,pit_year_2022,SH_A,ALL_STATUS,liquidity_turnover_median_pit_3y_pct,opportunity_spread_h3,0.294243150724,242
LIQUIDITY_TURNOVER__OPPORTUNITY_WIDTH,pit_year_2022,SH_A,NON_ST,liquidity_turnover_median_pit_3y_pct,opportunity_spread_h3,0.294394030881,242
LIQUIDITY_TURNOVER__OPPORTUNITY_WIDTH,pit_year_2022,SZ_A,ALL_STATUS,liquidity_turnover_median_pit_3y_pct,opportunity_spread_h3,0.229084017455,242
LIQUIDITY_TURNOVER__OPPORTUNITY_WIDTH,pit_year_2022,SZ_A,NON_ST,liquidity_turnover_median_pit_3y_pct,opportunity_spread_h3,0.232340528419,242
LIQUIDITY_TURNOVER__OPPORTUNITY_WIDTH,pit_year_2023,ALL_A,ALL_STATUS,liquidity_turnover_median_pit_3y_pct,opportunity_spread_h3,0.111123631471,237
LIQUIDITY_TURNOVER__OPPORTUNITY_WIDTH,pit_year_2023,ALL_A,NON_ST,liquidity_turnover_median_pit_3y_pct,opportunity_spread_h3,0.111247908888,237
LIQUIDITY_TURNOVER__OPPORTUNITY_WIDTH,pit_year_2023,CHINEXT_BOARD,ALL_STATUS,liquidity_turnover_median_pit_3y_pct,opportunity_spread_h3,0.169478950712,237
LIQUIDITY_TURNOVER__OPPORTUNITY_WIDTH,pit_year_2023,CHINEXT_BOARD,NON_ST,liquidity_turnover_median_pit_3y_pct,opportunity_spread_h3,0.164881270999,237
LIQUIDITY_TURNOVER__OPPORTUNITY_WIDTH,pit_year_2023,SH_A,ALL_STATUS,liquidity_turnover_median_pit_3y_pct,opportunity_spread_h3,0.262365078651,237
LIQUIDITY_TURNOVER__OPPORTUNITY_WIDTH,pit_year_2023,SH_A,NON_ST,liquidity_turnover_median_pit_3y_pct,opportunity_spread_h3,0.26223011005,237
LIQUIDITY_TURNOVER__OPPORTUNITY_WIDTH,pit_year_2023,SZ_A,ALL_STATUS,liquidity_turnover_median_pit_3y_pct,opportunity_spread_h3,0.0333334910922,237
LIQUIDITY_TURNOVER__OPPORTUNITY_WIDTH,pit_year_2023,SZ_A,NON_ST,liquidity_turnover_median_pit_3y_pct,opportunity_spread_h3,0.0338850810868,237
NEW_HIGH_LOW__FIVE_DAY_EXHAUSTION,coordinate_absolute,ALL_A,ALL_STATUS,breadth_net_new_high_low60,terminal_mean_log_return_h5,-0.0405994100978,1332
NEW_HIGH_LOW__FIVE_DAY_EXHAUSTION,coordinate_absolute,ALL_A,NON_ST,breadth_net_new_high_low60,terminal_mean_log_return_h5,-0.0389979697362,1332
NEW_HIGH_LOW__FIVE_DAY_EXHAUSTION,coordinate_absolute,CHINEXT_BOARD,ALL_STATUS,breadth_net_new_high_low60,terminal_mean_log_return_h5,-0.0120313683852,1332
NEW_HIGH_LOW__FIVE_DAY_EXHAUSTION,coordinate_absolute,CHINEXT_BOARD,NON_ST,breadth_net_new_high_low60,terminal_mean_log_return_h5,-0.0125046759881,1332
NEW_HIGH_LOW__FIVE_DAY_EXHAUSTION,coordinate_absolute,SH_A,ALL_STATUS,breadth_net_new_high_low60,terminal_mean_log_return_h5,-0.0538223635252,1332
NEW_HIGH_LOW__FIVE_DAY_EXHAUSTION,coordinate_absolute,SH_A,NON_ST,breadth_net_new_high_low60,terminal_mean_log_return_h5,-0.0432937229259,1332
NEW_HIGH_LOW__FIVE_DAY_EXHAUSTION,coordinate_absolute,SZ_A,ALL_STATUS,breadth_net_new_high_low60,terminal_mean_log_return_h5,-0.025428885829,1332
NEW_HIGH_LOW__FIVE_DAY_EXHAUSTION,coordinate_absolute,SZ_A,NON_ST,breadth_net_new_high_low60,terminal_mean_log_return_h5,-0.0308513627463,1332
NEW_HIGH_LOW__FIVE_DAY_EXHAUSTION,coordinate_pit_3y,ALL_A,ALL_STATUS,breadth_net_new_high_low60_pit_3y_pct,terminal_mean_log_return_h5,-0.0729393332406,829
NEW_HIGH_LOW__FIVE_DAY_EXHAUSTION,coordinate_pit_3y,ALL_A,NON_ST,breadth_net_new_high_low60_pit_3y_pct,terminal_mean_log_return_h5,-0.0691237333269,829
NEW_HIGH_LOW__FIVE_DAY_EXHAUSTION,coordinate_pit_3y,CHINEXT_BOARD,ALL_STATUS,breadth_net_new_high_low60_pit_3y_pct,terminal_mean_log_return_h5,-0.00493405875531,829
NEW_HIGH_LOW__FIVE_DAY_EXHAUSTION,coordinate_pit_3y,CHINEXT_BOARD,NON_ST,breadth_net_new_high_low60_pit_3y_pct,terminal_mean_log_return_h5,-0.00493867063072,829
NEW_HIGH_LOW__FIVE_DAY_EXHAUSTION,coordinate_pit_3y,SH_A,ALL_STATUS,breadth_net_new_high_low60_pit_3y_pct,terminal_mean_log_return_h5,-0.0951043335346,829
NEW_HIGH_LOW__FIVE_DAY_EXHAUSTION,coordinate_pit_3y,SH_A,NON_ST,breadth_net_new_high_low60_pit_3y_pct,terminal_mean_log_return_h5,-0.09588805833,829
NEW_HIGH_LOW__FIVE_DAY_EXHAUSTION,coordinate_pit_3y,SZ_A,ALL_STATUS,breadth_net_new_high_low60_pit_3y_pct,terminal_mean_log_return_h5,-0.0416051044961,829
NEW_HIGH_LOW__FIVE_DAY_EXHAUSTION,coordinate_pit_3y,SZ_A,NON_ST,breadth_net_new_high_low60_pit_3y_pct,terminal_mean_log_return_h5,-0.0394049116235,829
NEW_HIGH_LOW__FIVE_DAY_EXHAUSTION,coordinate_pit_expanding,ALL_A,ALL_STATUS,breadth_net_new_high_low60_pit_expanding_pct,terminal_mean_log_return_h5,-0.0736890925199,829
NEW_HIGH_LOW__FIVE_DAY_EXHAUSTION,coordinate_pit_expanding,ALL_A,NON_ST,breadth_net_new_high_low60_pit_expanding_pct,terminal_mean_log_return_h5,-0.0695257466041,829
NEW_HIGH_LOW__FIVE_DAY_EXHAUSTION,coordinate_pit_expanding,CHINEXT_BOARD,ALL_STATUS,breadth_net_new_high_low60_pit_expanding_pct,terminal_mean_log_return_h5,0.00881942847942,829
NEW_HIGH_LOW__FIVE_DAY_EXHAUSTION,coordinate_pit_expanding,CHINEXT_BOARD,NON_ST,breadth_net_new_high_low60_pit_expanding_pct,terminal_mean_log_return_h5,0.00675140912685,829
NEW_HIGH_LOW__FIVE_DAY_EXHAUSTION,coordinate_pit_expanding,SH_A,ALL_STATUS,breadth_net_new_high_low60_pit_expanding_pct,terminal_mean_log_return_h5,-0.0953694796288,829
NEW_HIGH_LOW__FIVE_DAY_EXHAUSTION,coordinate_pit_expanding,SH_A,NON_ST,breadth_net_new_high_low60_pit_expanding_pct,terminal_mean_log_return_h5,-0.0949927690517,829
NEW_HIGH_LOW__FIVE_DAY_EXHAUSTION,coordinate_pit_expanding,SZ_A,ALL_STATUS,breadth_net_new_high_low60_pit_expanding_pct,terminal_mean_log_return_h5,-0.0423104390322,829
NEW_HIGH_LOW__FIVE_DAY_EXHAUSTION,coordinate_pit_expanding,SZ_A,NON_ST,breadth_net_new_high_low60_pit_expanding_pct,terminal_mean_log_return_h5,-0.0384443744208,829
NEW_HIGH_LOW__FIVE_DAY_EXHAUSTION,neighbor_definition,ALL_A,ALL_STATUS,breadth_net_new_high_low40,terminal_mean_log_return_h5,-0.0280419553945,1332
NEW_HIGH_LOW__FIVE_DAY_EXHAUSTION,neighbor_definition,ALL_A,ALL_STATUS,breadth_net_new_high_low80,terminal_mean_log_return_h5,-0.0457209011915,1332
NEW_HIGH_LOW__FIVE_DAY_EXHAUSTION,neighbor_definition,ALL_A,NON_ST,breadth_net_new_high_low40,terminal_mean_log_return_h5,-0.0265260739845,1332
NEW_HIGH_LOW__FIVE_DAY_EXHAUSTION,neighbor_definition,ALL_A,NON_ST,breadth_net_new_high_low80,terminal_mean_log_return_h5,-0.0438380950991,1332
NEW_HIGH_LOW__FIVE_DAY_EXHAUSTION,neighbor_definition,CHINEXT_BOARD,ALL_STATUS,breadth_net_new_high_low40,terminal_mean_log_return_h5,-0.00732210543292,1332
NEW_HIGH_LOW__FIVE_DAY_EXHAUSTION,neighbor_definition,CHINEXT_BOARD,ALL_STATUS,breadth_net_new_high_low80,terminal_mean_log_return_h5,-0.00825134684789,1332
NEW_HIGH_LOW__FIVE_DAY_EXHAUSTION,neighbor_definition,CHINEXT_BOARD,NON_ST,breadth_net_new_high_low40,terminal_mean_log_return_h5,-0.00722320903768,1332
NEW_HIGH_LOW__FIVE_DAY_EXHAUSTION,neighbor_definition,CHINEXT_BOARD,NON_ST,breadth_net_new_high_low80,terminal_mean_log_return_h5,-0.00865633198799,1332
NEW_HIGH_LOW__FIVE_DAY_EXHAUSTION,neighbor_definition,SH_A,ALL_STATUS,breadth_net_new_high_low40,terminal_mean_log_return_h5,-0.0331766294717,1332
NEW_HIGH_LOW__FIVE_DAY_EXHAUSTION,neighbor_definition,SH_A,ALL_STATUS,breadth_net_new_high_low80,terminal_mean_log_return_h5,-0.0612615136118,1332
NEW_HIGH_LOW__FIVE_DAY_EXHAUSTION,neighbor_definition,SH_A,NON_ST,breadth_net_new_high_low40,terminal_mean_log_return_h5,-0.0254073819848,1332
NEW_HIGH_LOW__FIVE_DAY_EXHAUSTION,neighbor_definition,SH_A,NON_ST,breadth_net_new_high_low80,terminal_mean_log_return_h5,-0.0529065832402,1332
NEW_HIGH_LOW__FIVE_DAY_EXHAUSTION,neighbor_definition,SZ_A,ALL_STATUS,breadth_net_new_high_low40,terminal_mean_log_return_h5,-0.0212093549772,1332
NEW_HIGH_LOW__FIVE_DAY_EXHAUSTION,neighbor_definition,SZ_A,ALL_STATUS,breadth_net_new_high_low80,terminal_mean_log_return_h5,-0.0298601251887,1332
NEW_HIGH_LOW__FIVE_DAY_EXHAUSTION,neighbor_definition,SZ_A,NON_ST,breadth_net_new_high_low40,terminal_mean_log_return_h5,-0.0235880392978,1332
NEW_HIGH_LOW__FIVE_DAY_EXHAUSTION,neighbor_definition,SZ_A,NON_ST,breadth_net_new_high_low80,terminal_mean_log_return_h5,-0.0311607149086,1332
NEW_HIGH_LOW__FIVE_DAY_EXHAUSTION,pit_year_2020,ALL_A,ALL_STATUS,breadth_net_new_high_low60_pit_3y_pct,terminal_mean_log_return_h5,-0.120123826877,107
NEW_HIGH_LOW__FIVE_DAY_EXHAUSTION,pit_year_2020,ALL_A,NON_ST,breadth_net_new_high_low60_pit_3y_pct,terminal_mean_log_return_h5,-0.116646094163,107
NEW_HIGH_LOW__FIVE_DAY_EXHAUSTION,pit_year_2020,CHINEXT_BOARD,ALL_STATUS,breadth_net_new_high_low60_pit_3y_pct,terminal_mean_log_return_h5,0.0296635905876,107
NEW_HIGH_LOW__FIVE_DAY_EXHAUSTION,pit_year_2020,CHINEXT_BOARD,NON_ST,breadth_net_new_high_low60_pit_3y_pct,terminal_mean_log_return_h5,0.029849722761,107
NEW_HIGH_LOW__FIVE_DAY_EXHAUSTION,pit_year_2020,SH_A,ALL_STATUS,breadth_net_new_high_low60_pit_3y_pct,terminal_mean_log_return_h5,-0.142694802014,107
NEW_HIGH_LOW__FIVE_DAY_EXHAUSTION,pit_year_2020,SH_A,NON_ST,breadth_net_new_high_low60_pit_3y_pct,terminal_mean_log_return_h5,-0.133133486158,107
NEW_HIGH_LOW__FIVE_DAY_EXHAUSTION,pit_year_2020,SZ_A,ALL_STATUS,breadth_net_new_high_low60_pit_3y_pct,terminal_mean_log_return_h5,-0.0646956249143,107
NEW_HIGH_LOW__FIVE_DAY_EXHAUSTION,pit_year_2020,SZ_A,NON_ST,breadth_net_new_high_low60_pit_3y_pct,terminal_mean_log_return_h5,-0.0938889868532,107
NEW_HIGH_LOW__FIVE_DAY_EXHAUSTION,pit_year_2021,ALL_A,ALL_STATUS,breadth_net_new_high_low60_pit_3y_pct,terminal_mean_log_return_h5,-0.163162848812,243
NEW_HIGH_LOW__FIVE_DAY_EXHAUSTION,pit_year_2021,ALL_A,NON_ST,breadth_net_new_high_low60_pit_3y_pct,terminal_mean_log_return_h5,-0.126008989143,243
NEW_HIGH_LOW__FIVE_DAY_EXHAUSTION,pit_year_2021,CHINEXT_BOARD,ALL_STATUS,breadth_net_new_high_low60_pit_3y_pct,terminal_mean_log_return_h5,0.00726466973626,243
NEW_HIGH_LOW__FIVE_DAY_EXHAUSTION,pit_year_2021,CHINEXT_BOARD,NON_ST,breadth_net_new_high_low60_pit_3y_pct,terminal_mean_log_return_h5,0.000929148069073,243
NEW_HIGH_LOW__FIVE_DAY_EXHAUSTION,pit_year_2021,SH_A,ALL_STATUS,breadth_net_new_high_low60_pit_3y_pct,terminal_mean_log_return_h5,-0.113467175955,243
NEW_HIGH_LOW__FIVE_DAY_EXHAUSTION,pit_year_2021,SH_A,NON_ST,breadth_net_new_high_low60_pit_3y_pct,terminal_mean_log_return_h5,-0.0976866677093,243
NEW_HIGH_LOW__FIVE_DAY_EXHAUSTION,pit_year_2021,SZ_A,ALL_STATUS,breadth_net_new_high_low60_pit_3y_pct,terminal_mean_log_return_h5,-0.174455976316,243
NEW_HIGH_LOW__FIVE_DAY_EXHAUSTION,pit_year_2021,SZ_A,NON_ST,breadth_net_new_high_low60_pit_3y_pct,terminal_mean_log_return_h5,-0.13444730534,243
NEW_HIGH_LOW__FIVE_DAY_EXHAUSTION,pit_year_2022,ALL_A,ALL_STATUS,breadth_net_new_high_low60_pit_3y_pct,terminal_mean_log_return_h5,-0.107977161907,242
NEW_HIGH_LOW__FIVE_DAY_EXHAUSTION,pit_year_2022,ALL_A,NON_ST,breadth_net_new_high_low60_pit_3y_pct,terminal_mean_log_return_h5,-0.110004405145,242
NEW_HIGH_LOW__FIVE_DAY_EXHAUSTION,pit_year_2022,CHINEXT_BOARD,ALL_STATUS,breadth_net_new_high_low60_pit_3y_pct,terminal_mean_log_return_h5,0.0281293898688,242
NEW_HIGH_LOW__FIVE_DAY_EXHAUSTION,pit_year_2022,CHINEXT_BOARD,NON_ST,breadth_net_new_high_low60_pit_3y_pct,terminal_mean_log_return_h5,0.0254444922051,242
NEW_HIGH_LOW__FIVE_DAY_EXHAUSTION,pit_year_2022,SH_A,ALL_STATUS,breadth_net_new_high_low60_pit_3y_pct,terminal_mean_log_return_h5,-0.158641601082,242
NEW_HIGH_LOW__FIVE_DAY_EXHAUSTION,pit_year_2022,SH_A,NON_ST,breadth_net_new_high_low60_pit_3y_pct,terminal_mean_log_return_h5,-0.158475364722,242
NEW_HIGH_LOW__FIVE_DAY_EXHAUSTION,pit_year_2022,SZ_A,ALL_STATUS,breadth_net_new_high_low60_pit_3y_pct,terminal_mean_log_return_h5,-0.051968505609,242
NEW_HIGH_LOW__FIVE_DAY_EXHAUSTION,pit_year_2022,SZ_A,NON_ST,breadth_net_new_high_low60_pit_3y_pct,terminal_mean_log_return_h5,-0.0488918336544,242
NEW_HIGH_LOW__FIVE_DAY_EXHAUSTION,pit_year_2023,ALL_A,ALL_STATUS,breadth_net_new_high_low60_pit_3y_pct,terminal_mean_log_return_h5,-0.0739650137851,237
NEW_HIGH_LOW__FIVE_DAY_EXHAUSTION,pit_year_2023,ALL_A,NON_ST,breadth_net_new_high_low60_pit_3y_pct,terminal_mean_log_return_h5,-0.070404505894,237
NEW_HIGH_LOW__FIVE_DAY_EXHAUSTION,pit_year_2023,CHINEXT_BOARD,ALL_STATUS,breadth_net_new_high_low60_pit_3y_pct,terminal_mean_log_return_h5,-0.139812494384,237
NEW_HIGH_LOW__FIVE_DAY_EXHAUSTION,pit_year_2023,CHINEXT_BOARD,NON_ST,breadth_net_new_high_low60_pit_3y_pct,terminal_mean_log_return_h5,-0.132771900608,237
NEW_HIGH_LOW__FIVE_DAY_EXHAUSTION,pit_year_2023,SH_A,ALL_STATUS,breadth_net_new_high_low60_pit_3y_pct,terminal_mean_log_return_h5,-0.133865497174,237
NEW_HIGH_LOW__FIVE_DAY_EXHAUSTION,pit_year_2023,SH_A,NON_ST,breadth_net_new_high_low60_pit_3y_pct,terminal_mean_log_return_h5,-0.134603769582,237
NEW_HIGH_LOW__FIVE_DAY_EXHAUSTION,pit_year_2023,SZ_A,ALL_STATUS,breadth_net_new_high_low60_pit_3y_pct,terminal_mean_log_return_h5,-0.0175709867572,237
NEW_HIGH_LOW__FIVE_DAY_EXHAUSTION,pit_year_2023,SZ_A,NON_ST,breadth_net_new_high_low60_pit_3y_pct,terminal_mean_log_return_h5,-0.0167474682295,237
