audit_type,channel,scope,scope_value,market_view,denominator,coordinate,horizon,n,partial_rho,low_n,high_n,tail_residual_gap,closing_arm
arm_robustness,PREOPEN_PATH_DOWNSIDE,cell,ALL_A:ALL_STATUS:accepted,ALL_A,ALL_STATUS,pit,3,829,-0.18309634403072256,,,,accepted
arm_robustness,PREOPEN_PATH_DOWNSIDE,cell,ALL_A:ALL_STATUS:rejected,ALL_A,ALL_STATUS,pit,3,829,-0.29880353992725311,,,,rejected
arm_robustness,PREOPEN_PATH_DOWNSIDE,cell,ALL_A:NON_ST:accepted,ALL_A,NON_ST,pit,3,829,-0.18963177076192372,,,,accepted
arm_robustness,PREOPEN_PATH_DOWNSIDE,cell,ALL_A:NON_ST:rejected,ALL_A,NON_ST,pit,3,829,-0.29850616650843842,,,,rejected
arm_robustness,PREOPEN_PATH_DOWNSIDE,cell,CHINEXT_BOARD:ALL_STATUS:accepted,CHINEXT_BOARD,ALL_STATUS,pit,3,826,-0.20321445679626798,,,,accepted
arm_robustness,PREOPEN_PATH_DOWNSIDE,cell,CHINEXT_BOARD:ALL_STATUS:rejected,CHINEXT_BOARD,ALL_STATUS,pit,3,826,-0.23024687548882616,,,,rejected
arm_robustness,PREOPEN_PATH_DOWNSIDE,cell,CHINEXT_BOARD:NON_ST:accepted,CHINEXT_BOARD,NON_ST,pit,3,827,-0.20202385410926652,,,,accepted
arm_robustness,PREOPEN_PATH_DOWNSIDE,cell,CHINEXT_BOARD:NON_ST:rejected,CHINEXT_BOARD,NON_ST,pit,3,827,-0.22835765781806044,,,,rejected
arm_robustness,PREOPEN_PATH_DOWNSIDE,cell,SH_A:ALL_STATUS:accepted,SH_A,ALL_STATUS,pit,3,829,-0.17943062081449013,,,,accepted
arm_robustness,PREOPEN_PATH_DOWNSIDE,cell,SH_A:ALL_STATUS:rejected,SH_A,ALL_STATUS,pit,3,829,-0.25276530981230516,,,,rejected
arm_robustness,PREOPEN_PATH_DOWNSIDE,cell,SH_A:NON_ST:accepted,SH_A,NON_ST,pit,3,829,-0.18668089900270027,,,,accepted
arm_robustness,PREOPEN_PATH_DOWNSIDE,cell,SH_A:NON_ST:rejected,SH_A,NON_ST,pit,3,829,-0.25197594643959481,,,,rejected
arm_robustness,PREOPEN_PATH_DOWNSIDE,cell,SZ_A:ALL_STATUS:accepted,SZ_A,ALL_STATUS,pit,3,829,-0.16650203587239354,,,,accepted
arm_robustness,PREOPEN_PATH_DOWNSIDE,cell,SZ_A:ALL_STATUS:rejected,SZ_A,ALL_STATUS,pit,3,829,-0.28788870549104217,,,,rejected
arm_robustness,PREOPEN_PATH_DOWNSIDE,cell,SZ_A:NON_ST:accepted,SZ_A,NON_ST,pit,3,829,-0.16935231451275479,,,,accepted
arm_robustness,PREOPEN_PATH_DOWNSIDE,cell,SZ_A:NON_ST:rejected,SZ_A,NON_ST,pit,3,829,-0.28770059914551438,,,,rejected
arm_robustness,TROUGH_SESSION_INTRADAY_DOWNSIDE,cell,ALL_A:ALL_STATUS:accepted,ALL_A,ALL_STATUS,pit,3,829,-0.41027339538951579,,,,accepted
arm_robustness,TROUGH_SESSION_INTRADAY_DOWNSIDE,cell,ALL_A:ALL_STATUS:rejected,ALL_A,ALL_STATUS,pit,3,829,-0.38764449078502317,,,,rejected
arm_robustness,TROUGH_SESSION_INTRADAY_DOWNSIDE,cell,ALL_A:NON_ST:accepted,ALL_A,NON_ST,pit,3,829,-0.40945739167931644,,,,accepted
arm_robustness,TROUGH_SESSION_INTRADAY_DOWNSIDE,cell,ALL_A:NON_ST:rejected,ALL_A,NON_ST,pit,3,829,-0.39221110812436211,,,,rejected
arm_robustness,TROUGH_SESSION_INTRADAY_DOWNSIDE,cell,CHINEXT_BOARD:ALL_STATUS:accepted,CHINEXT_BOARD,ALL_STATUS,pit,3,826,-0.26913887402599806,,,,accepted
arm_robustness,TROUGH_SESSION_INTRADAY_DOWNSIDE,cell,CHINEXT_BOARD:ALL_STATUS:rejected,CHINEXT_BOARD,ALL_STATUS,pit,3,826,-0.267748873586795,,,,rejected
arm_robustness,TROUGH_SESSION_INTRADAY_DOWNSIDE,cell,CHINEXT_BOARD:NON_ST:accepted,CHINEXT_BOARD,NON_ST,pit,3,827,-0.26464225958386872,,,,accepted
arm_robustness,TROUGH_SESSION_INTRADAY_DOWNSIDE,cell,CHINEXT_BOARD:NON_ST:rejected,CHINEXT_BOARD,NON_ST,pit,3,827,-0.25879075829312786,,,,rejected
arm_robustness,TROUGH_SESSION_INTRADAY_DOWNSIDE,cell,SH_A:ALL_STATUS:accepted,SH_A,ALL_STATUS,pit,3,829,-0.40734030034456037,,,,accepted
arm_robustness,TROUGH_SESSION_INTRADAY_DOWNSIDE,cell,SH_A:ALL_STATUS:rejected,SH_A,ALL_STATUS,pit,3,829,-0.36757391885264701,,,,rejected
arm_robustness,TROUGH_SESSION_INTRADAY_DOWNSIDE,cell,SH_A:NON_ST:accepted,SH_A,NON_ST,pit,3,829,-0.40689850088191398,,,,accepted
arm_robustness,TROUGH_SESSION_INTRADAY_DOWNSIDE,cell,SH_A:NON_ST:rejected,SH_A,NON_ST,pit,3,829,-0.36957634722852861,,,,rejected
arm_robustness,TROUGH_SESSION_INTRADAY_DOWNSIDE,cell,SZ_A:ALL_STATUS:accepted,SZ_A,ALL_STATUS,pit,3,829,-0.32161543243316981,,,,accepted
arm_robustness,TROUGH_SESSION_INTRADAY_DOWNSIDE,cell,SZ_A:ALL_STATUS:rejected,SZ_A,ALL_STATUS,pit,3,829,-0.32399537643545256,,,,rejected
arm_robustness,TROUGH_SESSION_INTRADAY_DOWNSIDE,cell,SZ_A:NON_ST:accepted,SZ_A,NON_ST,pit,3,829,-0.31974858996035838,,,,accepted
arm_robustness,TROUGH_SESSION_INTRADAY_DOWNSIDE,cell,SZ_A:NON_ST:rejected,SZ_A,NON_ST,pit,3,829,-0.32659116864531768,,,,rejected
partial_rank,PREOPEN_PATH_DOWNSIDE,block,A,ALL_A,ALL_STATUS,pit,3,107,-0.24200265354481679,,,,
partial_rank,PREOPEN_PATH_DOWNSIDE,block,A,ALL_A,NON_ST,pit,3,107,-0.24620167416344996,,,,
partial_rank,PREOPEN_PATH_DOWNSIDE,block,A,CHINEXT_BOARD,ALL_STATUS,pit,3,107,-0.18186519610905741,,,,
partial_rank,PREOPEN_PATH_DOWNSIDE,block,A,CHINEXT_BOARD,NON_ST,pit,3,107,-0.17765299426233486,,,,
partial_rank,PREOPEN_PATH_DOWNSIDE,block,A,SH_A,ALL_STATUS,pit,3,107,-0.17299242630825706,,,,
partial_rank,PREOPEN_PATH_DOWNSIDE,block,A,SH_A,NON_ST,pit,3,107,-0.16692636327385973,,,,
partial_rank,PREOPEN_PATH_DOWNSIDE,block,A,SZ_A,ALL_STATUS,pit,3,107,-0.21117278877334433,,,,
partial_rank,PREOPEN_PATH_DOWNSIDE,block,A,SZ_A,NON_ST,pit,3,107,-0.20362573303542822,,,,
partial_rank,PREOPEN_PATH_DOWNSIDE,block,B,ALL_A,ALL_STATUS,pit,3,722,-0.28587614257873512,,,,
partial_rank,PREOPEN_PATH_DOWNSIDE,block,B,ALL_A,NON_ST,pit,3,722,-0.29203275116921396,,,,
partial_rank,PREOPEN_PATH_DOWNSIDE,block,B,CHINEXT_BOARD,ALL_STATUS,pit,3,719,-0.26862877666697826,,,,
partial_rank,PREOPEN_PATH_DOWNSIDE,block,B,CHINEXT_BOARD,NON_ST,pit,3,720,-0.26843640368402261,,,,
partial_rank,PREOPEN_PATH_DOWNSIDE,block,B,SH_A,ALL_STATUS,pit,3,722,-0.28091659574924543,,,,
partial_rank,PREOPEN_PATH_DOWNSIDE,block,B,SH_A,NON_ST,pit,3,722,-0.28725992320250293,,,,
partial_rank,PREOPEN_PATH_DOWNSIDE,block,B,SZ_A,ALL_STATUS,pit,3,722,-0.27175984138973747,,,,
partial_rank,PREOPEN_PATH_DOWNSIDE,block,B,SZ_A,NON_ST,pit,3,722,-0.27650382952655111,,,,
partial_rank,PREOPEN_PATH_DOWNSIDE,cell,ALL_A:ALL_STATUS,ALL_A,ALL_STATUS,absolute,1,829,-0.073661030453104487,,,,
partial_rank,PREOPEN_PATH_DOWNSIDE,cell,ALL_A:ALL_STATUS,ALL_A,ALL_STATUS,absolute,3,829,-0.27449804971830277,,,,
partial_rank,PREOPEN_PATH_DOWNSIDE,cell,ALL_A:ALL_STATUS,ALL_A,ALL_STATUS,absolute,5,829,-0.29892491810754418,,,,
partial_rank,PREOPEN_PATH_DOWNSIDE,cell,ALL_A:ALL_STATUS,ALL_A,ALL_STATUS,pit,1,829,-0.07381215246884533,,,,
partial_rank,PREOPEN_PATH_DOWNSIDE,cell,ALL_A:ALL_STATUS,ALL_A,ALL_STATUS,pit,3,829,-0.27477799379601753,,,,
partial_rank,PREOPEN_PATH_DOWNSIDE,cell,ALL_A:ALL_STATUS,ALL_A,ALL_STATUS,pit,5,829,-0.29951860227075372,,,,
partial_rank,PREOPEN_PATH_DOWNSIDE,cell,ALL_A:NON_ST,ALL_A,NON_ST,absolute,1,829,-0.08664100595293267,,,,
partial_rank,PREOPEN_PATH_DOWNSIDE,cell,ALL_A:NON_ST,ALL_A,NON_ST,absolute,3,829,-0.28036659157114641,,,,
partial_rank,PREOPEN_PATH_DOWNSIDE,cell,ALL_A:NON_ST,ALL_A,NON_ST,absolute,5,829,-0.30373358578614512,,,,
partial_rank,PREOPEN_PATH_DOWNSIDE,cell,ALL_A:NON_ST,ALL_A,NON_ST,pit,1,829,-0.087901737505182237,,,,
partial_rank,PREOPEN_PATH_DOWNSIDE,cell,ALL_A:NON_ST,ALL_A,NON_ST,pit,3,829,-0.28066345379623819,,,,
partial_rank,PREOPEN_PATH_DOWNSIDE,cell,ALL_A:NON_ST,ALL_A,NON_ST,pit,5,829,-0.30433693987714205,,,,
partial_rank,PREOPEN_PATH_DOWNSIDE,cell,CHINEXT_BOARD:ALL_STATUS,CHINEXT_BOARD,ALL_STATUS,absolute,1,826,-0.19614605559764167,,,,
partial_rank,PREOPEN_PATH_DOWNSIDE,cell,CHINEXT_BOARD:ALL_STATUS,CHINEXT_BOARD,ALL_STATUS,absolute,3,826,-0.26919302267715978,,,,
partial_rank,PREOPEN_PATH_DOWNSIDE,cell,CHINEXT_BOARD:ALL_STATUS,CHINEXT_BOARD,ALL_STATUS,absolute,5,826,-0.31040276036089753,,,,
partial_rank,PREOPEN_PATH_DOWNSIDE,cell,CHINEXT_BOARD:ALL_STATUS,CHINEXT_BOARD,ALL_STATUS,pit,1,826,-0.18071329002057801,,,,
partial_rank,PREOPEN_PATH_DOWNSIDE,cell,CHINEXT_BOARD:ALL_STATUS,CHINEXT_BOARD,ALL_STATUS,pit,3,826,-0.25494600740414103,,,,
partial_rank,PREOPEN_PATH_DOWNSIDE,cell,CHINEXT_BOARD:ALL_STATUS,CHINEXT_BOARD,ALL_STATUS,pit,5,826,-0.29819220616293268,,,,
partial_rank,PREOPEN_PATH_DOWNSIDE,cell,CHINEXT_BOARD:NON_ST,CHINEXT_BOARD,NON_ST,absolute,1,827,-0.20174202696703508,,,,
partial_rank,PREOPEN_PATH_DOWNSIDE,cell,CHINEXT_BOARD:NON_ST,CHINEXT_BOARD,NON_ST,absolute,3,827,-0.26838617332600012,,,,
partial_rank,PREOPEN_PATH_DOWNSIDE,cell,CHINEXT_BOARD:NON_ST,CHINEXT_BOARD,NON_ST,absolute,5,827,-0.30590149353048479,,,,
partial_rank,PREOPEN_PATH_DOWNSIDE,cell,CHINEXT_BOARD:NON_ST,CHINEXT_BOARD,NON_ST,pit,1,827,-0.18686207411886577,,,,
partial_rank,PREOPEN_PATH_DOWNSIDE,cell,CHINEXT_BOARD:NON_ST,CHINEXT_BOARD,NON_ST,pit,3,827,-0.25361427219418925,,,,
partial_rank,PREOPEN_PATH_DOWNSIDE,cell,CHINEXT_BOARD:NON_ST,CHINEXT_BOARD,NON_ST,pit,5,827,-0.29378765143634944,,,,
partial_rank,PREOPEN_PATH_DOWNSIDE,cell,SH_A:ALL_STATUS,SH_A,ALL_STATUS,absolute,1,829,-0.035198414466034514,,,,
partial_rank,PREOPEN_PATH_DOWNSIDE,cell,SH_A:ALL_STATUS,SH_A,ALL_STATUS,absolute,3,829,-0.25151756971559747,,,,
partial_rank,PREOPEN_PATH_DOWNSIDE,cell,SH_A:ALL_STATUS,SH_A,ALL_STATUS,absolute,5,829,-0.27864172968016143,,,,
partial_rank,PREOPEN_PATH_DOWNSIDE,cell,SH_A:ALL_STATUS,SH_A,ALL_STATUS,pit,1,829,-0.036584732115573927,,,,
partial_rank,PREOPEN_PATH_DOWNSIDE,cell,SH_A:ALL_STATUS,SH_A,ALL_STATUS,pit,3,829,-0.26002459540670614,,,,
partial_rank,PREOPEN_PATH_DOWNSIDE,cell,SH_A:ALL_STATUS,SH_A,ALL_STATUS,pit,5,829,-0.28541470836264915,,,,
partial_rank,PREOPEN_PATH_DOWNSIDE,cell,SH_A:NON_ST,SH_A,NON_ST,absolute,1,829,-0.045007389368839648,,,,
partial_rank,PREOPEN_PATH_DOWNSIDE,cell,SH_A:NON_ST,SH_A,NON_ST,absolute,3,829,-0.25691078310723375,,,,
partial_rank,PREOPEN_PATH_DOWNSIDE,cell,SH_A:NON_ST,SH_A,NON_ST,absolute,5,829,-0.28178022945509534,,,,
partial_rank,PREOPEN_PATH_DOWNSIDE,cell,SH_A:NON_ST,SH_A,NON_ST,pit,1,829,-0.047411572697481481,,,,
partial_rank,PREOPEN_PATH_DOWNSIDE,cell,SH_A:NON_ST,SH_A,NON_ST,pit,3,829,-0.26547100695336179,,,,
partial_rank,PREOPEN_PATH_DOWNSIDE,cell,SH_A:NON_ST,SH_A,NON_ST,pit,5,829,-0.28813034727793407,,,,
partial_rank,PREOPEN_PATH_DOWNSIDE,cell,SZ_A:ALL_STATUS,SZ_A,ALL_STATUS,absolute,1,829,-0.078166689138752771,,,,
partial_rank,PREOPEN_PATH_DOWNSIDE,cell,SZ_A:ALL_STATUS,SZ_A,ALL_STATUS,absolute,3,829,-0.26696071484465977,,,,
partial_rank,PREOPEN_PATH_DOWNSIDE,cell,SZ_A:ALL_STATUS,SZ_A,ALL_STATUS,absolute,5,829,-0.28140454807237425,,,,
partial_rank,PREOPEN_PATH_DOWNSIDE,cell,SZ_A:ALL_STATUS,SZ_A,ALL_STATUS,pit,1,829,-0.075838393807889107,,,,
partial_rank,PREOPEN_PATH_DOWNSIDE,cell,SZ_A:ALL_STATUS,SZ_A,ALL_STATUS,pit,3,829,-0.26138638506549988,,,,
partial_rank,PREOPEN_PATH_DOWNSIDE,cell,SZ_A:ALL_STATUS,SZ_A,ALL_STATUS,pit,5,829,-0.27939129175215,,,,
partial_rank,PREOPEN_PATH_DOWNSIDE,cell,SZ_A:NON_ST,SZ_A,NON_ST,absolute,1,829,-0.089442296237397328,,,,
partial_rank,PREOPEN_PATH_DOWNSIDE,cell,SZ_A:NON_ST,SZ_A,NON_ST,absolute,3,829,-0.27148877410970768,,,,
partial_rank,PREOPEN_PATH_DOWNSIDE,cell,SZ_A:NON_ST,SZ_A,NON_ST,absolute,5,829,-0.28245579872743004,,,,
partial_rank,PREOPEN_PATH_DOWNSIDE,cell,SZ_A:NON_ST,SZ_A,NON_ST,pit,1,829,-0.088157958914584653,,,,
partial_rank,PREOPEN_PATH_DOWNSIDE,cell,SZ_A:NON_ST,SZ_A,NON_ST,pit,3,829,-0.26537073154924373,,,,
partial_rank,PREOPEN_PATH_DOWNSIDE,cell,SZ_A:NON_ST,SZ_A,NON_ST,pit,5,829,-0.28000277882225222,,,,
partial_rank,PREOPEN_PATH_DOWNSIDE,leave_one_year_out,2020,ALL_A,ALL_STATUS,pit,3,722,-0.28587614257873512,,,,
partial_rank,PREOPEN_PATH_DOWNSIDE,leave_one_year_out,2020,ALL_A,NON_ST,pit,3,722,-0.29203275116921396,,,,
partial_rank,PREOPEN_PATH_DOWNSIDE,leave_one_year_out,2020,CHINEXT_BOARD,ALL_STATUS,pit,3,719,-0.26862877666697826,,,,
partial_rank,PREOPEN_PATH_DOWNSIDE,leave_one_year_out,2020,CHINEXT_BOARD,NON_ST,pit,3,720,-0.26843640368402261,,,,
partial_rank,PREOPEN_PATH_DOWNSIDE,leave_one_year_out,2020,SH_A,ALL_STATUS,pit,3,722,-0.28091659574924543,,,,
partial_rank,PREOPEN_PATH_DOWNSIDE,leave_one_year_out,2020,SH_A,NON_ST,pit,3,722,-0.28725992320250293,,,,
partial_rank,PREOPEN_PATH_DOWNSIDE,leave_one_year_out,2020,SZ_A,ALL_STATUS,pit,3,722,-0.27175984138973747,,,,
partial_rank,PREOPEN_PATH_DOWNSIDE,leave_one_year_out,2020,SZ_A,NON_ST,pit,3,722,-0.27650382952655111,,,,
partial_rank,PREOPEN_PATH_DOWNSIDE,leave_one_year_out,2021,ALL_A,ALL_STATUS,pit,3,586,-0.35015297617241459,,,,
partial_rank,PREOPEN_PATH_DOWNSIDE,leave_one_year_out,2021,ALL_A,NON_ST,pit,3,586,-0.35126280785444175,,,,
partial_rank,PREOPEN_PATH_DOWNSIDE,leave_one_year_out,2021,CHINEXT_BOARD,ALL_STATUS,pit,3,586,-0.30316887834947753,,,,
partial_rank,PREOPEN_PATH_DOWNSIDE,leave_one_year_out,2021,CHINEXT_BOARD,NON_ST,pit,3,586,-0.30164012437568394,,,,
partial_rank,PREOPEN_PATH_DOWNSIDE,leave_one_year_out,2021,SH_A,ALL_STATUS,pit,3,586,-0.30947827679245149,,,,
partial_rank,PREOPEN_PATH_DOWNSIDE,leave_one_year_out,2021,SH_A,NON_ST,pit,3,586,-0.31420562911292027,,,,
partial_rank,PREOPEN_PATH_DOWNSIDE,leave_one_year_out,2021,SZ_A,ALL_STATUS,pit,3,586,-0.33158163721489781,,,,
partial_rank,PREOPEN_PATH_DOWNSIDE,leave_one_year_out,2021,SZ_A,NON_ST,pit,3,586,-0.33033228782502505,,,,
partial_rank,PREOPEN_PATH_DOWNSIDE,leave_one_year_out,2022,ALL_A,ALL_STATUS,pit,3,587,-0.29575127431584608,,,,
partial_rank,PREOPEN_PATH_DOWNSIDE,leave_one_year_out,2022,ALL_A,NON_ST,pit,3,587,-0.30253372276374441,,,,
partial_rank,PREOPEN_PATH_DOWNSIDE,leave_one_year_out,2022,CHINEXT_BOARD,ALL_STATUS,pit,3,584,-0.25697937741242677,,,,
partial_rank,PREOPEN_PATH_DOWNSIDE,leave_one_year_out,2022,CHINEXT_BOARD,NON_ST,pit,3,585,-0.25308575477617729,,,,
partial_rank,PREOPEN_PATH_DOWNSIDE,leave_one_year_out,2022,SH_A,ALL_STATUS,pit,3,587,-0.29260810502953244,,,,
partial_rank,PREOPEN_PATH_DOWNSIDE,leave_one_year_out,2022,SH_A,NON_ST,pit,3,587,-0.29931945990179837,,,,
partial_rank,PREOPEN_PATH_DOWNSIDE,leave_one_year_out,2022,SZ_A,ALL_STATUS,pit,3,587,-0.25619927601867398,,,,
partial_rank,PREOPEN_PATH_DOWNSIDE,leave_one_year_out,2022,SZ_A,NON_ST,pit,3,587,-0.26100659861744469,,,,
partial_rank,PREOPEN_PATH_DOWNSIDE,leave_one_year_out,2023,ALL_A,ALL_STATUS,pit,3,592,-0.18329490861548453,,,,
partial_rank,PREOPEN_PATH_DOWNSIDE,leave_one_year_out,2023,ALL_A,NON_ST,pit,3,592,-0.1916667530095838,,,,
partial_rank,PREOPEN_PATH_DOWNSIDE,leave_one_year_out,2023,CHINEXT_BOARD,ALL_STATUS,pit,3,589,-0.18783515769778555,,,,
partial_rank,PREOPEN_PATH_DOWNSIDE,leave_one_year_out,2023,CHINEXT_BOARD,NON_ST,pit,3,590,-0.1871788403723226,,,,
partial_rank,PREOPEN_PATH_DOWNSIDE,leave_one_year_out,2023,SH_A,ALL_STATUS,pit,3,592,-0.17024400167613563,,,,
partial_rank,PREOPEN_PATH_DOWNSIDE,leave_one_year_out,2023,SH_A,NON_ST,pit,3,592,-0.17443203885326461,,,,
partial_rank,PREOPEN_PATH_DOWNSIDE,leave_one_year_out,2023,SZ_A,ALL_STATUS,pit,3,592,-0.19432769080517268,,,,
partial_rank,PREOPEN_PATH_DOWNSIDE,leave_one_year_out,2023,SZ_A,NON_ST,pit,3,592,-0.20172165037883863,,,,
partial_rank,PREOPEN_PATH_DOWNSIDE,phase,0,ALL_A,ALL_STATUS,pit,3,276,-0.29240414598251507,,,,
partial_rank,PREOPEN_PATH_DOWNSIDE,phase,0,ALL_A,ALL_STATUS,pit,5,166,-0.25258252709631285,,,,
partial_rank,PREOPEN_PATH_DOWNSIDE,phase,0,ALL_A,NON_ST,pit,3,276,-0.29790224273667038,,,,
partial_rank,PREOPEN_PATH_DOWNSIDE,phase,0,ALL_A,NON_ST,pit,5,166,-0.26231390632851792,,,,
partial_rank,PREOPEN_PATH_DOWNSIDE,phase,0,CHINEXT_BOARD,ALL_STATUS,pit,3,275,-0.30186386547172772,,,,
partial_rank,PREOPEN_PATH_DOWNSIDE,phase,0,CHINEXT_BOARD,ALL_STATUS,pit,5,166,-0.29393752306635418,,,,
partial_rank,PREOPEN_PATH_DOWNSIDE,phase,0,CHINEXT_BOARD,NON_ST,pit,3,275,-0.30261104239876507,,,,
partial_rank,PREOPEN_PATH_DOWNSIDE,phase,0,CHINEXT_BOARD,NON_ST,pit,5,166,-0.29363644697234975,,,,
partial_rank,PREOPEN_PATH_DOWNSIDE,phase,0,SH_A,ALL_STATUS,pit,3,276,-0.27180105743613064,,,,
partial_rank,PREOPEN_PATH_DOWNSIDE,phase,0,SH_A,ALL_STATUS,pit,5,166,-0.22342670420167846,,,,
partial_rank,PREOPEN_PATH_DOWNSIDE,phase,0,SH_A,NON_ST,pit,3,276,-0.2756993834676737,,,,
partial_rank,PREOPEN_PATH_DOWNSIDE,phase,0,SH_A,NON_ST,pit,5,166,-0.22460721144489917,,,,
partial_rank,PREOPEN_PATH_DOWNSIDE,phase,0,SZ_A,ALL_STATUS,pit,3,276,-0.2544622872397323,,,,
partial_rank,PREOPEN_PATH_DOWNSIDE,phase,0,SZ_A,ALL_STATUS,pit,5,166,-0.22765779404273243,,,,
partial_rank,PREOPEN_PATH_DOWNSIDE,phase,0,SZ_A,NON_ST,pit,3,276,-0.26502384233617626,,,,
partial_rank,PREOPEN_PATH_DOWNSIDE,phase,0,SZ_A,NON_ST,pit,5,166,-0.23145272819759613,,,,
partial_rank,PREOPEN_PATH_DOWNSIDE,phase,1,ALL_A,ALL_STATUS,pit,3,277,-0.27370185792631846,,,,
partial_rank,PREOPEN_PATH_DOWNSIDE,phase,1,ALL_A,ALL_STATUS,pit,5,166,-0.36329085543011952,,,,
partial_rank,PREOPEN_PATH_DOWNSIDE,phase,1,ALL_A,NON_ST,pit,3,277,-0.2821670933549234,,,,
partial_rank,PREOPEN_PATH_DOWNSIDE,phase,1,ALL_A,NON_ST,pit,5,166,-0.37388961700665913,,,,
partial_rank,PREOPEN_PATH_DOWNSIDE,phase,1,CHINEXT_BOARD,ALL_STATUS,pit,3,277,-0.11673237724912963,,,,
partial_rank,PREOPEN_PATH_DOWNSIDE,phase,1,CHINEXT_BOARD,ALL_STATUS,pit,5,164,-0.30040562649727581,,,,
partial_rank,PREOPEN_PATH_DOWNSIDE,phase,1,CHINEXT_BOARD,NON_ST,pit,3,277,-0.11082328276149071,,,,
partial_rank,PREOPEN_PATH_DOWNSIDE,phase,1,CHINEXT_BOARD,NON_ST,pit,5,165,-0.28224639396905066,,,,
partial_rank,PREOPEN_PATH_DOWNSIDE,phase,1,SH_A,ALL_STATUS,pit,3,277,-0.2447408388925493,,,,
partial_rank,PREOPEN_PATH_DOWNSIDE,phase,1,SH_A,ALL_STATUS,pit,5,166,-0.42169705217513059,,,,
partial_rank,PREOPEN_PATH_DOWNSIDE,phase,1,SH_A,NON_ST,pit,3,277,-0.25964374158067721,,,,
partial_rank,PREOPEN_PATH_DOWNSIDE,phase,1,SH_A,NON_ST,pit,5,166,-0.42835353272572796,,,,
partial_rank,PREOPEN_PATH_DOWNSIDE,phase,1,SZ_A,ALL_STATUS,pit,3,277,-0.25969424456493823,,,,
partial_rank,PREOPEN_PATH_DOWNSIDE,phase,1,SZ_A,ALL_STATUS,pit,5,166,-0.32001307255933387,,,,
partial_rank,PREOPEN_PATH_DOWNSIDE,phase,1,SZ_A,NON_ST,pit,3,277,-0.25389352000738363,,,,
partial_rank,PREOPEN_PATH_DOWNSIDE,phase,1,SZ_A,NON_ST,pit,5,166,-0.31390829307607837,,,,
partial_rank,PREOPEN_PATH_DOWNSIDE,phase,2,ALL_A,ALL_STATUS,pit,3,276,-0.239650566125235,,,,
partial_rank,PREOPEN_PATH_DOWNSIDE,phase,2,ALL_A,ALL_STATUS,pit,5,165,-0.26171295823070817,,,,
partial_rank,PREOPEN_PATH_DOWNSIDE,phase,2,ALL_A,NON_ST,pit,3,276,-0.24872205207679107,,,,
partial_rank,PREOPEN_PATH_DOWNSIDE,phase,2,ALL_A,NON_ST,pit,5,165,-0.26298205863112384,,,,
partial_rank,PREOPEN_PATH_DOWNSIDE,phase,2,CHINEXT_BOARD,ALL_STATUS,pit,3,274,-0.32591229422482748,,,,
partial_rank,PREOPEN_PATH_DOWNSIDE,phase,2,CHINEXT_BOARD,ALL_STATUS,pit,5,164,-0.248411087618819,,,,
partial_rank,PREOPEN_PATH_DOWNSIDE,phase,2,CHINEXT_BOARD,NON_ST,pit,3,275,-0.32504010308938552,,,,
partial_rank,PREOPEN_PATH_DOWNSIDE,phase,2,CHINEXT_BOARD,NON_ST,pit,5,164,-0.24852653714403336,,,,
partial_rank,PREOPEN_PATH_DOWNSIDE,phase,2,SH_A,ALL_STATUS,pit,3,276,-0.25702351710551563,,,,
partial_rank,PREOPEN_PATH_DOWNSIDE,phase,2,SH_A,ALL_STATUS,pit,5,165,-0.28111349281149767,,,,
partial_rank,PREOPEN_PATH_DOWNSIDE,phase,2,SH_A,NON_ST,pit,3,276,-0.25710662570546522,,,,
partial_rank,PREOPEN_PATH_DOWNSIDE,phase,2,SH_A,NON_ST,pit,5,165,-0.28086792118360915,,,,
partial_rank,PREOPEN_PATH_DOWNSIDE,phase,2,SZ_A,ALL_STATUS,pit,3,276,-0.26207853327795322,,,,
partial_rank,PREOPEN_PATH_DOWNSIDE,phase,2,SZ_A,ALL_STATUS,pit,5,165,-0.22448316715893293,,,,
partial_rank,PREOPEN_PATH_DOWNSIDE,phase,2,SZ_A,NON_ST,pit,3,276,-0.26687253151121243,,,,
partial_rank,PREOPEN_PATH_DOWNSIDE,phase,2,SZ_A,NON_ST,pit,5,165,-0.22025135932961407,,,,
partial_rank,PREOPEN_PATH_DOWNSIDE,phase,3,ALL_A,ALL_STATUS,pit,5,166,-0.21853653984800558,,,,
partial_rank,PREOPEN_PATH_DOWNSIDE,phase,3,ALL_A,NON_ST,pit,5,166,-0.21548307133687117,,,,
partial_rank,PREOPEN_PATH_DOWNSIDE,phase,3,CHINEXT_BOARD,ALL_STATUS,pit,5,166,-0.25377747648308713,,,,
partial_rank,PREOPEN_PATH_DOWNSIDE,phase,3,CHINEXT_BOARD,NON_ST,pit,5,166,-0.25511389780008259,,,,
partial_rank,PREOPEN_PATH_DOWNSIDE,phase,3,SH_A,ALL_STATUS,pit,5,166,-0.18549922605649349,,,,
partial_rank,PREOPEN_PATH_DOWNSIDE,phase,3,SH_A,NON_ST,pit,5,166,-0.1875287234657827,,,,
partial_rank,PREOPEN_PATH_DOWNSIDE,phase,3,SZ_A,ALL_STATUS,pit,5,166,-0.2445206796715477,,,,
partial_rank,PREOPEN_PATH_DOWNSIDE,phase,3,SZ_A,NON_ST,pit,5,166,-0.23839022542438432,,,,
partial_rank,PREOPEN_PATH_DOWNSIDE,phase,4,ALL_A,ALL_STATUS,pit,5,166,-0.3429283693531594,,,,
partial_rank,PREOPEN_PATH_DOWNSIDE,phase,4,ALL_A,NON_ST,pit,5,166,-0.35612320202135628,,,,
partial_rank,PREOPEN_PATH_DOWNSIDE,phase,4,CHINEXT_BOARD,ALL_STATUS,pit,5,166,-0.36298074951910581,,,,
partial_rank,PREOPEN_PATH_DOWNSIDE,phase,4,CHINEXT_BOARD,NON_ST,pit,5,166,-0.35505535333192551,,,,
partial_rank,PREOPEN_PATH_DOWNSIDE,phase,4,SH_A,ALL_STATUS,pit,5,166,-0.30374892206175041,,,,
partial_rank,PREOPEN_PATH_DOWNSIDE,phase,4,SH_A,NON_ST,pit,5,166,-0.30455915182013987,,,,
partial_rank,PREOPEN_PATH_DOWNSIDE,phase,4,SZ_A,ALL_STATUS,pit,5,166,-0.34090479753211239,,,,
partial_rank,PREOPEN_PATH_DOWNSIDE,phase,4,SZ_A,NON_ST,pit,5,166,-0.34832878064850742,,,,
partial_rank,PREOPEN_PATH_DOWNSIDE,year,2020,ALL_A,ALL_STATUS,pit,3,107,-0.24200265354481679,,,,
partial_rank,PREOPEN_PATH_DOWNSIDE,year,2020,ALL_A,NON_ST,pit,3,107,-0.24620167416344996,,,,
partial_rank,PREOPEN_PATH_DOWNSIDE,year,2020,CHINEXT_BOARD,ALL_STATUS,pit,3,107,-0.18186519610905741,,,,
partial_rank,PREOPEN_PATH_DOWNSIDE,year,2020,CHINEXT_BOARD,NON_ST,pit,3,107,-0.17765299426233486,,,,
partial_rank,PREOPEN_PATH_DOWNSIDE,year,2020,SH_A,ALL_STATUS,pit,3,107,-0.17299242630825706,,,,
partial_rank,PREOPEN_PATH_DOWNSIDE,year,2020,SH_A,NON_ST,pit,3,107,-0.16692636327385973,,,,
partial_rank,PREOPEN_PATH_DOWNSIDE,year,2020,SZ_A,ALL_STATUS,pit,3,107,-0.21117278877334433,,,,
partial_rank,PREOPEN_PATH_DOWNSIDE,year,2020,SZ_A,NON_ST,pit,3,107,-0.20362573303542822,,,,
partial_rank,PREOPEN_PATH_DOWNSIDE,year,2021,ALL_A,ALL_STATUS,pit,3,243,-0.079682469726589072,,,,
partial_rank,PREOPEN_PATH_DOWNSIDE,year,2021,ALL_A,NON_ST,pit,3,243,-0.098929124515795885,,,,
partial_rank,PREOPEN_PATH_DOWNSIDE,year,2021,CHINEXT_BOARD,ALL_STATUS,pit,3,240,-0.089805974620777412,,,,
partial_rank,PREOPEN_PATH_DOWNSIDE,year,2021,CHINEXT_BOARD,NON_ST,pit,3,241,-0.090001635602828742,,,,
partial_rank,PREOPEN_PATH_DOWNSIDE,year,2021,SH_A,ALL_STATUS,pit,3,243,-0.14012000975598549,,,,
partial_rank,PREOPEN_PATH_DOWNSIDE,year,2021,SH_A,NON_ST,pit,3,243,-0.14988721915160697,,,,
partial_rank,PREOPEN_PATH_DOWNSIDE,year,2021,SZ_A,ALL_STATUS,pit,3,243,-0.060310462932553981,,,,
partial_rank,PREOPEN_PATH_DOWNSIDE,year,2021,SZ_A,NON_ST,pit,3,243,-0.088762240271255038,,,,
partial_rank,PREOPEN_PATH_DOWNSIDE,year,2022,ALL_A,ALL_STATUS,pit,3,242,-0.31111429295199128,,,,
partial_rank,PREOPEN_PATH_DOWNSIDE,year,2022,ALL_A,NON_ST,pit,3,242,-0.31532655769444273,,,,
partial_rank,PREOPEN_PATH_DOWNSIDE,year,2022,CHINEXT_BOARD,ALL_STATUS,pit,3,242,-0.2550519933554195,,,,
partial_rank,PREOPEN_PATH_DOWNSIDE,year,2022,CHINEXT_BOARD,NON_ST,pit,3,242,-0.2571879513751627,,,,
partial_rank,PREOPEN_PATH_DOWNSIDE,year,2022,SH_A,ALL_STATUS,pit,3,242,-0.24836515708502183,,,,
partial_rank,PREOPEN_PATH_DOWNSIDE,year,2022,SH_A,NON_ST,pit,3,242,-0.25602826317823513,,,,
partial_rank,PREOPEN_PATH_DOWNSIDE,year,2022,SZ_A,ALL_STATUS,pit,3,242,-0.30251920168987795,,,,
partial_rank,PREOPEN_PATH_DOWNSIDE,year,2022,SZ_A,NON_ST,pit,3,242,-0.30899191974283541,,,,
partial_rank,PREOPEN_PATH_DOWNSIDE,year,2023,ALL_A,ALL_STATUS,pit,3,237,-0.50177795730842167,,,,
partial_rank,PREOPEN_PATH_DOWNSIDE,year,2023,ALL_A,NON_ST,pit,3,237,-0.49142651183047187,,,,
partial_rank,PREOPEN_PATH_DOWNSIDE,year,2023,CHINEXT_BOARD,ALL_STATUS,pit,3,237,-0.41942705793197615,,,,
partial_rank,PREOPEN_PATH_DOWNSIDE,year,2023,CHINEXT_BOARD,NON_ST,pit,3,237,-0.41388689601139328,,,,
partial_rank,PREOPEN_PATH_DOWNSIDE,year,2023,SH_A,ALL_STATUS,pit,3,237,-0.47840962362057154,,,,
partial_rank,PREOPEN_PATH_DOWNSIDE,year,2023,SH_A,NON_ST,pit,3,237,-0.48289991042066999,,,,
partial_rank,PREOPEN_PATH_DOWNSIDE,year,2023,SZ_A,ALL_STATUS,pit,3,237,-0.43698474541991628,,,,
partial_rank,PREOPEN_PATH_DOWNSIDE,year,2023,SZ_A,NON_ST,pit,3,237,-0.4233805755478357,,,,
partial_rank,POST_TROUGH_RECOVERY_DIAGNOSTIC,block,A,ALL_A,ALL_STATUS,pit,3,107,0.3461184851639037,,,,
partial_rank,POST_TROUGH_RECOVERY_DIAGNOSTIC,block,A,ALL_A,NON_ST,pit,3,107,0.38841475932114455,,,,
partial_rank,POST_TROUGH_RECOVERY_DIAGNOSTIC,block,A,CHINEXT_BOARD,ALL_STATUS,pit,3,107,0.11170887544691371,,,,
partial_rank,POST_TROUGH_RECOVERY_DIAGNOSTIC,block,A,CHINEXT_BOARD,NON_ST,pit,3,107,0.11368917123487561,,,,
partial_rank,POST_TROUGH_RECOVERY_DIAGNOSTIC,block,A,SH_A,ALL_STATUS,pit,3,107,0.29114442671192947,,,,
partial_rank,POST_TROUGH_RECOVERY_DIAGNOSTIC,block,A,SH_A,NON_ST,pit,3,107,0.35347910168656516,,,,
partial_rank,POST_TROUGH_RECOVERY_DIAGNOSTIC,block,A,SZ_A,ALL_STATUS,pit,3,107,0.29026931177641008,,,,
partial_rank,POST_TROUGH_RECOVERY_DIAGNOSTIC,block,A,SZ_A,NON_ST,pit,3,107,0.32165733179144984,,,,
partial_rank,POST_TROUGH_RECOVERY_DIAGNOSTIC,block,B,ALL_A,ALL_STATUS,pit,3,722,0.4125834632955751,,,,
partial_rank,POST_TROUGH_RECOVERY_DIAGNOSTIC,block,B,ALL_A,NON_ST,pit,3,722,0.40704996189131987,,,,
partial_rank,POST_TROUGH_RECOVERY_DIAGNOSTIC,block,B,CHINEXT_BOARD,ALL_STATUS,pit,3,719,0.28252235478007026,,,,
partial_rank,POST_TROUGH_RECOVERY_DIAGNOSTIC,block,B,CHINEXT_BOARD,NON_ST,pit,3,720,0.28405030017090455,,,,
partial_rank,POST_TROUGH_RECOVERY_DIAGNOSTIC,block,B,SH_A,ALL_STATUS,pit,3,722,0.38565754509134825,,,,
partial_rank,POST_TROUGH_RECOVERY_DIAGNOSTIC,block,B,SH_A,NON_ST,pit,3,722,0.38585145202975946,,,,
partial_rank,POST_TROUGH_RECOVERY_DIAGNOSTIC,block,B,SZ_A,ALL_STATUS,pit,3,722,0.41647320533192872,,,,
partial_rank,POST_TROUGH_RECOVERY_DIAGNOSTIC,block,B,SZ_A,NON_ST,pit,3,722,0.41114768123507128,,,,
partial_rank,POST_TROUGH_RECOVERY_DIAGNOSTIC,cell,ALL_A:ALL_STATUS,ALL_A,ALL_STATUS,absolute,1,829,0.33748118704761176,,,,
partial_rank,POST_TROUGH_RECOVERY_DIAGNOSTIC,cell,ALL_A:ALL_STATUS,ALL_A,ALL_STATUS,absolute,3,829,0.38876367549273555,,,,
partial_rank,POST_TROUGH_RECOVERY_DIAGNOSTIC,cell,ALL_A:ALL_STATUS,ALL_A,ALL_STATUS,absolute,5,829,0.37010086389234265,,,,
partial_rank,POST_TROUGH_RECOVERY_DIAGNOSTIC,cell,ALL_A:ALL_STATUS,ALL_A,ALL_STATUS,pit,1,829,0.34476214087389889,,,,
partial_rank,POST_TROUGH_RECOVERY_DIAGNOSTIC,cell,ALL_A:ALL_STATUS,ALL_A,ALL_STATUS,pit,3,829,0.40439352766843778,,,,
partial_rank,POST_TROUGH_RECOVERY_DIAGNOSTIC,cell,ALL_A:ALL_STATUS,ALL_A,ALL_STATUS,pit,5,829,0.38788791917301263,,,,
partial_rank,POST_TROUGH_RECOVERY_DIAGNOSTIC,cell,ALL_A:NON_ST,ALL_A,NON_ST,absolute,1,829,0.33390146328236608,,,,
partial_rank,POST_TROUGH_RECOVERY_DIAGNOSTIC,cell,ALL_A:NON_ST,ALL_A,NON_ST,absolute,3,829,0.39215415255190145,,,,
partial_rank,POST_TROUGH_RECOVERY_DIAGNOSTIC,cell,ALL_A:NON_ST,ALL_A,NON_ST,absolute,5,829,0.36746100769275741,,,,
partial_rank,POST_TROUGH_RECOVERY_DIAGNOSTIC,cell,ALL_A:NON_ST,ALL_A,NON_ST,pit,1,829,0.33943055635211855,,,,
partial_rank,POST_TROUGH_RECOVERY_DIAGNOSTIC,cell,ALL_A:NON_ST,ALL_A,NON_ST,pit,3,829,0.40399025561586593,,,,
partial_rank,POST_TROUGH_RECOVERY_DIAGNOSTIC,cell,ALL_A:NON_ST,ALL_A,NON_ST,pit,5,829,0.38043329980793728,,,,
partial_rank,POST_TROUGH_RECOVERY_DIAGNOSTIC,cell,CHINEXT_BOARD:ALL_STATUS,CHINEXT_BOARD,ALL_STATUS,absolute,1,826,0.29730665349234581,,,,
partial_rank,POST_TROUGH_RECOVERY_DIAGNOSTIC,cell,CHINEXT_BOARD:ALL_STATUS,CHINEXT_BOARD,ALL_STATUS,absolute,3,826,0.24700161832194761,,,,
partial_rank,POST_TROUGH_RECOVERY_DIAGNOSTIC,cell,CHINEXT_BOARD:ALL_STATUS,CHINEXT_BOARD,ALL_STATUS,absolute,5,826,0.17768128962813576,,,,
partial_rank,POST_TROUGH_RECOVERY_DIAGNOSTIC,cell,CHINEXT_BOARD:ALL_STATUS,CHINEXT_BOARD,ALL_STATUS,pit,1,826,0.29293149820214692,,,,
partial_rank,POST_TROUGH_RECOVERY_DIAGNOSTIC,cell,CHINEXT_BOARD:ALL_STATUS,CHINEXT_BOARD,ALL_STATUS,pit,3,826,0.25885229042645147,,,,
partial_rank,POST_TROUGH_RECOVERY_DIAGNOSTIC,cell,CHINEXT_BOARD:ALL_STATUS,CHINEXT_BOARD,ALL_STATUS,pit,5,826,0.19473946882793944,,,,
partial_rank,POST_TROUGH_RECOVERY_DIAGNOSTIC,cell,CHINEXT_BOARD:NON_ST,CHINEXT_BOARD,NON_ST,absolute,1,827,0.29777183123986212,,,,
partial_rank,POST_TROUGH_RECOVERY_DIAGNOSTIC,cell,CHINEXT_BOARD:NON_ST,CHINEXT_BOARD,NON_ST,absolute,3,827,0.24969910728466047,,,,
partial_rank,POST_TROUGH_RECOVERY_DIAGNOSTIC,cell,CHINEXT_BOARD:NON_ST,CHINEXT_BOARD,NON_ST,absolute,5,827,0.18157331691346756,,,,
partial_rank,POST_TROUGH_RECOVERY_DIAGNOSTIC,cell,CHINEXT_BOARD:NON_ST,CHINEXT_BOARD,NON_ST,pit,1,827,0.29338508673013952,,,,
partial_rank,POST_TROUGH_RECOVERY_DIAGNOSTIC,cell,CHINEXT_BOARD:NON_ST,CHINEXT_BOARD,NON_ST,pit,3,827,0.26139700008921712,,,,
partial_rank,POST_TROUGH_RECOVERY_DIAGNOSTIC,cell,CHINEXT_BOARD:NON_ST,CHINEXT_BOARD,NON_ST,pit,5,827,0.19862240709147594,,,,
partial_rank,POST_TROUGH_RECOVERY_DIAGNOSTIC,cell,SH_A:ALL_STATUS,SH_A,ALL_STATUS,absolute,1,829,0.3481241466184829,,,,
partial_rank,POST_TROUGH_RECOVERY_DIAGNOSTIC,cell,SH_A:ALL_STATUS,SH_A,ALL_STATUS,absolute,3,829,0.36755367259839905,,,,
partial_rank,POST_TROUGH_RECOVERY_DIAGNOSTIC,cell,SH_A:ALL_STATUS,SH_A,ALL_STATUS,absolute,5,829,0.38703252333821292,,,,
partial_rank,POST_TROUGH_RECOVERY_DIAGNOSTIC,cell,SH_A:ALL_STATUS,SH_A,ALL_STATUS,pit,1,829,0.34999511912397596,,,,
partial_rank,POST_TROUGH_RECOVERY_DIAGNOSTIC,cell,SH_A:ALL_STATUS,SH_A,ALL_STATUS,pit,3,829,0.3784388999464362,,,,
partial_rank,POST_TROUGH_RECOVERY_DIAGNOSTIC,cell,SH_A:ALL_STATUS,SH_A,ALL_STATUS,pit,5,829,0.40210795358285734,,,,
partial_rank,POST_TROUGH_RECOVERY_DIAGNOSTIC,cell,SH_A:NON_ST,SH_A,NON_ST,absolute,1,829,0.35007754739660196,,,,
partial_rank,POST_TROUGH_RECOVERY_DIAGNOSTIC,cell,SH_A:NON_ST,SH_A,NON_ST,absolute,3,829,0.37397520508423909,,,,
partial_rank,POST_TROUGH_RECOVERY_DIAGNOSTIC,cell,SH_A:NON_ST,SH_A,NON_ST,absolute,5,829,0.39393480555238469,,,,
partial_rank,POST_TROUGH_RECOVERY_DIAGNOSTIC,cell,SH_A:NON_ST,SH_A,NON_ST,pit,1,829,0.35235816478113052,,,,
partial_rank,POST_TROUGH_RECOVERY_DIAGNOSTIC,cell,SH_A:NON_ST,SH_A,NON_ST,pit,3,829,0.38431008299214042,,,,
partial_rank,POST_TROUGH_RECOVERY_DIAGNOSTIC,cell,SH_A:NON_ST,SH_A,NON_ST,pit,5,829,0.4061128718065003,,,,
partial_rank,POST_TROUGH_RECOVERY_DIAGNOSTIC,cell,SZ_A:ALL_STATUS,SZ_A,ALL_STATUS,absolute,1,829,0.32691504042813663,,,,
partial_rank,POST_TROUGH_RECOVERY_DIAGNOSTIC,cell,SZ_A:ALL_STATUS,SZ_A,ALL_STATUS,absolute,3,829,0.38771707370078085,,,,
partial_rank,POST_TROUGH_RECOVERY_DIAGNOSTIC,cell,SZ_A:ALL_STATUS,SZ_A,ALL_STATUS,absolute,5,829,0.31004761821699611,,,,
partial_rank,POST_TROUGH_RECOVERY_DIAGNOSTIC,cell,SZ_A:ALL_STATUS,SZ_A,ALL_STATUS,pit,1,829,0.33171406372212309,,,,
partial_rank,POST_TROUGH_RECOVERY_DIAGNOSTIC,cell,SZ_A:ALL_STATUS,SZ_A,ALL_STATUS,pit,3,829,0.3997924810260437,,,,
partial_rank,POST_TROUGH_RECOVERY_DIAGNOSTIC,cell,SZ_A:ALL_STATUS,SZ_A,ALL_STATUS,pit,5,829,0.32783628122572089,,,,
partial_rank,POST_TROUGH_RECOVERY_DIAGNOSTIC,cell,SZ_A:NON_ST,SZ_A,NON_ST,absolute,1,829,0.32485370033653582,,,,
partial_rank,POST_TROUGH_RECOVERY_DIAGNOSTIC,cell,SZ_A:NON_ST,SZ_A,NON_ST,absolute,3,829,0.39048734149335784,,,,
partial_rank,POST_TROUGH_RECOVERY_DIAGNOSTIC,cell,SZ_A:NON_ST,SZ_A,NON_ST,absolute,5,829,0.30946551027730868,,,,
partial_rank,POST_TROUGH_RECOVERY_DIAGNOSTIC,cell,SZ_A:NON_ST,SZ_A,NON_ST,pit,1,829,0.32752230774263613,,,,
partial_rank,POST_TROUGH_RECOVERY_DIAGNOSTIC,cell,SZ_A:NON_ST,SZ_A,NON_ST,pit,3,829,0.39767279635745545,,,,
partial_rank,POST_TROUGH_RECOVERY_DIAGNOSTIC,cell,SZ_A:NON_ST,SZ_A,NON_ST,pit,5,829,0.32177243522755766,,,,
partial_rank,POST_TROUGH_RECOVERY_DIAGNOSTIC,leave_one_year_out,2020,ALL_A,ALL_STATUS,pit,3,722,0.4125834632955751,,,,
partial_rank,POST_TROUGH_RECOVERY_DIAGNOSTIC,leave_one_year_out,2020,ALL_A,NON_ST,pit,3,722,0.40704996189131987,,,,
partial_rank,POST_TROUGH_RECOVERY_DIAGNOSTIC,leave_one_year_out,2020,CHINEXT_BOARD,ALL_STATUS,pit,3,719,0.28252235478007026,,,,
partial_rank,POST_TROUGH_RECOVERY_DIAGNOSTIC,leave_one_year_out,2020,CHINEXT_BOARD,NON_ST,pit,3,720,0.28405030017090455,,,,
partial_rank,POST_TROUGH_RECOVERY_DIAGNOSTIC,leave_one_year_out,2020,SH_A,ALL_STATUS,pit,3,722,0.38565754509134825,,,,
partial_rank,POST_TROUGH_RECOVERY_DIAGNOSTIC,leave_one_year_out,2020,SH_A,NON_ST,pit,3,722,0.38585145202975946,,,,
partial_rank,POST_TROUGH_RECOVERY_DIAGNOSTIC,leave_one_year_out,2020,SZ_A,ALL_STATUS,pit,3,722,0.41647320533192872,,,,
partial_rank,POST_TROUGH_RECOVERY_DIAGNOSTIC,leave_one_year_out,2020,SZ_A,NON_ST,pit,3,722,0.41114768123507128,,,,
partial_rank,POST_TROUGH_RECOVERY_DIAGNOSTIC,leave_one_year_out,2021,ALL_A,ALL_STATUS,pit,3,586,0.39081358392982191,,,,
partial_rank,POST_TROUGH_RECOVERY_DIAGNOSTIC,leave_one_year_out,2021,ALL_A,NON_ST,pit,3,586,0.39365008199276813,,,,
partial_rank,POST_TROUGH_RECOVERY_DIAGNOSTIC,leave_one_year_out,2021,CHINEXT_BOARD,ALL_STATUS,pit,3,586,0.25445270356194127,,,,
partial_rank,POST_TROUGH_RECOVERY_DIAGNOSTIC,leave_one_year_out,2021,CHINEXT_BOARD,NON_ST,pit,3,586,0.25964474435355567,,,,
partial_rank,POST_TROUGH_RECOVERY_DIAGNOSTIC,leave_one_year_out,2021,SH_A,ALL_STATUS,pit,3,586,0.37179947744389069,,,,
partial_rank,POST_TROUGH_RECOVERY_DIAGNOSTIC,leave_one_year_out,2021,SH_A,NON_ST,pit,3,586,0.37920703190703375,,,,
partial_rank,POST_TROUGH_RECOVERY_DIAGNOSTIC,leave_one_year_out,2021,SZ_A,ALL_STATUS,pit,3,586,0.39189906023765136,,,,
partial_rank,POST_TROUGH_RECOVERY_DIAGNOSTIC,leave_one_year_out,2021,SZ_A,NON_ST,pit,3,586,0.39365326358428337,,,,
partial_rank,POST_TROUGH_RECOVERY_DIAGNOSTIC,leave_one_year_out,2022,ALL_A,ALL_STATUS,pit,3,587,0.42051855775925623,,,,
partial_rank,POST_TROUGH_RECOVERY_DIAGNOSTIC,leave_one_year_out,2022,ALL_A,NON_ST,pit,3,587,0.42244737010562161,,,,
partial_rank,POST_TROUGH_RECOVERY_DIAGNOSTIC,leave_one_year_out,2022,CHINEXT_BOARD,ALL_STATUS,pit,3,584,0.27561006447818853,,,,
partial_rank,POST_TROUGH_RECOVERY_DIAGNOSTIC,leave_one_year_out,2022,CHINEXT_BOARD,NON_ST,pit,3,585,0.27772887537475199,,,,
partial_rank,POST_TROUGH_RECOVERY_DIAGNOSTIC,leave_one_year_out,2022,SH_A,ALL_STATUS,pit,3,587,0.38359676417266991,,,,
partial_rank,POST_TROUGH_RECOVERY_DIAGNOSTIC,leave_one_year_out,2022,SH_A,NON_ST,pit,3,587,0.39022915554581539,,,,
partial_rank,POST_TROUGH_RECOVERY_DIAGNOSTIC,leave_one_year_out,2022,SZ_A,ALL_STATUS,pit,3,587,0.41614764914524632,,,,
partial_rank,POST_TROUGH_RECOVERY_DIAGNOSTIC,leave_one_year_out,2022,SZ_A,NON_ST,pit,3,587,0.41399737409790344,,,,
partial_rank,POST_TROUGH_RECOVERY_DIAGNOSTIC,leave_one_year_out,2023,ALL_A,ALL_STATUS,pit,3,592,0.36220658957619739,,,,
partial_rank,POST_TROUGH_RECOVERY_DIAGNOSTIC,leave_one_year_out,2023,ALL_A,NON_ST,pit,3,592,0.36281156296076977,,,,
partial_rank,POST_TROUGH_RECOVERY_DIAGNOSTIC,leave_one_year_out,2023,CHINEXT_BOARD,ALL_STATUS,pit,3,589,0.19007834018290215,,,,
partial_rank,POST_TROUGH_RECOVERY_DIAGNOSTIC,leave_one_year_out,2023,CHINEXT_BOARD,NON_ST,pit,3,590,0.19047048617601392,,,,
partial_rank,POST_TROUGH_RECOVERY_DIAGNOSTIC,leave_one_year_out,2023,SH_A,ALL_STATUS,pit,3,592,0.33085649123273903,,,,
partial_rank,POST_TROUGH_RECOVERY_DIAGNOSTIC,leave_one_year_out,2023,SH_A,NON_ST,pit,3,592,0.34160371838661757,,,,
partial_rank,POST_TROUGH_RECOVERY_DIAGNOSTIC,leave_one_year_out,2023,SZ_A,ALL_STATUS,pit,3,592,0.35447716604295437,,,,
partial_rank,POST_TROUGH_RECOVERY_DIAGNOSTIC,leave_one_year_out,2023,SZ_A,NON_ST,pit,3,592,0.35106990708469515,,,,
partial_rank,POST_TROUGH_RECOVERY_DIAGNOSTIC,phase,0,ALL_A,ALL_STATUS,pit,3,276,0.40311839762158386,,,,
partial_rank,POST_TROUGH_RECOVERY_DIAGNOSTIC,phase,0,ALL_A,ALL_STATUS,pit,5,166,0.33778309620625901,,,,
partial_rank,POST_TROUGH_RECOVERY_DIAGNOSTIC,phase,0,ALL_A,NON_ST,pit,3,276,0.40912065038431822,,,,
partial_rank,POST_TROUGH_RECOVERY_DIAGNOSTIC,phase,0,ALL_A,NON_ST,pit,5,166,0.3237018535566884,,,,
partial_rank,POST_TROUGH_RECOVERY_DIAGNOSTIC,phase,0,CHINEXT_BOARD,ALL_STATUS,pit,3,275,0.21591707985417236,,,,
partial_rank,POST_TROUGH_RECOVERY_DIAGNOSTIC,phase,0,CHINEXT_BOARD,ALL_STATUS,pit,5,166,0.12461656973606987,,,,
partial_rank,POST_TROUGH_RECOVERY_DIAGNOSTIC,phase,0,CHINEXT_BOARD,NON_ST,pit,3,275,0.21797361517031152,,,,
partial_rank,POST_TROUGH_RECOVERY_DIAGNOSTIC,phase,0,CHINEXT_BOARD,NON_ST,pit,5,166,0.13611446972809985,,,,
partial_rank,POST_TROUGH_RECOVERY_DIAGNOSTIC,phase,0,SH_A,ALL_STATUS,pit,3,276,0.34563164447482631,,,,
partial_rank,POST_TROUGH_RECOVERY_DIAGNOSTIC,phase,0,SH_A,ALL_STATUS,pit,5,166,0.46874445931535086,,,,
partial_rank,POST_TROUGH_RECOVERY_DIAGNOSTIC,phase,0,SH_A,NON_ST,pit,3,276,0.35945842651066723,,,,
partial_rank,POST_TROUGH_RECOVERY_DIAGNOSTIC,phase,0,SH_A,NON_ST,pit,5,166,0.46731120864435671,,,,
partial_rank,POST_TROUGH_RECOVERY_DIAGNOSTIC,phase,0,SZ_A,ALL_STATUS,pit,3,276,0.44383198103550675,,,,
partial_rank,POST_TROUGH_RECOVERY_DIAGNOSTIC,phase,0,SZ_A,ALL_STATUS,pit,5,166,0.21776270311069906,,,,
partial_rank,POST_TROUGH_RECOVERY_DIAGNOSTIC,phase,0,SZ_A,NON_ST,pit,3,276,0.45078334207886905,,,,
partial_rank,POST_TROUGH_RECOVERY_DIAGNOSTIC,phase,0,SZ_A,NON_ST,pit,5,166,0.21388072144762246,,,,
partial_rank,POST_TROUGH_RECOVERY_DIAGNOSTIC,phase,1,ALL_A,ALL_STATUS,pit,3,277,0.40846440264418721,,,,
partial_rank,POST_TROUGH_RECOVERY_DIAGNOSTIC,phase,1,ALL_A,ALL_STATUS,pit,5,166,0.38995550452440736,,,,
partial_rank,POST_TROUGH_RECOVERY_DIAGNOSTIC,phase,1,ALL_A,NON_ST,pit,3,277,0.3969120167843041,,,,
partial_rank,POST_TROUGH_RECOVERY_DIAGNOSTIC,phase,1,ALL_A,NON_ST,pit,5,166,0.38210293110447219,,,,
partial_rank,POST_TROUGH_RECOVERY_DIAGNOSTIC,phase,1,CHINEXT_BOARD,ALL_STATUS,pit,3,277,0.29929822331046879,,,,
partial_rank,POST_TROUGH_RECOVERY_DIAGNOSTIC,phase,1,CHINEXT_BOARD,ALL_STATUS,pit,5,164,0.15110944121030048,,,,
partial_rank,POST_TROUGH_RECOVERY_DIAGNOSTIC,phase,1,CHINEXT_BOARD,NON_ST,pit,3,277,0.30108560183273581,,,,
partial_rank,POST_TROUGH_RECOVERY_DIAGNOSTIC,phase,1,CHINEXT_BOARD,NON_ST,pit,5,165,0.15219368942390649,,,,
partial_rank,POST_TROUGH_RECOVERY_DIAGNOSTIC,phase,1,SH_A,ALL_STATUS,pit,3,277,0.40902485490351143,,,,
partial_rank,POST_TROUGH_RECOVERY_DIAGNOSTIC,phase,1,SH_A,ALL_STATUS,pit,5,166,0.35102330799491149,,,,
partial_rank,POST_TROUGH_RECOVERY_DIAGNOSTIC,phase,1,SH_A,NON_ST,pit,3,277,0.40914178164949405,,,,
partial_rank,POST_TROUGH_RECOVERY_DIAGNOSTIC,phase,1,SH_A,NON_ST,pit,5,166,0.35841329611848816,,,,
partial_rank,POST_TROUGH_RECOVERY_DIAGNOSTIC,phase,1,SZ_A,ALL_STATUS,pit,3,277,0.3860025561553711,,,,
partial_rank,POST_TROUGH_RECOVERY_DIAGNOSTIC,phase,1,SZ_A,ALL_STATUS,pit,5,166,0.34546053946386512,,,,
partial_rank,POST_TROUGH_RECOVERY_DIAGNOSTIC,phase,1,SZ_A,NON_ST,pit,3,277,0.37678403845215636,,,,
partial_rank,POST_TROUGH_RECOVERY_DIAGNOSTIC,phase,1,SZ_A,NON_ST,pit,5,166,0.34885168699202806,,,,
partial_rank,POST_TROUGH_RECOVERY_DIAGNOSTIC,phase,2,ALL_A,ALL_STATUS,pit,3,276,0.4108913129285991,,,,
partial_rank,POST_TROUGH_RECOVERY_DIAGNOSTIC,phase,2,ALL_A,ALL_STATUS,pit,5,165,0.17382509751310857,,,,
partial_rank,POST_TROUGH_RECOVERY_DIAGNOSTIC,phase,2,ALL_A,NON_ST,pit,3,276,0.41327860701157199,,,,
partial_rank,POST_TROUGH_RECOVERY_DIAGNOSTIC,phase,2,ALL_A,NON_ST,pit,5,165,0.18317090310371334,,,,
partial_rank,POST_TROUGH_RECOVERY_DIAGNOSTIC,phase,2,CHINEXT_BOARD,ALL_STATUS,pit,3,274,0.26511577975312123,,,,
partial_rank,POST_TROUGH_RECOVERY_DIAGNOSTIC,phase,2,CHINEXT_BOARD,ALL_STATUS,pit,5,164,0.038447769069203622,,,,
partial_rank,POST_TROUGH_RECOVERY_DIAGNOSTIC,phase,2,CHINEXT_BOARD,NON_ST,pit,3,275,0.27104482991535217,,,,
partial_rank,POST_TROUGH_RECOVERY_DIAGNOSTIC,phase,2,CHINEXT_BOARD,NON_ST,pit,5,164,0.042653958449018793,,,,
partial_rank,POST_TROUGH_RECOVERY_DIAGNOSTIC,phase,2,SH_A,ALL_STATUS,pit,3,276,0.38760416113421881,,,,
partial_rank,POST_TROUGH_RECOVERY_DIAGNOSTIC,phase,2,SH_A,ALL_STATUS,pit,5,165,0.24729629266619546,,,,
partial_rank,POST_TROUGH_RECOVERY_DIAGNOSTIC,phase,2,SH_A,NON_ST,pit,3,276,0.38991310052628814,,,,
partial_rank,POST_TROUGH_RECOVERY_DIAGNOSTIC,phase,2,SH_A,NON_ST,pit,5,165,0.25282960263482007,,,,
partial_rank,POST_TROUGH_RECOVERY_DIAGNOSTIC,phase,2,SZ_A,ALL_STATUS,pit,3,276,0.36797447453141313,,,,
partial_rank,POST_TROUGH_RECOVERY_DIAGNOSTIC,phase,2,SZ_A,ALL_STATUS,pit,5,165,0.13235750128729595,,,,
partial_rank,POST_TROUGH_RECOVERY_DIAGNOSTIC,phase,2,SZ_A,NON_ST,pit,3,276,0.36351584971992967,,,,
partial_rank,POST_TROUGH_RECOVERY_DIAGNOSTIC,phase,2,SZ_A,NON_ST,pit,5,165,0.13054206359484888,,,,
partial_rank,POST_TROUGH_RECOVERY_DIAGNOSTIC,phase,3,ALL_A,ALL_STATUS,pit,5,166,0.42831839908349317,,,,
partial_rank,POST_TROUGH_RECOVERY_DIAGNOSTIC,phase,3,ALL_A,NON_ST,pit,5,166,0.41010868185705185,,,,
partial_rank,POST_TROUGH_RECOVERY_DIAGNOSTIC,phase,3,CHINEXT_BOARD,ALL_STATUS,pit,5,166,0.24452930789910743,,,,
partial_rank,POST_TROUGH_RECOVERY_DIAGNOSTIC,phase,3,CHINEXT_BOARD,NON_ST,pit,5,166,0.24795643566050773,,,,
partial_rank,POST_TROUGH_RECOVERY_DIAGNOSTIC,phase,3,SH_A,ALL_STATUS,pit,5,166,0.40960784788722238,,,,
partial_rank,POST_TROUGH_RECOVERY_DIAGNOSTIC,phase,3,SH_A,NON_ST,pit,5,166,0.41741226578022739,,,,
partial_rank,POST_TROUGH_RECOVERY_DIAGNOSTIC,phase,3,SZ_A,ALL_STATUS,pit,5,166,0.38811406219411287,,,,
partial_rank,POST_TROUGH_RECOVERY_DIAGNOSTIC,phase,3,SZ_A,NON_ST,pit,5,166,0.3683257949039121,,,,
partial_rank,POST_TROUGH_RECOVERY_DIAGNOSTIC,phase,4,ALL_A,ALL_STATUS,pit,5,166,0.54357474117864479,,,,
partial_rank,POST_TROUGH_RECOVERY_DIAGNOSTIC,phase,4,ALL_A,NON_ST,pit,5,166,0.53590566890952529,,,,
partial_rank,POST_TROUGH_RECOVERY_DIAGNOSTIC,phase,4,CHINEXT_BOARD,ALL_STATUS,pit,5,166,0.33356611117043683,,,,
partial_rank,POST_TROUGH_RECOVERY_DIAGNOSTIC,phase,4,CHINEXT_BOARD,NON_ST,pit,5,166,0.32506828014606914,,,,
partial_rank,POST_TROUGH_RECOVERY_DIAGNOSTIC,phase,4,SH_A,ALL_STATUS,pit,5,166,0.51907731800998047,,,,
partial_rank,POST_TROUGH_RECOVERY_DIAGNOSTIC,phase,4,SH_A,NON_ST,pit,5,166,0.51832491657619717,,,,
partial_rank,POST_TROUGH_RECOVERY_DIAGNOSTIC,phase,4,SZ_A,ALL_STATUS,pit,5,166,0.489522044764299,,,,
partial_rank,POST_TROUGH_RECOVERY_DIAGNOSTIC,phase,4,SZ_A,NON_ST,pit,5,166,0.48137152011564466,,,,
partial_rank,POST_TROUGH_RECOVERY_DIAGNOSTIC,year,2020,ALL_A,ALL_STATUS,pit,3,107,0.3461184851639037,,,,
partial_rank,POST_TROUGH_RECOVERY_DIAGNOSTIC,year,2020,ALL_A,NON_ST,pit,3,107,0.38841475932114455,,,,
partial_rank,POST_TROUGH_RECOVERY_DIAGNOSTIC,year,2020,CHINEXT_BOARD,ALL_STATUS,pit,3,107,0.11170887544691371,,,,
partial_rank,POST_TROUGH_RECOVERY_DIAGNOSTIC,year,2020,CHINEXT_BOARD,NON_ST,pit,3,107,0.11368917123487561,,,,
partial_rank,POST_TROUGH_RECOVERY_DIAGNOSTIC,year,2020,SH_A,ALL_STATUS,pit,3,107,0.29114442671192947,,,,
partial_rank,POST_TROUGH_RECOVERY_DIAGNOSTIC,year,2020,SH_A,NON_ST,pit,3,107,0.35347910168656516,,,,
partial_rank,POST_TROUGH_RECOVERY_DIAGNOSTIC,year,2020,SZ_A,ALL_STATUS,pit,3,107,0.29026931177641008,,,,
partial_rank,POST_TROUGH_RECOVERY_DIAGNOSTIC,year,2020,SZ_A,NON_ST,pit,3,107,0.32165733179144984,,,,
partial_rank,POST_TROUGH_RECOVERY_DIAGNOSTIC,year,2021,ALL_A,ALL_STATUS,pit,3,243,0.34093855550300511,,,,
partial_rank,POST_TROUGH_RECOVERY_DIAGNOSTIC,year,2021,ALL_A,NON_ST,pit,3,243,0.33200799885661247,,,,
partial_rank,POST_TROUGH_RECOVERY_DIAGNOSTIC,year,2021,CHINEXT_BOARD,ALL_STATUS,pit,3,240,0.23896647587495584,,,,
partial_rank,POST_TROUGH_RECOVERY_DIAGNOSTIC,year,2021,CHINEXT_BOARD,NON_ST,pit,3,241,0.23502462354086132,,,,
partial_rank,POST_TROUGH_RECOVERY_DIAGNOSTIC,year,2021,SH_A,ALL_STATUS,pit,3,243,0.25254677583777346,,,,
partial_rank,POST_TROUGH_RECOVERY_DIAGNOSTIC,year,2021,SH_A,NON_ST,pit,3,243,0.25226512135888302,,,,
partial_rank,POST_TROUGH_RECOVERY_DIAGNOSTIC,year,2021,SZ_A,ALL_STATUS,pit,3,243,0.39877369787056799,,,,
partial_rank,POST_TROUGH_RECOVERY_DIAGNOSTIC,year,2021,SZ_A,NON_ST,pit,3,243,0.37586643098187977,,,,
partial_rank,POST_TROUGH_RECOVERY_DIAGNOSTIC,year,2022,ALL_A,ALL_STATUS,pit,3,242,0.31669672042221447,,,,
partial_rank,POST_TROUGH_RECOVERY_DIAGNOSTIC,year,2022,ALL_A,NON_ST,pit,3,242,0.31800042006459883,,,,
partial_rank,POST_TROUGH_RECOVERY_DIAGNOSTIC,year,2022,CHINEXT_BOARD,ALL_STATUS,pit,3,242,0.18242910464125867,,,,
partial_rank,POST_TROUGH_RECOVERY_DIAGNOSTIC,year,2022,CHINEXT_BOARD,NON_ST,pit,3,242,0.18433263498131677,,,,
partial_rank,POST_TROUGH_RECOVERY_DIAGNOSTIC,year,2022,SH_A,ALL_STATUS,pit,3,242,0.26245977958863898,,,,
partial_rank,POST_TROUGH_RECOVERY_DIAGNOSTIC,year,2022,SH_A,NON_ST,pit,3,242,0.26698574020952781,,,,
partial_rank,POST_TROUGH_RECOVERY_DIAGNOSTIC,year,2022,SZ_A,ALL_STATUS,pit,3,242,0.33695328725226104,,,,
partial_rank,POST_TROUGH_RECOVERY_DIAGNOSTIC,year,2022,SZ_A,NON_ST,pit,3,242,0.33613545952546597,,,,
partial_rank,POST_TROUGH_RECOVERY_DIAGNOSTIC,year,2023,ALL_A,ALL_STATUS,pit,3,237,0.36112702547449349,,,,
partial_rank,POST_TROUGH_RECOVERY_DIAGNOSTIC,year,2023,ALL_A,NON_ST,pit,3,237,0.35562463385751714,,,,
partial_rank,POST_TROUGH_RECOVERY_DIAGNOSTIC,year,2023,CHINEXT_BOARD,ALL_STATUS,pit,3,237,0.33226692778095135,,,,
partial_rank,POST_TROUGH_RECOVERY_DIAGNOSTIC,year,2023,CHINEXT_BOARD,NON_ST,pit,3,237,0.3386580086320149,,,,
partial_rank,POST_TROUGH_RECOVERY_DIAGNOSTIC,year,2023,SH_A,ALL_STATUS,pit,3,237,0.36577245332533137,,,,
partial_rank,POST_TROUGH_RECOVERY_DIAGNOSTIC,year,2023,SH_A,NON_ST,pit,3,237,0.35917502952524638,,,,
partial_rank,POST_TROUGH_RECOVERY_DIAGNOSTIC,year,2023,SZ_A,ALL_STATUS,pit,3,237,0.38326538232537605,,,,
partial_rank,POST_TROUGH_RECOVERY_DIAGNOSTIC,year,2023,SZ_A,NON_ST,pit,3,237,0.38697036649597294,,,,
partial_rank,TROUGH_SESSION_INTRADAY_DOWNSIDE,block,A,ALL_A,ALL_STATUS,pit,3,107,-0.19670006431334491,,,,
partial_rank,TROUGH_SESSION_INTRADAY_DOWNSIDE,block,A,ALL_A,NON_ST,pit,3,107,-0.21236373142525189,,,,
partial_rank,TROUGH_SESSION_INTRADAY_DOWNSIDE,block,A,CHINEXT_BOARD,ALL_STATUS,pit,3,107,-0.012988405104073862,,,,
partial_rank,TROUGH_SESSION_INTRADAY_DOWNSIDE,block,A,CHINEXT_BOARD,NON_ST,pit,3,107,-0.0093882897005596582,,,,
partial_rank,TROUGH_SESSION_INTRADAY_DOWNSIDE,block,A,SH_A,ALL_STATUS,pit,3,107,-0.1935927220226058,,,,
partial_rank,TROUGH_SESSION_INTRADAY_DOWNSIDE,block,A,SH_A,NON_ST,pit,3,107,-0.22870722388496778,,,,
partial_rank,TROUGH_SESSION_INTRADAY_DOWNSIDE,block,A,SZ_A,ALL_STATUS,pit,3,107,-0.16046592877705645,,,,
partial_rank,TROUGH_SESSION_INTRADAY_DOWNSIDE,block,A,SZ_A,NON_ST,pit,3,107,-0.14421680924092301,,,,
partial_rank,TROUGH_SESSION_INTRADAY_DOWNSIDE,block,B,ALL_A,ALL_STATUS,pit,3,722,-0.46016404548235146,,,,
partial_rank,TROUGH_SESSION_INTRADAY_DOWNSIDE,block,B,ALL_A,NON_ST,pit,3,722,-0.46106492660714354,,,,
partial_rank,TROUGH_SESSION_INTRADAY_DOWNSIDE,block,B,CHINEXT_BOARD,ALL_STATUS,pit,3,719,-0.33298683300396104,,,,
partial_rank,TROUGH_SESSION_INTRADAY_DOWNSIDE,block,B,CHINEXT_BOARD,NON_ST,pit,3,720,-0.32543282726429429,,,,
partial_rank,TROUGH_SESSION_INTRADAY_DOWNSIDE,block,B,SH_A,ALL_STATUS,pit,3,722,-0.46784396596375283,,,,
partial_rank,TROUGH_SESSION_INTRADAY_DOWNSIDE,block,B,SH_A,NON_ST,pit,3,722,-0.46643682128878855,,,,
partial_rank,TROUGH_SESSION_INTRADAY_DOWNSIDE,block,B,SZ_A,ALL_STATUS,pit,3,722,-0.39314550461209419,,,,
partial_rank,TROUGH_SESSION_INTRADAY_DOWNSIDE,block,B,SZ_A,NON_ST,pit,3,722,-0.39528111379556258,,,,
partial_rank,TROUGH_SESSION_INTRADAY_DOWNSIDE,cell,ALL_A:ALL_STATUS,ALL_A,ALL_STATUS,absolute,1,829,-0.44072127635913932,,,,
partial_rank,TROUGH_SESSION_INTRADAY_DOWNSIDE,cell,ALL_A:ALL_STATUS,ALL_A,ALL_STATUS,absolute,3,829,-0.43218869004990873,,,,
partial_rank,TROUGH_SESSION_INTRADAY_DOWNSIDE,cell,ALL_A:ALL_STATUS,ALL_A,ALL_STATUS,absolute,5,829,-0.44154875242221725,,,,
partial_rank,TROUGH_SESSION_INTRADAY_DOWNSIDE,cell,ALL_A:ALL_STATUS,ALL_A,ALL_STATUS,pit,1,829,-0.43918314463579372,,,,
partial_rank,TROUGH_SESSION_INTRADAY_DOWNSIDE,cell,ALL_A:ALL_STATUS,ALL_A,ALL_STATUS,pit,3,829,-0.44076632214815376,,,,
partial_rank,TROUGH_SESSION_INTRADAY_DOWNSIDE,cell,ALL_A:ALL_STATUS,ALL_A,ALL_STATUS,pit,5,829,-0.4553656511100389,,,,
partial_rank,TROUGH_SESSION_INTRADAY_DOWNSIDE,cell,ALL_A:NON_ST,ALL_A,NON_ST,absolute,1,829,-0.4456298820636746,,,,
partial_rank,TROUGH_SESSION_INTRADAY_DOWNSIDE,cell,ALL_A:NON_ST,ALL_A,NON_ST,absolute,3,829,-0.43349148199060744,,,,
partial_rank,TROUGH_SESSION_INTRADAY_DOWNSIDE,cell,ALL_A:NON_ST,ALL_A,NON_ST,absolute,5,829,-0.44597358130249765,,,,
partial_rank,TROUGH_SESSION_INTRADAY_DOWNSIDE,cell,ALL_A:NON_ST,ALL_A,NON_ST,pit,1,829,-0.44374493141154725,,,,
partial_rank,TROUGH_SESSION_INTRADAY_DOWNSIDE,cell,ALL_A:NON_ST,ALL_A,NON_ST,pit,3,829,-0.44206483683216158,,,,
partial_rank,TROUGH_SESSION_INTRADAY_DOWNSIDE,cell,ALL_A:NON_ST,ALL_A,NON_ST,pit,5,829,-0.46057112970224995,,,,
partial_rank,TROUGH_SESSION_INTRADAY_DOWNSIDE,cell,CHINEXT_BOARD:ALL_STATUS,CHINEXT_BOARD,ALL_STATUS,absolute,1,826,-0.28376428266166764,,,,
partial_rank,TROUGH_SESSION_INTRADAY_DOWNSIDE,cell,CHINEXT_BOARD:ALL_STATUS,CHINEXT_BOARD,ALL_STATUS,absolute,3,826,-0.29858733880030358,,,,
partial_rank,TROUGH_SESSION_INTRADAY_DOWNSIDE,cell,CHINEXT_BOARD:ALL_STATUS,CHINEXT_BOARD,ALL_STATUS,absolute,5,826,-0.31198824062777547,,,,
partial_rank,TROUGH_SESSION_INTRADAY_DOWNSIDE,cell,CHINEXT_BOARD:ALL_STATUS,CHINEXT_BOARD,ALL_STATUS,pit,1,826,-0.28258220099670389,,,,
partial_rank,TROUGH_SESSION_INTRADAY_DOWNSIDE,cell,CHINEXT_BOARD:ALL_STATUS,CHINEXT_BOARD,ALL_STATUS,pit,3,826,-0.31176332662278927,,,,
partial_rank,TROUGH_SESSION_INTRADAY_DOWNSIDE,cell,CHINEXT_BOARD:ALL_STATUS,CHINEXT_BOARD,ALL_STATUS,pit,5,826,-0.32566450849650053,,,,
partial_rank,TROUGH_SESSION_INTRADAY_DOWNSIDE,cell,CHINEXT_BOARD:NON_ST,CHINEXT_BOARD,NON_ST,absolute,1,827,-0.28050345170721763,,,,
partial_rank,TROUGH_SESSION_INTRADAY_DOWNSIDE,cell,CHINEXT_BOARD:NON_ST,CHINEXT_BOARD,NON_ST,absolute,3,827,-0.29313356622429132,,,,
partial_rank,TROUGH_SESSION_INTRADAY_DOWNSIDE,cell,CHINEXT_BOARD:NON_ST,CHINEXT_BOARD,NON_ST,absolute,5,827,-0.30720363427891262,,,,
partial_rank,TROUGH_SESSION_INTRADAY_DOWNSIDE,cell,CHINEXT_BOARD:NON_ST,CHINEXT_BOARD,NON_ST,pit,1,827,-0.27855166081889055,,,,
partial_rank,TROUGH_SESSION_INTRADAY_DOWNSIDE,cell,CHINEXT_BOARD:NON_ST,CHINEXT_BOARD,NON_ST,pit,3,827,-0.30526733267949702,,,,
partial_rank,TROUGH_SESSION_INTRADAY_DOWNSIDE,cell,CHINEXT_BOARD:NON_ST,CHINEXT_BOARD,NON_ST,pit,5,827,-0.3195638071531543,,,,
partial_rank,TROUGH_SESSION_INTRADAY_DOWNSIDE,cell,SH_A:ALL_STATUS,SH_A,ALL_STATUS,absolute,1,829,-0.43952825265547729,,,,
partial_rank,TROUGH_SESSION_INTRADAY_DOWNSIDE,cell,SH_A:ALL_STATUS,SH_A,ALL_STATUS,absolute,3,829,-0.43802111489142737,,,,
partial_rank,TROUGH_SESSION_INTRADAY_DOWNSIDE,cell,SH_A:ALL_STATUS,SH_A,ALL_STATUS,absolute,5,829,-0.44274556136648707,,,,
partial_rank,TROUGH_SESSION_INTRADAY_DOWNSIDE,cell,SH_A:ALL_STATUS,SH_A,ALL_STATUS,pit,1,829,-0.44014307482866655,,,,
partial_rank,TROUGH_SESSION_INTRADAY_DOWNSIDE,cell,SH_A:ALL_STATUS,SH_A,ALL_STATUS,pit,3,829,-0.44368584583897153,,,,
partial_rank,TROUGH_SESSION_INTRADAY_DOWNSIDE,cell,SH_A:ALL_STATUS,SH_A,ALL_STATUS,pit,5,829,-0.44787094417852147,,,,
partial_rank,TROUGH_SESSION_INTRADAY_DOWNSIDE,cell,SH_A:NON_ST,SH_A,NON_ST,absolute,1,829,-0.44551554230673002,,,,
partial_rank,TROUGH_SESSION_INTRADAY_DOWNSIDE,cell,SH_A:NON_ST,SH_A,NON_ST,absolute,3,829,-0.43900518695296359,,,,
partial_rank,TROUGH_SESSION_INTRADAY_DOWNSIDE,cell,SH_A:NON_ST,SH_A,NON_ST,absolute,5,829,-0.44881591796223796,,,,
partial_rank,TROUGH_SESSION_INTRADAY_DOWNSIDE,cell,SH_A:NON_ST,SH_A,NON_ST,pit,1,829,-0.44488609299108905,,,,
partial_rank,TROUGH_SESSION_INTRADAY_DOWNSIDE,cell,SH_A:NON_ST,SH_A,NON_ST,pit,3,829,-0.44491517736995129,,,,
partial_rank,TROUGH_SESSION_INTRADAY_DOWNSIDE,cell,SH_A:NON_ST,SH_A,NON_ST,pit,5,829,-0.45523452567679612,,,,
partial_rank,TROUGH_SESSION_INTRADAY_DOWNSIDE,cell,SZ_A:ALL_STATUS,SZ_A,ALL_STATUS,absolute,1,829,-0.37693277604754827,,,,
partial_rank,TROUGH_SESSION_INTRADAY_DOWNSIDE,cell,SZ_A:ALL_STATUS,SZ_A,ALL_STATUS,absolute,3,829,-0.35588264313398277,,,,
partial_rank,TROUGH_SESSION_INTRADAY_DOWNSIDE,cell,SZ_A:ALL_STATUS,SZ_A,ALL_STATUS,absolute,5,829,-0.36371785070084417,,,,
partial_rank,TROUGH_SESSION_INTRADAY_DOWNSIDE,cell,SZ_A:ALL_STATUS,SZ_A,ALL_STATUS,pit,1,829,-0.37740922066285898,,,,
partial_rank,TROUGH_SESSION_INTRADAY_DOWNSIDE,cell,SZ_A:ALL_STATUS,SZ_A,ALL_STATUS,pit,3,829,-0.37089768538267259,,,,
partial_rank,TROUGH_SESSION_INTRADAY_DOWNSIDE,cell,SZ_A:ALL_STATUS,SZ_A,ALL_STATUS,pit,5,829,-0.37935487182149064,,,,
partial_rank,TROUGH_SESSION_INTRADAY_DOWNSIDE,cell,SZ_A:NON_ST,SZ_A,NON_ST,absolute,1,829,-0.37644548883131751,,,,
partial_rank,TROUGH_SESSION_INTRADAY_DOWNSIDE,cell,SZ_A:NON_ST,SZ_A,NON_ST,absolute,3,829,-0.35645030407755063,,,,
partial_rank,TROUGH_SESSION_INTRADAY_DOWNSIDE,cell,SZ_A:NON_ST,SZ_A,NON_ST,absolute,5,829,-0.36576163263366623,,,,
partial_rank,TROUGH_SESSION_INTRADAY_DOWNSIDE,cell,SZ_A:NON_ST,SZ_A,NON_ST,pit,1,829,-0.37618033104444282,,,,
partial_rank,TROUGH_SESSION_INTRADAY_DOWNSIDE,cell,SZ_A:NON_ST,SZ_A,NON_ST,pit,3,829,-0.37209976597466859,,,,
partial_rank,TROUGH_SESSION_INTRADAY_DOWNSIDE,cell,SZ_A:NON_ST,SZ_A,NON_ST,pit,5,829,-0.3815211697814902,,,,
partial_rank,TROUGH_SESSION_INTRADAY_DOWNSIDE,leave_one_year_out,2020,ALL_A,ALL_STATUS,pit,3,722,-0.46016404548235146,,,,
partial_rank,TROUGH_SESSION_INTRADAY_DOWNSIDE,leave_one_year_out,2020,ALL_A,NON_ST,pit,3,722,-0.46106492660714354,,,,
partial_rank,TROUGH_SESSION_INTRADAY_DOWNSIDE,leave_one_year_out,2020,CHINEXT_BOARD,ALL_STATUS,pit,3,719,-0.33298683300396104,,,,
partial_rank,TROUGH_SESSION_INTRADAY_DOWNSIDE,leave_one_year_out,2020,CHINEXT_BOARD,NON_ST,pit,3,720,-0.32543282726429429,,,,
partial_rank,TROUGH_SESSION_INTRADAY_DOWNSIDE,leave_one_year_out,2020,SH_A,ALL_STATUS,pit,3,722,-0.46784396596375283,,,,
partial_rank,TROUGH_SESSION_INTRADAY_DOWNSIDE,leave_one_year_out,2020,SH_A,NON_ST,pit,3,722,-0.46643682128878855,,,,
partial_rank,TROUGH_SESSION_INTRADAY_DOWNSIDE,leave_one_year_out,2020,SZ_A,ALL_STATUS,pit,3,722,-0.39314550461209419,,,,
partial_rank,TROUGH_SESSION_INTRADAY_DOWNSIDE,leave_one_year_out,2020,SZ_A,NON_ST,pit,3,722,-0.39528111379556258,,,,
partial_rank,TROUGH_SESSION_INTRADAY_DOWNSIDE,leave_one_year_out,2021,ALL_A,ALL_STATUS,pit,3,586,-0.48710855864073849,,,,
partial_rank,TROUGH_SESSION_INTRADAY_DOWNSIDE,leave_one_year_out,2021,ALL_A,NON_ST,pit,3,586,-0.4867194040274947,,,,
partial_rank,TROUGH_SESSION_INTRADAY_DOWNSIDE,leave_one_year_out,2021,CHINEXT_BOARD,ALL_STATUS,pit,3,586,-0.34873438887728059,,,,
partial_rank,TROUGH_SESSION_INTRADAY_DOWNSIDE,leave_one_year_out,2021,CHINEXT_BOARD,NON_ST,pit,3,586,-0.34122637842821457,,,,
partial_rank,TROUGH_SESSION_INTRADAY_DOWNSIDE,leave_one_year_out,2021,SH_A,ALL_STATUS,pit,3,586,-0.46774986548740471,,,,
partial_rank,TROUGH_SESSION_INTRADAY_DOWNSIDE,leave_one_year_out,2021,SH_A,NON_ST,pit,3,586,-0.4681828742074593,,,,
partial_rank,TROUGH_SESSION_INTRADAY_DOWNSIDE,leave_one_year_out,2021,SZ_A,ALL_STATUS,pit,3,586,-0.41609066823654578,,,,
partial_rank,TROUGH_SESSION_INTRADAY_DOWNSIDE,leave_one_year_out,2021,SZ_A,NON_ST,pit,3,586,-0.41565448488428919,,,,
partial_rank,TROUGH_SESSION_INTRADAY_DOWNSIDE,leave_one_year_out,2022,ALL_A,ALL_STATUS,pit,3,587,-0.48893888223597654,,,,
partial_rank,TROUGH_SESSION_INTRADAY_DOWNSIDE,leave_one_year_out,2022,ALL_A,NON_ST,pit,3,587,-0.48961655294539586,,,,
partial_rank,TROUGH_SESSION_INTRADAY_DOWNSIDE,leave_one_year_out,2022,CHINEXT_BOARD,ALL_STATUS,pit,3,584,-0.32016160911290703,,,,
partial_rank,TROUGH_SESSION_INTRADAY_DOWNSIDE,leave_one_year_out,2022,CHINEXT_BOARD,NON_ST,pit,3,585,-0.31498857778230321,,,,
partial_rank,TROUGH_SESSION_INTRADAY_DOWNSIDE,leave_one_year_out,2022,SH_A,ALL_STATUS,pit,3,587,-0.52266128059927064,,,,
partial_rank,TROUGH_SESSION_INTRADAY_DOWNSIDE,leave_one_year_out,2022,SH_A,NON_ST,pit,3,587,-0.52648236932503667,,,,
partial_rank,TROUGH_SESSION_INTRADAY_DOWNSIDE,leave_one_year_out,2022,SZ_A,ALL_STATUS,pit,3,587,-0.40071704711836958,,,,
partial_rank,TROUGH_SESSION_INTRADAY_DOWNSIDE,leave_one_year_out,2022,SZ_A,NON_ST,pit,3,587,-0.3993617500366195,,,,
partial_rank,TROUGH_SESSION_INTRADAY_DOWNSIDE,leave_one_year_out,2023,ALL_A,ALL_STATUS,pit,3,592,-0.33152196509913462,,,,
partial_rank,TROUGH_SESSION_INTRADAY_DOWNSIDE,leave_one_year_out,2023,ALL_A,NON_ST,pit,3,592,-0.33430508338653681,,,,
partial_rank,TROUGH_SESSION_INTRADAY_DOWNSIDE,leave_one_year_out,2023,CHINEXT_BOARD,ALL_STATUS,pit,3,589,-0.22913945274869726,,,,
partial_rank,TROUGH_SESSION_INTRADAY_DOWNSIDE,leave_one_year_out,2023,CHINEXT_BOARD,NON_ST,pit,3,590,-0.22432571990925823,,,,
partial_rank,TROUGH_SESSION_INTRADAY_DOWNSIDE,leave_one_year_out,2023,SH_A,ALL_STATUS,pit,3,592,-0.33118462546463384,,,,
partial_rank,TROUGH_SESSION_INTRADAY_DOWNSIDE,leave_one_year_out,2023,SH_A,NON_ST,pit,3,592,-0.33561887304526211,,,,
partial_rank,TROUGH_SESSION_INTRADAY_DOWNSIDE,leave_one_year_out,2023,SZ_A,ALL_STATUS,pit,3,592,-0.27370331139743942,,,,
partial_rank,TROUGH_SESSION_INTRADAY_DOWNSIDE,leave_one_year_out,2023,SZ_A,NON_ST,pit,3,592,-0.27454678860561088,,,,
partial_rank,TROUGH_SESSION_INTRADAY_DOWNSIDE,phase,0,ALL_A,ALL_STATUS,pit,3,276,-0.43097941572052695,,,,
partial_rank,TROUGH_SESSION_INTRADAY_DOWNSIDE,phase,0,ALL_A,ALL_STATUS,pit,5,166,-0.49482279416907904,,,,
partial_rank,TROUGH_SESSION_INTRADAY_DOWNSIDE,phase,0,ALL_A,NON_ST,pit,3,276,-0.42817298646694785,,,,
partial_rank,TROUGH_SESSION_INTRADAY_DOWNSIDE,phase,0,ALL_A,NON_ST,pit,5,166,-0.49835907809455832,,,,
partial_rank,TROUGH_SESSION_INTRADAY_DOWNSIDE,phase,0,CHINEXT_BOARD,ALL_STATUS,pit,3,275,-0.37027206610028351,,,,
partial_rank,TROUGH_SESSION_INTRADAY_DOWNSIDE,phase,0,CHINEXT_BOARD,ALL_STATUS,pit,5,166,-0.46490149433576111,,,,
partial_rank,TROUGH_SESSION_INTRADAY_DOWNSIDE,phase,0,CHINEXT_BOARD,NON_ST,pit,3,275,-0.35863037388034713,,,,
partial_rank,TROUGH_SESSION_INTRADAY_DOWNSIDE,phase,0,CHINEXT_BOARD,NON_ST,pit,5,166,-0.45992725538358409,,,,
partial_rank,TROUGH_SESSION_INTRADAY_DOWNSIDE,phase,0,SH_A,ALL_STATUS,pit,3,276,-0.46014887816079175,,,,
partial_rank,TROUGH_SESSION_INTRADAY_DOWNSIDE,phase,0,SH_A,ALL_STATUS,pit,5,166,-0.45381462730813527,,,,
partial_rank,TROUGH_SESSION_INTRADAY_DOWNSIDE,phase,0,SH_A,NON_ST,pit,3,276,-0.4575888221114795,,,,
partial_rank,TROUGH_SESSION_INTRADAY_DOWNSIDE,phase,0,SH_A,NON_ST,pit,5,166,-0.45950495040149303,,,,
partial_rank,TROUGH_SESSION_INTRADAY_DOWNSIDE,phase,0,SZ_A,ALL_STATUS,pit,3,276,-0.35643915479364102,,,,
partial_rank,TROUGH_SESSION_INTRADAY_DOWNSIDE,phase,0,SZ_A,ALL_STATUS,pit,5,166,-0.44897158362009942,,,,
partial_rank,TROUGH_SESSION_INTRADAY_DOWNSIDE,phase,0,SZ_A,NON_ST,pit,3,276,-0.35197003470868232,,,,
partial_rank,TROUGH_SESSION_INTRADAY_DOWNSIDE,phase,0,SZ_A,NON_ST,pit,5,166,-0.4436006292151049,,,,
partial_rank,TROUGH_SESSION_INTRADAY_DOWNSIDE,phase,1,ALL_A,ALL_STATUS,pit,3,277,-0.44772756817695086,,,,
partial_rank,TROUGH_SESSION_INTRADAY_DOWNSIDE,phase,1,ALL_A,ALL_STATUS,pit,5,166,-0.49481953026182268,,,,
partial_rank,TROUGH_SESSION_INTRADAY_DOWNSIDE,phase,1,ALL_A,NON_ST,pit,3,277,-0.45605083541138791,,,,
partial_rank,TROUGH_SESSION_INTRADAY_DOWNSIDE,phase,1,ALL_A,NON_ST,pit,5,166,-0.50844491629972055,,,,
partial_rank,TROUGH_SESSION_INTRADAY_DOWNSIDE,phase,1,CHINEXT_BOARD,ALL_STATUS,pit,3,277,-0.20936639113257119,,,,
partial_rank,TROUGH_SESSION_INTRADAY_DOWNSIDE,phase,1,CHINEXT_BOARD,ALL_STATUS,pit,5,164,-0.34847072268044632,,,,
partial_rank,TROUGH_SESSION_INTRADAY_DOWNSIDE,phase,1,CHINEXT_BOARD,NON_ST,pit,3,277,-0.20780316787019495,,,,
partial_rank,TROUGH_SESSION_INTRADAY_DOWNSIDE,phase,1,CHINEXT_BOARD,NON_ST,pit,5,165,-0.34055411844992362,,,,
partial_rank,TROUGH_SESSION_INTRADAY_DOWNSIDE,phase,1,SH_A,ALL_STATUS,pit,3,277,-0.43842830693434603,,,,
partial_rank,TROUGH_SESSION_INTRADAY_DOWNSIDE,phase,1,SH_A,ALL_STATUS,pit,5,166,-0.49903807772045627,,,,
partial_rank,TROUGH_SESSION_INTRADAY_DOWNSIDE,phase,1,SH_A,NON_ST,pit,3,277,-0.43711000162988634,,,,
partial_rank,TROUGH_SESSION_INTRADAY_DOWNSIDE,phase,1,SH_A,NON_ST,pit,5,166,-0.50810954604971181,,,,
partial_rank,TROUGH_SESSION_INTRADAY_DOWNSIDE,phase,1,SZ_A,ALL_STATUS,pit,3,277,-0.36530009343377173,,,,
partial_rank,TROUGH_SESSION_INTRADAY_DOWNSIDE,phase,1,SZ_A,ALL_STATUS,pit,5,166,-0.39428110561186253,,,,
partial_rank,TROUGH_SESSION_INTRADAY_DOWNSIDE,phase,1,SZ_A,NON_ST,pit,3,277,-0.37118184766961049,,,,
partial_rank,TROUGH_SESSION_INTRADAY_DOWNSIDE,phase,1,SZ_A,NON_ST,pit,5,166,-0.39431707713933051,,,,
partial_rank,TROUGH_SESSION_INTRADAY_DOWNSIDE,phase,2,ALL_A,ALL_STATUS,pit,3,276,-0.44456784276451206,,,,
partial_rank,TROUGH_SESSION_INTRADAY_DOWNSIDE,phase,2,ALL_A,ALL_STATUS,pit,5,165,-0.38514676373383461,,,,
partial_rank,TROUGH_SESSION_INTRADAY_DOWNSIDE,phase,2,ALL_A,NON_ST,pit,3,276,-0.4393480782706925,,,,
partial_rank,TROUGH_SESSION_INTRADAY_DOWNSIDE,phase,2,ALL_A,NON_ST,pit,5,165,-0.39463696102252127,,,,
partial_rank,TROUGH_SESSION_INTRADAY_DOWNSIDE,phase,2,CHINEXT_BOARD,ALL_STATUS,pit,3,274,-0.3501497095048538,,,,
partial_rank,TROUGH_SESSION_INTRADAY_DOWNSIDE,phase,2,CHINEXT_BOARD,ALL_STATUS,pit,5,164,-0.23643865103280629,,,,
partial_rank,TROUGH_SESSION_INTRADAY_DOWNSIDE,phase,2,CHINEXT_BOARD,NON_ST,pit,3,275,-0.34341612899733659,,,,
partial_rank,TROUGH_SESSION_INTRADAY_DOWNSIDE,phase,2,CHINEXT_BOARD,NON_ST,pit,5,164,-0.22888128943510647,,,,
partial_rank,TROUGH_SESSION_INTRADAY_DOWNSIDE,phase,2,SH_A,ALL_STATUS,pit,3,276,-0.44308024269800456,,,,
partial_rank,TROUGH_SESSION_INTRADAY_DOWNSIDE,phase,2,SH_A,ALL_STATUS,pit,5,165,-0.40103346707922388,,,,
partial_rank,TROUGH_SESSION_INTRADAY_DOWNSIDE,phase,2,SH_A,NON_ST,pit,3,276,-0.44831088526178181,,,,
partial_rank,TROUGH_SESSION_INTRADAY_DOWNSIDE,phase,2,SH_A,NON_ST,pit,5,165,-0.41154788440359769,,,,
partial_rank,TROUGH_SESSION_INTRADAY_DOWNSIDE,phase,2,SZ_A,ALL_STATUS,pit,3,276,-0.3831314982037346,,,,
partial_rank,TROUGH_SESSION_INTRADAY_DOWNSIDE,phase,2,SZ_A,ALL_STATUS,pit,5,165,-0.25274472255396491,,,,
partial_rank,TROUGH_SESSION_INTRADAY_DOWNSIDE,phase,2,SZ_A,NON_ST,pit,3,276,-0.38567917866492923,,,,
partial_rank,TROUGH_SESSION_INTRADAY_DOWNSIDE,phase,2,SZ_A,NON_ST,pit,5,165,-0.25912490144021078,,,,
partial_rank,TROUGH_SESSION_INTRADAY_DOWNSIDE,phase,3,ALL_A,ALL_STATUS,pit,5,166,-0.43207192116778531,,,,
partial_rank,TROUGH_SESSION_INTRADAY_DOWNSIDE,phase,3,ALL_A,NON_ST,pit,5,166,-0.43025949294373861,,,,
partial_rank,TROUGH_SESSION_INTRADAY_DOWNSIDE,phase,3,CHINEXT_BOARD,ALL_STATUS,pit,5,166,-0.32383631166424404,,,,
partial_rank,TROUGH_SESSION_INTRADAY_DOWNSIDE,phase,3,CHINEXT_BOARD,NON_ST,pit,5,166,-0.31060815353270416,,,,
partial_rank,TROUGH_SESSION_INTRADAY_DOWNSIDE,phase,3,SH_A,ALL_STATUS,pit,5,166,-0.41683994709426847,,,,
partial_rank,TROUGH_SESSION_INTRADAY_DOWNSIDE,phase,3,SH_A,NON_ST,pit,5,166,-0.42105700067428137,,,,
partial_rank,TROUGH_SESSION_INTRADAY_DOWNSIDE,phase,3,SZ_A,ALL_STATUS,pit,5,166,-0.38998258513218492,,,,
partial_rank,TROUGH_SESSION_INTRADAY_DOWNSIDE,phase,3,SZ_A,NON_ST,pit,5,166,-0.39082346202906904,,,,
partial_rank,TROUGH_SESSION_INTRADAY_DOWNSIDE,phase,4,ALL_A,ALL_STATUS,pit,5,166,-0.47187596837509893,,,,
partial_rank,TROUGH_SESSION_INTRADAY_DOWNSIDE,phase,4,ALL_A,NON_ST,pit,5,166,-0.48066602468962899,,,,
partial_rank,TROUGH_SESSION_INTRADAY_DOWNSIDE,phase,4,CHINEXT_BOARD,ALL_STATUS,pit,5,166,-0.28595469872661905,,,,
partial_rank,TROUGH_SESSION_INTRADAY_DOWNSIDE,phase,4,CHINEXT_BOARD,NON_ST,pit,5,166,-0.27604385220964056,,,,
partial_rank,TROUGH_SESSION_INTRADAY_DOWNSIDE,phase,4,SH_A,ALL_STATUS,pit,5,166,-0.44734210188246465,,,,
partial_rank,TROUGH_SESSION_INTRADAY_DOWNSIDE,phase,4,SH_A,NON_ST,pit,5,166,-0.45187221250487813,,,,
partial_rank,TROUGH_SESSION_INTRADAY_DOWNSIDE,phase,4,SZ_A,ALL_STATUS,pit,5,166,-0.4119991035308937,,,,
partial_rank,TROUGH_SESSION_INTRADAY_DOWNSIDE,phase,4,SZ_A,NON_ST,pit,5,166,-0.41677386043655634,,,,
partial_rank,TROUGH_SESSION_INTRADAY_DOWNSIDE,year,2020,ALL_A,ALL_STATUS,pit,3,107,-0.19670006431334491,,,,
partial_rank,TROUGH_SESSION_INTRADAY_DOWNSIDE,year,2020,ALL_A,NON_ST,pit,3,107,-0.21236373142525189,,,,
partial_rank,TROUGH_SESSION_INTRADAY_DOWNSIDE,year,2020,CHINEXT_BOARD,ALL_STATUS,pit,3,107,-0.012988405104073862,,,,
partial_rank,TROUGH_SESSION_INTRADAY_DOWNSIDE,year,2020,CHINEXT_BOARD,NON_ST,pit,3,107,-0.0093882897005596582,,,,
partial_rank,TROUGH_SESSION_INTRADAY_DOWNSIDE,year,2020,SH_A,ALL_STATUS,pit,3,107,-0.1935927220226058,,,,
partial_rank,TROUGH_SESSION_INTRADAY_DOWNSIDE,year,2020,SH_A,NON_ST,pit,3,107,-0.22870722388496778,,,,
partial_rank,TROUGH_SESSION_INTRADAY_DOWNSIDE,year,2020,SZ_A,ALL_STATUS,pit,3,107,-0.16046592877705645,,,,
partial_rank,TROUGH_SESSION_INTRADAY_DOWNSIDE,year,2020,SZ_A,NON_ST,pit,3,107,-0.14421680924092301,,,,
partial_rank,TROUGH_SESSION_INTRADAY_DOWNSIDE,year,2021,ALL_A,ALL_STATUS,pit,3,243,-0.37986252442591045,,,,
partial_rank,TROUGH_SESSION_INTRADAY_DOWNSIDE,year,2021,ALL_A,NON_ST,pit,3,243,-0.38079557612028264,,,,
partial_rank,TROUGH_SESSION_INTRADAY_DOWNSIDE,year,2021,CHINEXT_BOARD,ALL_STATUS,pit,3,240,-0.16489682584753931,,,,
partial_rank,TROUGH_SESSION_INTRADAY_DOWNSIDE,year,2021,CHINEXT_BOARD,NON_ST,pit,3,241,-0.15595486536429831,,,,
partial_rank,TROUGH_SESSION_INTRADAY_DOWNSIDE,year,2021,SH_A,ALL_STATUS,pit,3,243,-0.44997908476208059,,,,
partial_rank,TROUGH_SESSION_INTRADAY_DOWNSIDE,year,2021,SH_A,NON_ST,pit,3,243,-0.45437399026440012,,,,
partial_rank,TROUGH_SESSION_INTRADAY_DOWNSIDE,year,2021,SZ_A,ALL_STATUS,pit,3,243,-0.2703689102101805,,,,
partial_rank,TROUGH_SESSION_INTRADAY_DOWNSIDE,year,2021,SZ_A,NON_ST,pit,3,243,-0.27218653026218909,,,,
partial_rank,TROUGH_SESSION_INTRADAY_DOWNSIDE,year,2022,ALL_A,ALL_STATUS,pit,3,242,-0.40116811337610814,,,,
partial_rank,TROUGH_SESSION_INTRADAY_DOWNSIDE,year,2022,ALL_A,NON_ST,pit,3,242,-0.41088452375979656,,,,
partial_rank,TROUGH_SESSION_INTRADAY_DOWNSIDE,year,2022,CHINEXT_BOARD,ALL_STATUS,pit,3,242,-0.28792552275405897,,,,
partial_rank,TROUGH_SESSION_INTRADAY_DOWNSIDE,year,2022,CHINEXT_BOARD,NON_ST,pit,3,242,-0.28622537912028595,,,,
partial_rank,TROUGH_SESSION_INTRADAY_DOWNSIDE,year,2022,SH_A,ALL_STATUS,pit,3,242,-0.36621421309414981,,,,
partial_rank,TROUGH_SESSION_INTRADAY_DOWNSIDE,year,2022,SH_A,NON_ST,pit,3,242,-0.3704391949150963,,,,
partial_rank,TROUGH_SESSION_INTRADAY_DOWNSIDE,year,2022,SZ_A,ALL_STATUS,pit,3,242,-0.3426536415628626,,,,
partial_rank,TROUGH_SESSION_INTRADAY_DOWNSIDE,year,2022,SZ_A,NON_ST,pit,3,242,-0.34717205589029321,,,,
partial_rank,TROUGH_SESSION_INTRADAY_DOWNSIDE,year,2023,ALL_A,ALL_STATUS,pit,3,237,-0.62589800282722996,,,,
partial_rank,TROUGH_SESSION_INTRADAY_DOWNSIDE,year,2023,ALL_A,NON_ST,pit,3,237,-0.62017608406184133,,,,
partial_rank,TROUGH_SESSION_INTRADAY_DOWNSIDE,year,2023,CHINEXT_BOARD,ALL_STATUS,pit,3,237,-0.50544545554857878,,,,
partial_rank,TROUGH_SESSION_INTRADAY_DOWNSIDE,year,2023,CHINEXT_BOARD,NON_ST,pit,3,237,-0.49515358458132352,,,,
partial_rank,TROUGH_SESSION_INTRADAY_DOWNSIDE,year,2023,SH_A,ALL_STATUS,pit,3,237,-0.65572685530386721,,,,
partial_rank,TROUGH_SESSION_INTRADAY_DOWNSIDE,year,2023,SH_A,NON_ST,pit,3,237,-0.655493351816265,,,,
partial_rank,TROUGH_SESSION_INTRADAY_DOWNSIDE,year,2023,SZ_A,ALL_STATUS,pit,3,237,-0.54437274475394892,,,,
partial_rank,TROUGH_SESSION_INTRADAY_DOWNSIDE,year,2023,SZ_A,NON_ST,pit,3,237,-0.54069677738460964,,,,
tail_residual_gap,PREOPEN_PATH_DOWNSIDE,cell,ALL_A:ALL_STATUS,ALL_A,ALL_STATUS,pit,3,829,,176,161,-0.010422219187229367,
tail_residual_gap,PREOPEN_PATH_DOWNSIDE,cell,ALL_A:NON_ST,ALL_A,NON_ST,pit,3,829,,178,160,-0.010318679171996791,
tail_residual_gap,PREOPEN_PATH_DOWNSIDE,cell,CHINEXT_BOARD:ALL_STATUS,CHINEXT_BOARD,ALL_STATUS,pit,3,826,,160,213,-0.009432489854799983,
tail_residual_gap,PREOPEN_PATH_DOWNSIDE,cell,CHINEXT_BOARD:NON_ST,CHINEXT_BOARD,NON_ST,pit,3,827,,160,216,-0.0090323126943423829,
tail_residual_gap,PREOPEN_PATH_DOWNSIDE,cell,SH_A:ALL_STATUS,SH_A,ALL_STATUS,pit,3,829,,186,144,-0.009010765352981856,
tail_residual_gap,PREOPEN_PATH_DOWNSIDE,cell,SH_A:NON_ST,SH_A,NON_ST,pit,3,829,,180,144,-0.0092207556891233181,
tail_residual_gap,PREOPEN_PATH_DOWNSIDE,cell,SZ_A:ALL_STATUS,SZ_A,ALL_STATUS,pit,3,829,,163,181,-0.0097075157027030189,
tail_residual_gap,PREOPEN_PATH_DOWNSIDE,cell,SZ_A:NON_ST,SZ_A,NON_ST,pit,3,829,,167,183,-0.01000665470597026,
tail_residual_gap,POST_TROUGH_RECOVERY_DIAGNOSTIC,cell,ALL_A:ALL_STATUS,ALL_A,ALL_STATUS,pit,3,829,,176,161,0.012166785303457252,
tail_residual_gap,POST_TROUGH_RECOVERY_DIAGNOSTIC,cell,ALL_A:NON_ST,ALL_A,NON_ST,pit,3,829,,178,160,0.012108526585343025,
tail_residual_gap,POST_TROUGH_RECOVERY_DIAGNOSTIC,cell,CHINEXT_BOARD:ALL_STATUS,CHINEXT_BOARD,ALL_STATUS,pit,3,826,,160,213,0.010184149348942465,
tail_residual_gap,POST_TROUGH_RECOVERY_DIAGNOSTIC,cell,CHINEXT_BOARD:NON_ST,CHINEXT_BOARD,NON_ST,pit,3,827,,160,216,0.010565148987411302,
tail_residual_gap,POST_TROUGH_RECOVERY_DIAGNOSTIC,cell,SH_A:ALL_STATUS,SH_A,ALL_STATUS,pit,3,829,,186,144,0.01299460370655765,
tail_residual_gap,POST_TROUGH_RECOVERY_DIAGNOSTIC,cell,SH_A:NON_ST,SH_A,NON_ST,pit,3,829,,180,144,0.01313998596627115,
tail_residual_gap,POST_TROUGH_RECOVERY_DIAGNOSTIC,cell,SZ_A:ALL_STATUS,SZ_A,ALL_STATUS,pit,3,829,,163,181,0.013523204794489404,
tail_residual_gap,POST_TROUGH_RECOVERY_DIAGNOSTIC,cell,SZ_A:NON_ST,SZ_A,NON_ST,pit,3,829,,167,183,0.013373372458688929,
tail_residual_gap,TROUGH_SESSION_INTRADAY_DOWNSIDE,cell,ALL_A:ALL_STATUS,ALL_A,ALL_STATUS,pit,3,829,,176,161,-0.0075724440738240868,
tail_residual_gap,TROUGH_SESSION_INTRADAY_DOWNSIDE,cell,ALL_A:NON_ST,ALL_A,NON_ST,pit,3,829,,178,160,-0.0074700072184941593,
tail_residual_gap,TROUGH_SESSION_INTRADAY_DOWNSIDE,cell,CHINEXT_BOARD:ALL_STATUS,CHINEXT_BOARD,ALL_STATUS,pit,3,826,,160,213,-0.0065887043097575086,
tail_residual_gap,TROUGH_SESSION_INTRADAY_DOWNSIDE,cell,CHINEXT_BOARD:NON_ST,CHINEXT_BOARD,NON_ST,pit,3,827,,160,216,-0.0062904953863119027,
tail_residual_gap,TROUGH_SESSION_INTRADAY_DOWNSIDE,cell,SH_A:ALL_STATUS,SH_A,ALL_STATUS,pit,3,829,,186,144,-0.0078372637869522626,
tail_residual_gap,TROUGH_SESSION_INTRADAY_DOWNSIDE,cell,SH_A:NON_ST,SH_A,NON_ST,pit,3,829,,180,144,-0.0080920954328796684,
tail_residual_gap,TROUGH_SESSION_INTRADAY_DOWNSIDE,cell,SZ_A:ALL_STATUS,SZ_A,ALL_STATUS,pit,3,829,,163,181,-0.0071073468426642609,
tail_residual_gap,TROUGH_SESSION_INTRADAY_DOWNSIDE,cell,SZ_A:NON_ST,SZ_A,NON_ST,pit,3,829,,167,183,-0.0070495163967827564,
terminal_diagnostic,PREOPEN_PATH_DOWNSIDE,cell,ALL_A:ALL_STATUS,ALL_A,ALL_STATUS,pit,1,829,-0.048070976655128383,,,,
terminal_diagnostic,PREOPEN_PATH_DOWNSIDE,cell,ALL_A:ALL_STATUS,ALL_A,ALL_STATUS,pit,3,829,-0.056056027581395121,,,,
terminal_diagnostic,PREOPEN_PATH_DOWNSIDE,cell,ALL_A:ALL_STATUS,ALL_A,ALL_STATUS,pit,5,829,-0.04017476184650174,,,,
terminal_diagnostic,PREOPEN_PATH_DOWNSIDE,cell,ALL_A:NON_ST,ALL_A,NON_ST,pit,1,829,-0.055867082444672991,,,,
terminal_diagnostic,PREOPEN_PATH_DOWNSIDE,cell,ALL_A:NON_ST,ALL_A,NON_ST,pit,3,829,-0.061075282587229933,,,,
terminal_diagnostic,PREOPEN_PATH_DOWNSIDE,cell,ALL_A:NON_ST,ALL_A,NON_ST,pit,5,829,-0.047624798295196669,,,,
terminal_diagnostic,PREOPEN_PATH_DOWNSIDE,cell,CHINEXT_BOARD:ALL_STATUS,CHINEXT_BOARD,ALL_STATUS,pit,1,826,-0.027611367538077487,,,,
terminal_diagnostic,PREOPEN_PATH_DOWNSIDE,cell,CHINEXT_BOARD:ALL_STATUS,CHINEXT_BOARD,ALL_STATUS,pit,3,826,-0.092885599290939772,,,,
terminal_diagnostic,PREOPEN_PATH_DOWNSIDE,cell,CHINEXT_BOARD:ALL_STATUS,CHINEXT_BOARD,ALL_STATUS,pit,5,826,-0.13284660172697457,,,,
terminal_diagnostic,PREOPEN_PATH_DOWNSIDE,cell,CHINEXT_BOARD:NON_ST,CHINEXT_BOARD,NON_ST,pit,1,827,-0.027486090974814175,,,,
terminal_diagnostic,PREOPEN_PATH_DOWNSIDE,cell,CHINEXT_BOARD:NON_ST,CHINEXT_BOARD,NON_ST,pit,3,827,-0.086374859738062984,,,,
terminal_diagnostic,PREOPEN_PATH_DOWNSIDE,cell,CHINEXT_BOARD:NON_ST,CHINEXT_BOARD,NON_ST,pit,5,827,-0.12544567304738935,,,,
terminal_diagnostic,PREOPEN_PATH_DOWNSIDE,cell,SH_A:ALL_STATUS,SH_A,ALL_STATUS,pit,1,829,-0.023810975511961565,,,,
terminal_diagnostic,PREOPEN_PATH_DOWNSIDE,cell,SH_A:ALL_STATUS,SH_A,ALL_STATUS,pit,3,829,-0.033873378053132133,,,,
terminal_diagnostic,PREOPEN_PATH_DOWNSIDE,cell,SH_A:ALL_STATUS,SH_A,ALL_STATUS,pit,5,829,-0.01621703674004021,,,,
terminal_diagnostic,PREOPEN_PATH_DOWNSIDE,cell,SH_A:NON_ST,SH_A,NON_ST,pit,1,829,-0.027762073667488341,,,,
terminal_diagnostic,PREOPEN_PATH_DOWNSIDE,cell,SH_A:NON_ST,SH_A,NON_ST,pit,3,829,-0.0358425607538497,,,,
terminal_diagnostic,PREOPEN_PATH_DOWNSIDE,cell,SH_A:NON_ST,SH_A,NON_ST,pit,5,829,-0.019203240268882177,,,,
terminal_diagnostic,PREOPEN_PATH_DOWNSIDE,cell,SZ_A:ALL_STATUS,SZ_A,ALL_STATUS,pit,1,829,-0.02996343679975139,,,,
terminal_diagnostic,PREOPEN_PATH_DOWNSIDE,cell,SZ_A:ALL_STATUS,SZ_A,ALL_STATUS,pit,3,829,-0.034583901348984904,,,,
terminal_diagnostic,PREOPEN_PATH_DOWNSIDE,cell,SZ_A:ALL_STATUS,SZ_A,ALL_STATUS,pit,5,829,-0.057631510542885837,,,,
terminal_diagnostic,PREOPEN_PATH_DOWNSIDE,cell,SZ_A:NON_ST,SZ_A,NON_ST,pit,1,829,-0.03637302261154076,,,,
terminal_diagnostic,PREOPEN_PATH_DOWNSIDE,cell,SZ_A:NON_ST,SZ_A,NON_ST,pit,3,829,-0.037197161402695106,,,,
terminal_diagnostic,PREOPEN_PATH_DOWNSIDE,cell,SZ_A:NON_ST,SZ_A,NON_ST,pit,5,829,-0.063373704566892133,,,,
terminal_diagnostic,TROUGH_SESSION_INTRADAY_DOWNSIDE,cell,ALL_A:ALL_STATUS,ALL_A,ALL_STATUS,pit,1,829,-0.048070976655128383,,,,
terminal_diagnostic,TROUGH_SESSION_INTRADAY_DOWNSIDE,cell,ALL_A:ALL_STATUS,ALL_A,ALL_STATUS,pit,3,829,-0.056056027581395121,,,,
terminal_diagnostic,TROUGH_SESSION_INTRADAY_DOWNSIDE,cell,ALL_A:ALL_STATUS,ALL_A,ALL_STATUS,pit,5,829,-0.04017476184650174,,,,
terminal_diagnostic,TROUGH_SESSION_INTRADAY_DOWNSIDE,cell,ALL_A:NON_ST,ALL_A,NON_ST,pit,1,829,-0.055867082444672991,,,,
terminal_diagnostic,TROUGH_SESSION_INTRADAY_DOWNSIDE,cell,ALL_A:NON_ST,ALL_A,NON_ST,pit,3,829,-0.061075282587229933,,,,
terminal_diagnostic,TROUGH_SESSION_INTRADAY_DOWNSIDE,cell,ALL_A:NON_ST,ALL_A,NON_ST,pit,5,829,-0.047624798295196669,,,,
terminal_diagnostic,TROUGH_SESSION_INTRADAY_DOWNSIDE,cell,CHINEXT_BOARD:ALL_STATUS,CHINEXT_BOARD,ALL_STATUS,pit,1,826,-0.027611367538077487,,,,
terminal_diagnostic,TROUGH_SESSION_INTRADAY_DOWNSIDE,cell,CHINEXT_BOARD:ALL_STATUS,CHINEXT_BOARD,ALL_STATUS,pit,3,826,-0.092885599290939772,,,,
terminal_diagnostic,TROUGH_SESSION_INTRADAY_DOWNSIDE,cell,CHINEXT_BOARD:ALL_STATUS,CHINEXT_BOARD,ALL_STATUS,pit,5,826,-0.13284660172697457,,,,
terminal_diagnostic,TROUGH_SESSION_INTRADAY_DOWNSIDE,cell,CHINEXT_BOARD:NON_ST,CHINEXT_BOARD,NON_ST,pit,1,827,-0.027486090974814175,,,,
terminal_diagnostic,TROUGH_SESSION_INTRADAY_DOWNSIDE,cell,CHINEXT_BOARD:NON_ST,CHINEXT_BOARD,NON_ST,pit,3,827,-0.086374859738062984,,,,
terminal_diagnostic,TROUGH_SESSION_INTRADAY_DOWNSIDE,cell,CHINEXT_BOARD:NON_ST,CHINEXT_BOARD,NON_ST,pit,5,827,-0.12544567304738935,,,,
terminal_diagnostic,TROUGH_SESSION_INTRADAY_DOWNSIDE,cell,SH_A:ALL_STATUS,SH_A,ALL_STATUS,pit,1,829,-0.023810975511961565,,,,
terminal_diagnostic,TROUGH_SESSION_INTRADAY_DOWNSIDE,cell,SH_A:ALL_STATUS,SH_A,ALL_STATUS,pit,3,829,-0.033873378053132133,,,,
terminal_diagnostic,TROUGH_SESSION_INTRADAY_DOWNSIDE,cell,SH_A:ALL_STATUS,SH_A,ALL_STATUS,pit,5,829,-0.01621703674004021,,,,
terminal_diagnostic,TROUGH_SESSION_INTRADAY_DOWNSIDE,cell,SH_A:NON_ST,SH_A,NON_ST,pit,1,829,-0.027762073667488341,,,,
terminal_diagnostic,TROUGH_SESSION_INTRADAY_DOWNSIDE,cell,SH_A:NON_ST,SH_A,NON_ST,pit,3,829,-0.0358425607538497,,,,
terminal_diagnostic,TROUGH_SESSION_INTRADAY_DOWNSIDE,cell,SH_A:NON_ST,SH_A,NON_ST,pit,5,829,-0.019203240268882177,,,,
terminal_diagnostic,TROUGH_SESSION_INTRADAY_DOWNSIDE,cell,SZ_A:ALL_STATUS,SZ_A,ALL_STATUS,pit,1,829,-0.02996343679975139,,,,
terminal_diagnostic,TROUGH_SESSION_INTRADAY_DOWNSIDE,cell,SZ_A:ALL_STATUS,SZ_A,ALL_STATUS,pit,3,829,-0.034583901348984904,,,,
terminal_diagnostic,TROUGH_SESSION_INTRADAY_DOWNSIDE,cell,SZ_A:ALL_STATUS,SZ_A,ALL_STATUS,pit,5,829,-0.057631510542885837,,,,
terminal_diagnostic,TROUGH_SESSION_INTRADAY_DOWNSIDE,cell,SZ_A:NON_ST,SZ_A,NON_ST,pit,1,829,-0.03637302261154076,,,,
terminal_diagnostic,TROUGH_SESSION_INTRADAY_DOWNSIDE,cell,SZ_A:NON_ST,SZ_A,NON_ST,pit,3,829,-0.037197161402695106,,,,
terminal_diagnostic,TROUGH_SESSION_INTRADAY_DOWNSIDE,cell,SZ_A:NON_ST,SZ_A,NON_ST,pit,5,829,-0.063373704566892133,,,,
