symbol,trade_date,selection_hash,field,exact_match,aggregate_hex,scalar_hex
601117.SH,2018-09-03,00000db7a19beb1c3d1562ab4b2e6b4a3d443e3d84b74bd88bcb8a9f52d63556,coordinate_close_t,True,0x1.de7fa17f7b623p-1,0x1.de7fa17f7b623p-1
601117.SH,2018-09-03,00000db7a19beb1c3d1562ab4b2e6b4a3d443e3d84b74bd88bcb8a9f52d63556,coordinate_close_t1,True,0x1.df3dd769d10a8p-1,0x1.df3dd769d10a8p-1
601117.SH,2018-09-03,00000db7a19beb1c3d1562ab4b2e6b4a3d443e3d84b74bd88bcb8a9f52d63556,coordinate_close_t3,True,0x1.da0a5e0179705p-1,0x1.da0a5e0179705p-1
601117.SH,2018-09-03,00000db7a19beb1c3d1562ab4b2e6b4a3d443e3d84b74bd88bcb8a9f52d63556,coordinate_close_t5,True,0x1.dd0335aad0119p-1,0x1.dd0335aad0119p-1
601117.SH,2018-09-03,00000db7a19beb1c3d1562ab4b2e6b4a3d443e3d84b74bd88bcb8a9f52d63556,mapped_low_t1,True,0x1.d88df22cce1fdp-1,0x1.d88df22cce1fdp-1
601117.SH,2018-09-03,00000db7a19beb1c3d1562ab4b2e6b4a3d443e3d84b74bd88bcb8a9f52d63556,mapped_low_t2,True,0x1.d653506dcd26dp-1,0x1.d653506dcd26dp-1
601117.SH,2018-09-03,00000db7a19beb1c3d1562ab4b2e6b4a3d443e3d84b74bd88bcb8a9f52d63556,mapped_low_t3,True,0x1.d711865822cf1p-1,0x1.d711865822cf1p-1
601117.SH,2018-09-03,00000db7a19beb1c3d1562ab4b2e6b4a3d443e3d84b74bd88bcb8a9f52d63556,mapped_low_t4,True,0x1.d653506dcd26ep-1,0x1.d653506dcd26ep-1
601117.SH,2018-09-03,00000db7a19beb1c3d1562ab4b2e6b4a3d443e3d84b74bd88bcb8a9f52d63556,mapped_low_t5,True,0x1.d88df22cce1fdp-1,0x1.d88df22cce1fdp-1
601117.SH,2018-09-03,00000db7a19beb1c3d1562ab4b2e6b4a3d443e3d84b74bd88bcb8a9f52d63556,terminal_log_return_h1,True,0x1.96bd7d1b0e5dap-10,0x1.96bd7d1b0e5dap-10
601117.SH,2018-09-03,00000db7a19beb1c3d1562ab4b2e6b4a3d443e3d84b74bd88bcb8a9f52d63556,terminal_log_return_h3,True,-0x1.32b915c3a2d36p-7,-0x1.32b915c3a2d36p-7
601117.SH,2018-09-03,00000db7a19beb1c3d1562ab4b2e6b4a3d443e3d84b74bd88bcb8a9f52d63556,terminal_log_return_h5,True,-0x1.97b07517d6dd3p-9,-0x1.97b07517d6dd3p-9
601117.SH,2018-09-03,00000db7a19beb1c3d1562ab4b2e6b4a3d443e3d84b74bd88bcb8a9f52d63556,adverse_log_excursion_h1,True,-0x1.999af7222eb80p-7,-0x1.999af7222eb80p-7
601117.SH,2018-09-03,00000db7a19beb1c3d1562ab4b2e6b4a3d443e3d84b74bd88bcb8a9f52d63556,adverse_log_excursion_h3,True,-0x1.1a44be84c4c3fp-6,-0x1.1a44be84c4c3fp-6
601117.SH,2018-09-03,00000db7a19beb1c3d1562ab4b2e6b4a3d443e3d84b74bd88bcb8a9f52d63556,adverse_log_excursion_h5,True,-0x1.1a44be84c4c3fp-6,-0x1.1a44be84c4c3fp-6
600743.SH,2021-08-23,000000581a674612124665138766c5a9cd76220138bd46b64551fd718bb9bdba,coordinate_close_t,True,0x1.2b35f482f1d64p-1,0x1.2b35f482f1d64p-1
600743.SH,2021-08-23,000000581a674612124665138766c5a9cd76220138bd46b64551fd718bb9bdba,coordinate_close_t1,True,0x1.2b35f482f1d64p-1,0x1.2b35f482f1d64p-1
600743.SH,2021-08-23,000000581a674612124665138766c5a9cd76220138bd46b64551fd718bb9bdba,coordinate_close_t3,True,0x1.3002cca06cd17p-1,0x1.3002cca06cd17p-1
600743.SH,2021-08-23,000000581a674612124665138766c5a9cd76220138bd46b64551fd718bb9bdba,coordinate_close_t5,True,0x1.2e692f4143d31p-1,0x1.2e692f4143d31p-1
600743.SH,2021-08-23,000000581a674612124665138766c5a9cd76220138bd46b64551fd718bb9bdba,mapped_low_t1,True,0x1.299c5723c8d7dp-1,0x1.299c5723c8d7dp-1
600743.SH,2021-08-23,000000581a674612124665138766c5a9cd76220138bd46b64551fd718bb9bdba,mapped_low_t2,True,0x1.299c5723c8d7dp-1,0x1.299c5723c8d7dp-1
600743.SH,2021-08-23,000000581a674612124665138766c5a9cd76220138bd46b64551fd718bb9bdba,mapped_low_t3,True,0x1.2b35f482f1d64p-1,0x1.2b35f482f1d64p-1
600743.SH,2021-08-23,000000581a674612124665138766c5a9cd76220138bd46b64551fd718bb9bdba,mapped_low_t4,True,0x1.2e692f4143d30p-1,0x1.2e692f4143d30p-1
600743.SH,2021-08-23,000000581a674612124665138766c5a9cd76220138bd46b64551fd718bb9bdba,mapped_low_t5,True,0x1.2ccf91e21ad4ap-1,0x1.2ccf91e21ad4ap-1
600743.SH,2021-08-23,000000581a674612124665138766c5a9cd76220138bd46b64551fd718bb9bdba,terminal_log_return_h1,True,0x0.0p+0,0x0.0p+0
600743.SH,2021-08-23,000000581a674612124665138766c5a9cd76220138bd46b64551fd718bb9bdba,terminal_log_return_h3,True,0x1.04c242028be0ap-6,0x1.04c242028be0ap-6
600743.SH,2021-08-23,000000581a674612124665138766c5a9cd76220138bd46b64551fd718bb9bdba,terminal_log_return_h5,True,0x1.5c995a2faf61fp-7,0x1.5c995a2faf61fp-7
600743.SH,2021-08-23,000000581a674612124665138766c5a9cd76220138bd46b64551fd718bb9bdba,adverse_log_excursion_h1,True,-0x1.5f667a6f6d593p-8,-0x1.5f667a6f6d593p-8
600743.SH,2021-08-23,000000581a674612124665138766c5a9cd76220138bd46b64551fd718bb9bdba,adverse_log_excursion_h3,True,-0x1.5f667a6f6d593p-8,-0x1.5f667a6f6d593p-8
600743.SH,2021-08-23,000000581a674612124665138766c5a9cd76220138bd46b64551fd718bb9bdba,adverse_log_excursion_h5,True,-0x1.5f667a6f6d593p-8,-0x1.5f667a6f6d593p-8
001208.SZ,2022-06-14,000000003d4e48ed4e66514543dbad8690a145daf59e24b994f0e1b51c9f1441,coordinate_close_t,True,0x1.ef741836e2cf0p+0,0x1.ef741836e2cf0p+0
001208.SZ,2022-06-14,000000003d4e48ed4e66514543dbad8690a145daf59e24b994f0e1b51c9f1441,coordinate_close_t1,True,0x1.e91d3119f6957p+0,0x1.e91d3119f6957p+0
001208.SZ,2022-06-14,000000003d4e48ed4e66514543dbad8690a145daf59e24b994f0e1b51c9f1441,coordinate_close_t3,True,0x1.0699a07cd6b38p+1,0x1.0699a07cd6b38p+1
001208.SZ,2022-06-14,000000003d4e48ed4e66514543dbad8690a145daf59e24b994f0e1b51c9f1441,coordinate_close_t5,True,0x1.f9b1b4ef74186p+0,0x1.f9b1b4ef74186p+0
001208.SZ,2022-06-14,000000003d4e48ed4e66514543dbad8690a145daf59e24b994f0e1b51c9f1441,mapped_low_t1,True,0x1.e82383b30d518p+0,0x1.e82383b30d518p+0
001208.SZ,2022-06-14,000000003d4e48ed4e66514543dbad8690a145daf59e24b994f0e1b51c9f1441,mapped_low_t2,True,0x1.e91d3119f6957p+0,0x1.e91d3119f6957p+0
001208.SZ,2022-06-14,000000003d4e48ed4e66514543dbad8690a145daf59e24b994f0e1b51c9f1441,mapped_low_t3,True,0x1.e5b35231c627bp+0,0x1.e5b35231c627bp+0
001208.SZ,2022-06-14,000000003d4e48ed4e66514543dbad8690a145daf59e24b994f0e1b51c9f1441,mapped_low_t4,True,0x1.fd1b93d7a4861p+0,0x1.fd1b93d7a4861p+0
001208.SZ,2022-06-14,000000003d4e48ed4e66514543dbad8690a145daf59e24b994f0e1b51c9f1441,mapped_low_t5,True,0x1.f5caff53cf08ap+0,0x1.f5caff53cf08ap+0
001208.SZ,2022-06-14,000000003d4e48ed4e66514543dbad8690a145daf59e24b994f0e1b51c9f1441,terminal_log_return_h1,True,-0x1.a5fb273358c4bp-7,-0x1.a5fb273358c4bp-7
001208.SZ,2022-06-14,000000003d4e48ed4e66514543dbad8690a145daf59e24b994f0e1b51c9f1441,terminal_log_return_h3,True,0x1.dda4a5b61da07p-5,0x1.dda4a5b61da07p-5
001208.SZ,2022-06-14,000000003d4e48ed4e66514543dbad8690a145daf59e24b994f0e1b51c9f1441,terminal_log_return_h5,True,0x1.4f31811a7ce33p-6,0x1.4f31811a7ce33p-6
001208.SZ,2022-06-14,000000003d4e48ed4e66514543dbad8690a145daf59e24b994f0e1b51c9f1441,adverse_log_excursion_h1,True,-0x1.e762e32172f25p-7,-0x1.e762e32172f25p-7
001208.SZ,2022-06-14,000000003d4e48ed4e66514543dbad8690a145daf59e24b994f0e1b51c9f1441,adverse_log_excursion_h3,True,-0x1.45bc831503bafp-6,-0x1.45bc831503bafp-6
001208.SZ,2022-06-14,000000003d4e48ed4e66514543dbad8690a145daf59e24b994f0e1b51c9f1441,adverse_log_excursion_h5,True,-0x1.45bc831503bafp-6,-0x1.45bc831503bafp-6
002786.SZ,2022-09-02,00000abfd4c97b9ab8b39661963a01f48bc93c2cff7c1c05aa9865d0051ed114,coordinate_close_t,True,0x1.6f7e3e3b73da1p-1,0x1.6f7e3e3b73da1p-1
002786.SZ,2022-09-02,00000abfd4c97b9ab8b39661963a01f48bc93c2cff7c1c05aa9865d0051ed114,coordinate_close_t1,True,0x1.74fe999b626cbp-1,0x1.74fe999b626cbp-1
002786.SZ,2022-09-02,00000abfd4c97b9ab8b39661963a01f48bc93c2cff7c1c05aa9865d0051ed114,coordinate_close_t3,True,0x1.8699579b2aa83p-1,0x1.8699579b2aa83p-1
002786.SZ,2022-09-02,00000abfd4c97b9ab8b39661963a01f48bc93c2cff7c1c05aa9865d0051ed114,coordinate_close_t5,True,0x1.7097ea1b705ddp-1,0x1.7097ea1b705ddp-1
002786.SZ,2022-09-02,00000abfd4c97b9ab8b39661963a01f48bc93c2cff7c1c05aa9865d0051ed114,mapped_low_t1,True,0x1.69fde2db85478p-1,0x1.69fde2db85478p-1
002786.SZ,2022-09-02,00000abfd4c97b9ab8b39661963a01f48bc93c2cff7c1c05aa9865d0051ed114,mapped_low_t2,True,0x1.7124c00b6e9fbp-1,0x1.7124c00b6e9fbp-1
002786.SZ,2022-09-02,00000abfd4c97b9ab8b39661963a01f48bc93c2cff7c1c05aa9865d0051ed114,mapped_low_t3,True,0x1.72cb41db69654p-1,0x1.72cb41db69654p-1
002786.SZ,2022-09-02,00000abfd4c97b9ab8b39661963a01f48bc93c2cff7c1c05aa9865d0051ed114,mapped_low_t4,True,0x1.8118fc3b3c15bp-1,0x1.8118fc3b3c15bp-1
002786.SZ,2022-09-02,00000abfd4c97b9ab8b39661963a01f48bc93c2cff7c1c05aa9865d0051ed114,mapped_low_t5,True,0x1.6d4ae67b7ad2ap-1,0x1.6d4ae67b7ad2ap-1
002786.SZ,2022-09-02,00000abfd4c97b9ab8b39661963a01f48bc93c2cff7c1c05aa9865d0051ed114,terminal_log_return_h1,True,0x1.e6e74934b03d2p-7,0x1.e6e74934b03d2p-7
002786.SZ,2022-09-02,00000abfd4c97b9ab8b39661963a01f48bc93c2cff7c1c05aa9865d0051ed114,terminal_log_return_h3,True,0x1.f3859c58dbca4p-5,0x1.f3859c58dbca4p-5
002786.SZ,2022-09-02,00000abfd4c97b9ab8b39661963a01f48bc93c2cff7c1c05aa9865d0051ed114,terminal_log_return_h5,True,0x1.87d8472aeed5ap-9,0x1.87d8472aeed5ap-9
002786.SZ,2022-09-02,00000abfd4c97b9ab8b39661963a01f48bc93c2cff7c1c05aa9865d0051ed114,adverse_log_excursion_h1,True,-0x1.ee3f6801f56eep-7,-0x1.ee3f6801f56eep-7
002786.SZ,2022-09-02,00000abfd4c97b9ab8b39661963a01f48bc93c2cff7c1c05aa9865d0051ed114,adverse_log_excursion_h3,True,-0x1.ee3f6801f56eep-7,-0x1.ee3f6801f56eep-7
002786.SZ,2022-09-02,00000abfd4c97b9ab8b39661963a01f48bc93c2cff7c1c05aa9865d0051ed114,adverse_log_excursion_h5,True,-0x1.ee3f6801f56eep-7,-0x1.ee3f6801f56eep-7
002561.SZ,2023-03-20,00000f0aa4cf1cdc01e29b4006b6d949b6a52b0c28bde0a2b2f49ff969dff9d2,coordinate_close_t,True,0x1.ec20199a79db4p-1,0x1.ec20199a79db4p-1
002561.SZ,2023-03-20,00000f0aa4cf1cdc01e29b4006b6d949b6a52b0c28bde0a2b2f49ff969dff9d2,coordinate_close_t1,True,0x1.f9bd50de7cb3fp-1,0x1.f9bd50de7cb3fp-1
002561.SZ,2023-03-20,00000f0aa4cf1cdc01e29b4006b6d949b6a52b0c28bde0a2b2f49ff969dff9d2,coordinate_close_t3,True,0x1.f2ae2abb38db6p-1,0x1.f2ae2abb38db6p-1
002561.SZ,2023-03-20,00000f0aa4cf1cdc01e29b4006b6d949b6a52b0c28bde0a2b2f49ff969dff9d2,coordinate_close_t5,True,0x1.ee246da48d3ddp-1,0x1.ee246da48d3ddp-1
002561.SZ,2023-03-20,00000f0aa4cf1cdc01e29b4006b6d949b6a52b0c28bde0a2b2f49ff969dff9d2,mapped_low_t1,True,0x1.ea1bc5906678ep-1,0x1.ea1bc5906678ep-1
002561.SZ,2023-03-20,00000f0aa4cf1cdc01e29b4006b6d949b6a52b0c28bde0a2b2f49ff969dff9d2,mapped_low_t2,True,0x1.f4b27ec54c3ddp-1,0x1.f4b27ec54c3ddp-1
002561.SZ,2023-03-20,00000f0aa4cf1cdc01e29b4006b6d949b6a52b0c28bde0a2b2f49ff969dff9d2,mapped_low_t3,True,0x1.f028c1aea0a04p-1,0x1.f028c1aea0a04p-1
002561.SZ,2023-03-20,00000f0aa4cf1cdc01e29b4006b6d949b6a52b0c28bde0a2b2f49ff969dff9d2,mapped_low_t4,True,0x1.f22d15b8b402cp-1,0x1.f22d15b8b402cp-1
002561.SZ,2023-03-20,00000f0aa4cf1cdc01e29b4006b6d949b6a52b0c28bde0a2b2f49ff969dff9d2,mapped_low_t5,True,0x1.ea1bc5906678ep-1,0x1.ea1bc5906678ep-1
002561.SZ,2023-03-20,00000f0aa4cf1cdc01e29b4006b6d949b6a52b0c28bde0a2b2f49ff969dff9d2,terminal_log_return_h1,True,0x1.bf17034e0311fp-6,0x1.bf17034e0311fp-6
002561.SZ,2023-03-20,00000f0aa4cf1cdc01e29b4006b6d949b6a52b0c28bde0a2b2f49ff969dff9d2,terminal_log_return_h3,True,0x1.b193ec78df886p-7,0x1.b193ec78df886p-7
002561.SZ,2023-03-20,00000f0aa4cf1cdc01e29b4006b6d949b6a52b0c28bde0a2b2f49ff969dff9d2,terminal_log_return_h5,True,0x1.0c0a90e57c01cp-8,0x1.0c0a90e57c01cp-8
002561.SZ,2023-03-20,00000f0aa4cf1cdc01e29b4006b6d949b6a52b0c28bde0a2b2f49ff969dff9d2,adverse_log_excursion_h1,True,-0x1.0d245e2daed0cp-8,-0x1.0d245e2daed0cp-8
002561.SZ,2023-03-20,00000f0aa4cf1cdc01e29b4006b6d949b6a52b0c28bde0a2b2f49ff969dff9d2,adverse_log_excursion_h3,True,-0x1.0d245e2daed0cp-8,-0x1.0d245e2daed0cp-8
002561.SZ,2023-03-20,00000f0aa4cf1cdc01e29b4006b6d949b6a52b0c28bde0a2b2f49ff969dff9d2,adverse_log_excursion_h5,True,-0x1.0d245e2daed0cp-8,-0x1.0d245e2daed0cp-8
