selection_hash,stratum,symbol,trade_date,market_view,denominator,field,expected_value,observed_value,exact_match
0000442768ec1ceaeb8508d256970e127de9cbd11ed72fdf08bdf71416dfb5d7,1,300631.SZ,2019-02-25,ALL_A,ALL_STATUS,adverse_log_excursion_h1,-0.030623828080336417,-0.030623828080336417,True
0000442768ec1ceaeb8508d256970e127de9cbd11ed72fdf08bdf71416dfb5d7,1,300631.SZ,2019-02-25,ALL_A,ALL_STATUS,adverse_log_excursion_h3,-0.0349012559281155,-0.0349012559281155,True
0000442768ec1ceaeb8508d256970e127de9cbd11ed72fdf08bdf71416dfb5d7,1,300631.SZ,2019-02-25,ALL_A,ALL_STATUS,adverse_log_excursion_h5,-0.036740055097772346,-0.036740055097772346,True
0000442768ec1ceaeb8508d256970e127de9cbd11ed72fdf08bdf71416dfb5d7,1,300631.SZ,2019-02-25,ALL_A,ALL_STATUS,coordinate_high,0.72384543673277935,0.72384543673277935,True
0000442768ec1ceaeb8508d256970e127de9cbd11ed72fdf08bdf71416dfb5d7,1,300631.SZ,2019-02-25,ALL_A,ALL_STATUS,own_depth,0.018018018018018056,0.018018018018018056,True
0000442768ec1ceaeb8508d256970e127de9cbd11ed72fdf08bdf71416dfb5d7,1,300631.SZ,2019-02-25,ALL_A,ALL_STATUS,resistance_high20,0.7110340130737921,0.7110340130737921,True
0000442768ec1ceaeb8508d256970e127de9cbd11ed72fdf08bdf71416dfb5d7,1,300631.SZ,2019-02-25,ALL_A,ALL_STATUS,stratum,1,1,True
0000442768ec1ceaeb8508d256970e127de9cbd11ed72fdf08bdf71416dfb5d7,1,300631.SZ,2019-02-25,ALL_A,ALL_STATUS,terminal_log_return_h1,-0.017298373483186892,-0.017298373483186892,True
0000442768ec1ceaeb8508d256970e127de9cbd11ed72fdf08bdf71416dfb5d7,1,300631.SZ,2019-02-25,ALL_A,ALL_STATUS,terminal_log_return_h3,-0.013095425236745237,-0.013095425236745237,True
0000442768ec1ceaeb8508d256970e127de9cbd11ed72fdf08bdf71416dfb5d7,1,300631.SZ,2019-02-25,ALL_A,ALL_STATUS,terminal_log_return_h5,0.00059119126758817473,0.00059119126758817473,True
00007519eef024f37f54266bc1197791ea5ee746e769fbb5a7d50afb72691b3b,1,300021.SZ,2018-05-03,ALL_A,ALL_STATUS,adverse_log_excursion_h1,-0.013774322464829174,-0.013774322464829174,True
00007519eef024f37f54266bc1197791ea5ee746e769fbb5a7d50afb72691b3b,1,300021.SZ,2018-05-03,ALL_A,ALL_STATUS,adverse_log_excursion_h3,-0.016552102028731534,-0.016552102028731534,True
00007519eef024f37f54266bc1197791ea5ee746e769fbb5a7d50afb72691b3b,1,300021.SZ,2018-05-03,ALL_A,ALL_STATUS,adverse_log_excursion_h5,-0.017943890701554194,-0.017943890701554194,True
00007519eef024f37f54266bc1197791ea5ee746e769fbb5a7d50afb72691b3b,1,300021.SZ,2018-05-03,ALL_A,ALL_STATUS,coordinate_high,1.1181818181818184,1.1181818181818184,True
00007519eef024f37f54266bc1197791ea5ee746e769fbb5a7d50afb72691b3b,1,300021.SZ,2018-05-03,ALL_A,ALL_STATUS,own_depth,0.0040816326530612734,0.0040816326530612734,True
00007519eef024f37f54266bc1197791ea5ee746e769fbb5a7d50afb72691b3b,1,300021.SZ,2018-05-03,ALL_A,ALL_STATUS,resistance_high20,1.1136363636363638,1.1136363636363638,True
00007519eef024f37f54266bc1197791ea5ee746e769fbb5a7d50afb72691b3b,1,300021.SZ,2018-05-03,ALL_A,ALL_STATUS,stratum,1,1,True
00007519eef024f37f54266bc1197791ea5ee746e769fbb5a7d50afb72691b3b,1,300021.SZ,2018-05-03,ALL_A,ALL_STATUS,terminal_log_return_h1,-0.012388320856952092,-0.012388320856952092,True
00007519eef024f37f54266bc1197791ea5ee746e769fbb5a7d50afb72691b3b,1,300021.SZ,2018-05-03,ALL_A,ALL_STATUS,terminal_log_return_h3,-0.0082418048951035314,-0.0082418048951035314,True
00007519eef024f37f54266bc1197791ea5ee746e769fbb5a7d50afb72691b3b,1,300021.SZ,2018-05-03,ALL_A,ALL_STATUS,terminal_log_return_h5,-0.013774322464829174,-0.013774322464829174,True
000081083f93b9257009471458a939503997ce705d394a3ce50c04f89e8d7f6f,1,601398.SH,2022-01-07,SH_A,NON_ST,adverse_log_excursion_h1,-0.0042283361095212871,-0.0042283361095212871,True
000081083f93b9257009471458a939503997ce705d394a3ce50c04f89e8d7f6f,1,601398.SH,2022-01-07,SH_A,NON_ST,adverse_log_excursion_h3,-0.0084746269909723448,-0.0084746269909723448,True
000081083f93b9257009471458a939503997ce705d394a3ce50c04f89e8d7f6f,1,601398.SH,2022-01-07,SH_A,NON_ST,adverse_log_excursion_h5,-0.014878064026179451,-0.014878064026179451,True
000081083f93b9257009471458a939503997ce705d394a3ce50c04f89e8d7f6f,1,601398.SH,2022-01-07,SH_A,NON_ST,coordinate_high,0.92991946758635369,0.92991946758635369,True
000081083f93b9257009471458a939503997ce705d394a3ce50c04f89e8d7f6f,1,601398.SH,2022-01-07,SH_A,NON_ST,own_depth,0.0042283298097249844,0.0042283298097249844,True
000081083f93b9257009471458a939503997ce705d394a3ce50c04f89e8d7f6f,1,601398.SH,2022-01-07,SH_A,NON_ST,resistance_high20,0.92600401719651659,0.92600401719651659,True
000081083f93b9257009471458a939503997ce705d394a3ce50c04f89e8d7f6f,1,601398.SH,2022-01-07,SH_A,NON_ST,stratum,1,1,True
000081083f93b9257009471458a939503997ce705d394a3ce50c04f89e8d7f6f,1,601398.SH,2022-01-07,SH_A,NON_ST,terminal_log_return_h1,0.0021074823395645778,0.0021074823395645778,True
000081083f93b9257009471458a939503997ce705d394a3ce50c04f89e8d7f6f,1,601398.SH,2022-01-07,SH_A,NON_ST,terminal_log_return_h3,-0.0042283361095212871,-0.0042283361095212871,True
000081083f93b9257009471458a939503997ce705d394a3ce50c04f89e8d7f6f,1,601398.SH,2022-01-07,SH_A,NON_ST,terminal_log_return_h5,-0.01273902577743005,-0.01273902577743005,True
0000bbc6ec46806356e0ec17230c8a346edeec2d2585841187da27d401384aee,1,300138.SZ,2020-04-24,CHINEXT_BOARD,ALL_STATUS,adverse_log_excursion_h1,-0.014113137476464655,-0.014113137476464655,True
0000bbc6ec46806356e0ec17230c8a346edeec2d2585841187da27d401384aee,1,300138.SZ,2020-04-24,CHINEXT_BOARD,ALL_STATUS,adverse_log_excursion_h3,-0.029458707151125366,-0.029458707151125366,True
0000bbc6ec46806356e0ec17230c8a346edeec2d2585841187da27d401384aee,1,300138.SZ,2020-04-24,CHINEXT_BOARD,ALL_STATUS,adverse_log_excursion_h5,-0.029458707151125366,-0.029458707151125366,True
0000bbc6ec46806356e0ec17230c8a346edeec2d2585841187da27d401384aee,1,300138.SZ,2020-04-24,CHINEXT_BOARD,ALL_STATUS,coordinate_high,1.1306673908615665,1.1306673908615665,True
0000bbc6ec46806356e0ec17230c8a346edeec2d2585841187da27d401384aee,1,300138.SZ,2020-04-24,CHINEXT_BOARD,ALL_STATUS,own_depth,0.00098135426889123245,0.00098135426889123245,True
0000bbc6ec46806356e0ec17230c8a346edeec2d2585841187da27d401384aee,1,300138.SZ,2020-04-24,CHINEXT_BOARD,ALL_STATUS,resistance_high20,1.1295588934195453,1.1295588934195453,True
0000bbc6ec46806356e0ec17230c8a346edeec2d2585841187da27d401384aee,1,300138.SZ,2020-04-24,CHINEXT_BOARD,ALL_STATUS,stratum,1,1,True
0000bbc6ec46806356e0ec17230c8a346edeec2d2585841187da27d401384aee,1,300138.SZ,2020-04-24,CHINEXT_BOARD,ALL_STATUS,terminal_log_return_h1,0.001000500333583622,0.001000500333583622,True
0000bbc6ec46806356e0ec17230c8a346edeec2d2585841187da27d401384aee,1,300138.SZ,2020-04-24,CHINEXT_BOARD,ALL_STATUS,terminal_log_return_h3,-0.0060241146033810132,-0.0060241146033810132,True
0000bbc6ec46806356e0ec17230c8a346edeec2d2585841187da27d401384aee,1,300138.SZ,2020-04-24,CHINEXT_BOARD,ALL_STATUS,terminal_log_return_h5,-2.2204460492503136e-16,-2.2204460492503136e-16,True
0000d1721f2bd6ccc745e4182168d4bd151c28bf395465a9170be2bccac5a9c3,1,601111.SH,2020-07-06,SH_A,ALL_STATUS,adverse_log_excursion_h1,-0.019022312709101111,-0.019022312709101111,True
0000d1721f2bd6ccc745e4182168d4bd151c28bf395465a9170be2bccac5a9c3,1,601111.SH,2020-07-06,SH_A,ALL_STATUS,adverse_log_excursion_h3,-0.038413502023751475,-0.038413502023751475,True
0000d1721f2bd6ccc745e4182168d4bd151c28bf395465a9170be2bccac5a9c3,1,601111.SH,2020-07-06,SH_A,ALL_STATUS,adverse_log_excursion_h5,-0.038413502023751475,-0.038413502023751475,True
0000d1721f2bd6ccc745e4182168d4bd151c28bf395465a9170be2bccac5a9c3,1,601111.SH,2020-07-06,SH_A,ALL_STATUS,coordinate_high,0.65004305784069205,0.65004305784069205,True
0000d1721f2bd6ccc745e4182168d4bd151c28bf395465a9170be2bccac5a9c3,1,601111.SH,2020-07-06,SH_A,ALL_STATUS,own_depth,0.0026845637583889914,0.0026845637583889914,True
0000d1721f2bd6ccc745e4182168d4bd151c28bf395465a9170be2bccac5a9c3,1,601111.SH,2020-07-06,SH_A,ALL_STATUS,resistance_high20,0.64830264804727666,0.64830264804727666,True
0000d1721f2bd6ccc745e4182168d4bd151c28bf395465a9170be2bccac5a9c3,1,601111.SH,2020-07-06,SH_A,ALL_STATUS,stratum,1,1,True
0000d1721f2bd6ccc745e4182168d4bd151c28bf395465a9170be2bccac5a9c3,1,601111.SH,2020-07-06,SH_A,ALL_STATUS,terminal_log_return_h1,-0.016282584967980712,-0.016282584967980712,True
0000d1721f2bd6ccc745e4182168d4bd151c28bf395465a9170be2bccac5a9c3,1,601111.SH,2020-07-06,SH_A,ALL_STATUS,terminal_log_return_h3,0.016021704531265366,0.016021704531265366,True
0000d1721f2bd6ccc745e4182168d4bd151c28bf395465a9170be2bccac5a9c3,1,601111.SH,2020-07-06,SH_A,ALL_STATUS,terminal_log_return_h5,-0.0026954194216724341,-0.0026954194216724341,True
0000157d3c797afb8e44870d7ddc4e31420fe8110530bb7529aac6518940a146,2,300371.SZ,2023-02-02,SZ_A,ALL_STATUS,adverse_log_excursion_h1,-0.01741928447206471,-0.01741928447206471,True
0000157d3c797afb8e44870d7ddc4e31420fe8110530bb7529aac6518940a146,2,300371.SZ,2023-02-02,SZ_A,ALL_STATUS,adverse_log_excursion_h3,-0.01741928447206471,-0.01741928447206471,True
0000157d3c797afb8e44870d7ddc4e31420fe8110530bb7529aac6518940a146,2,300371.SZ,2023-02-02,SZ_A,ALL_STATUS,adverse_log_excursion_h5,-0.01741928447206471,-0.01741928447206471,True
0000157d3c797afb8e44870d7ddc4e31420fe8110530bb7529aac6518940a146,2,300371.SZ,2023-02-02,SZ_A,ALL_STATUS,coordinate_high,0.93669101855365877,0.93669101855365877,True
0000157d3c797afb8e44870d7ddc4e31420fe8110530bb7529aac6518940a146,2,300371.SZ,2023-02-02,SZ_A,ALL_STATUS,own_depth,0.0046985121378229078,0.0046985121378229078,True
0000157d3c797afb8e44870d7ddc4e31420fe8110530bb7529aac6518940a146,2,300371.SZ,2023-02-02,SZ_A,ALL_STATUS,resistance_high20,0.93231054613641651,0.93231054613641651,True
0000157d3c797afb8e44870d7ddc4e31420fe8110530bb7529aac6518940a146,2,300371.SZ,2023-02-02,SZ_A,ALL_STATUS,stratum,2,2,True
0000157d3c797afb8e44870d7ddc4e31420fe8110530bb7529aac6518940a146,2,300371.SZ,2023-02-02,SZ_A,ALL_STATUS,terminal_log_return_h1,0.00078462146041792578,0.00078462146041792578,True
0000157d3c797afb8e44870d7ddc4e31420fe8110530bb7529aac6518940a146,2,300371.SZ,2023-02-02,SZ_A,ALL_STATUS,terminal_log_return_h3,0.03091436291244758,0.03091436291244758,True
0000157d3c797afb8e44870d7ddc4e31420fe8110530bb7529aac6518940a146,2,300371.SZ,2023-02-02,SZ_A,ALL_STATUS,terminal_log_return_h5,0.047518517964482788,0.047518517964482788,True
0000ab13f215e191c9bf8915df2a9849b2b7278e9a285a7e00558b8b02e05173,2,300304.SZ,2023-05-31,ALL_A,ALL_STATUS,adverse_log_excursion_h1,-0.019724505347778701,-0.019724505347778701,True
0000ab13f215e191c9bf8915df2a9849b2b7278e9a285a7e00558b8b02e05173,2,300304.SZ,2023-05-31,ALL_A,ALL_STATUS,adverse_log_excursion_h3,-0.019724505347778701,-0.019724505347778701,True
0000ab13f215e191c9bf8915df2a9849b2b7278e9a285a7e00558b8b02e05173,2,300304.SZ,2023-05-31,ALL_A,ALL_STATUS,adverse_log_excursion_h5,-0.031748698314580416,-0.031748698314580416,True
0000ab13f215e191c9bf8915df2a9849b2b7278e9a285a7e00558b8b02e05173,2,300304.SZ,2023-05-31,ALL_A,ALL_STATUS,coordinate_high,0.73210981447208023,0.73210981447208023,True
0000ab13f215e191c9bf8915df2a9849b2b7278e9a285a7e00558b8b02e05173,2,300304.SZ,2023-05-31,ALL_A,ALL_STATUS,own_depth,0.0078277886497066795,0.0078277886497066795,True
0000ab13f215e191c9bf8915df2a9849b2b7278e9a285a7e00558b8b02e05173,2,300304.SZ,2023-05-31,ALL_A,ALL_STATUS,resistance_high20,0.72642352465093774,0.72642352465093774,True
0000ab13f215e191c9bf8915df2a9849b2b7278e9a285a7e00558b8b02e05173,2,300304.SZ,2023-05-31,ALL_A,ALL_STATUS,stratum,2,2,True
0000ab13f215e191c9bf8915df2a9849b2b7278e9a285a7e00558b8b02e05173,2,300304.SZ,2023-05-31,ALL_A,ALL_STATUS,terminal_log_return_h1,-0.015748356968139168,-0.015748356968139168,True
0000ab13f215e191c9bf8915df2a9849b2b7278e9a285a7e00558b8b02e05173,2,300304.SZ,2023-05-31,ALL_A,ALL_STATUS,terminal_log_return_h3,0.0038986404156571017,0.0038986404156571017,True
0000ab13f215e191c9bf8915df2a9849b2b7278e9a285a7e00558b8b02e05173,2,300304.SZ,2023-05-31,ALL_A,ALL_STATUS,terminal_log_return_h5,-0.025718529287989234,-0.025718529287989234,True
0000b9fff3bb19ce3da63f7810a0942a5588efb82680075f62d1e025e31d1c8e,2,601186.SH,2022-02-10,ALL_A,ALL_STATUS,adverse_log_excursion_h1,-0.01737160071076058,-0.01737160071076058,True
0000b9fff3bb19ce3da63f7810a0942a5588efb82680075f62d1e025e31d1c8e,2,601186.SH,2022-02-10,ALL_A,ALL_STATUS,adverse_log_excursion_h3,-0.041013363767801285,-0.041013363767801285,True
0000b9fff3bb19ce3da63f7810a0942a5588efb82680075f62d1e025e31d1c8e,2,601186.SH,2022-02-10,ALL_A,ALL_STATUS,adverse_log_excursion_h5,-0.041013363767801285,-0.041013363767801285,True
0000b9fff3bb19ce3da63f7810a0942a5588efb82680075f62d1e025e31d1c8e,2,601186.SH,2022-02-10,ALL_A,ALL_STATUS,coordinate_high,0.85223570086038702,0.85223570086038702,True
0000b9fff3bb19ce3da63f7810a0942a5588efb82680075f62d1e025e31d1c8e,2,601186.SH,2022-02-10,ALL_A,ALL_STATUS,own_depth,0.0056947608200454969,0.0056947608200454969,True
0000b9fff3bb19ce3da63f7810a0942a5588efb82680075f62d1e025e31d1c8e,2,601186.SH,2022-02-10,ALL_A,ALL_STATUS,resistance_high20,0.84740990413977324,0.84740990413977324,True
0000b9fff3bb19ce3da63f7810a0942a5588efb82680075f62d1e025e31d1c8e,2,601186.SH,2022-02-10,ALL_A,ALL_STATUS,stratum,2,2,True
0000b9fff3bb19ce3da63f7810a0942a5588efb82680075f62d1e025e31d1c8e,2,601186.SH,2022-02-10,ALL_A,ALL_STATUS,terminal_log_return_h1,-0.013873054868247491,-0.013873054868247491,True
0000b9fff3bb19ce3da63f7810a0942a5588efb82680075f62d1e025e31d1c8e,2,601186.SH,2022-02-10,ALL_A,ALL_STATUS,terminal_log_return_h3,-0.027941282200448309,-0.027941282200448309,True
0000b9fff3bb19ce3da63f7810a0942a5588efb82680075f62d1e025e31d1c8e,2,601186.SH,2022-02-10,ALL_A,ALL_STATUS,terminal_log_return_h5,-0.02558279054115566,-0.02558279054115566,True
0000e8f5587934d6cf6f8cca902fe76e6baae4b31b2ec74509e4866e7d849eff,2,688200.SH,2022-05-20,SH_A,ALL_STATUS,adverse_log_excursion_h1,-0.012461056638251986,-0.012461056638251986,True
0000e8f5587934d6cf6f8cca902fe76e6baae4b31b2ec74509e4866e7d849eff,2,688200.SH,2022-05-20,SH_A,ALL_STATUS,adverse_log_excursion_h3,-0.059333849515616127,-0.059333849515616127,True
0000e8f5587934d6cf6f8cca902fe76e6baae4b31b2ec74509e4866e7d849eff,2,688200.SH,2022-05-20,SH_A,ALL_STATUS,adverse_log_excursion_h5,-0.083634949945920051,-0.083634949945920051,True
0000e8f5587934d6cf6f8cca902fe76e6baae4b31b2ec74509e4866e7d849eff,2,688200.SH,2022-05-20,SH_A,ALL_STATUS,coordinate_high,1.172809921480602,1.172809921480602,True
0000e8f5587934d6cf6f8cca902fe76e6baae4b31b2ec74509e4866e7d849eff,2,688200.SH,2022-05-20,SH_A,ALL_STATUS,own_depth,0.0063950673902519739,0.0063950673902519739,True
0000e8f5587934d6cf6f8cca902fe76e6baae4b31b2ec74509e4866e7d849eff,2,688200.SH,2022-05-20,SH_A,ALL_STATUS,resistance_high20,1.1653573824858772,1.1653573824858772,True
0000e8f5587934d6cf6f8cca902fe76e6baae4b31b2ec74509e4866e7d849eff,2,688200.SH,2022-05-20,SH_A,ALL_STATUS,stratum,2,2,True
0000e8f5587934d6cf6f8cca902fe76e6baae4b31b2ec74509e4866e7d849eff,2,688200.SH,2022-05-20,SH_A,ALL_STATUS,terminal_log_return_h1,0.0084292085537687276,0.0084292085537687276,True
0000e8f5587934d6cf6f8cca902fe76e6baae4b31b2ec74509e4866e7d849eff,2,688200.SH,2022-05-20,SH_A,ALL_STATUS,terminal_log_return_h3,-0.040303962421153597,-0.040303962421153597,True
0000e8f5587934d6cf6f8cca902fe76e6baae4b31b2ec74509e4866e7d849eff,2,688200.SH,2022-05-20,SH_A,ALL_STATUS,terminal_log_return_h5,-0.064085772422783391,-0.064085772422783391,True
00011a4f5b22fb3d381469876f530c65a928dd6a5667b732ffb9e4ecd33bcf3c,2,600328.SH,2020-01-10,SH_A,NON_ST,adverse_log_excursion_h1,-0.0168071183163814,-0.0168071183163814,True
00011a4f5b22fb3d381469876f530c65a928dd6a5667b732ffb9e4ecd33bcf3c,2,600328.SH,2020-01-10,SH_A,NON_ST,adverse_log_excursion_h3,-0.021661496781179304,-0.021661496781179304,True
00011a4f5b22fb3d381469876f530c65a928dd6a5667b732ffb9e4ecd33bcf3c,2,600328.SH,2020-01-10,SH_A,NON_ST,adverse_log_excursion_h5,-0.028987536873252298,-0.028987536873252298,True
00011a4f5b22fb3d381469876f530c65a928dd6a5667b732ffb9e4ecd33bcf3c,2,600328.SH,2020-01-10,SH_A,NON_ST,coordinate_high,0.69754498786977315,0.69754498786977315,True
00011a4f5b22fb3d381469876f530c65a928dd6a5667b732ffb9e4ecd33bcf3c,2,600328.SH,2020-01-10,SH_A,NON_ST,own_depth,0.0059523809523809312,0.0059523809523809312,True
00011a4f5b22fb3d381469876f530c65a928dd6a5667b732ffb9e4ecd33bcf3c,2,600328.SH,2020-01-10,SH_A,NON_ST,resistance_high20,0.69341750273444913,0.69341750273444913,True
00011a4f5b22fb3d381469876f530c65a928dd6a5667b732ffb9e4ecd33bcf3c,2,600328.SH,2020-01-10,SH_A,NON_ST,stratum,2,2,True
00011a4f5b22fb3d381469876f530c65a928dd6a5667b732ffb9e4ecd33bcf3c,2,600328.SH,2020-01-10,SH_A,NON_ST,terminal_log_return_h1,-0.003577821347884078,-0.003577821347884078,True
00011a4f5b22fb3d381469876f530c65a928dd6a5667b732ffb9e4ecd33bcf3c,2,600328.SH,2020-01-10,SH_A,NON_ST,terminal_log_return_h3,-0.015597196813667929,-0.015597196813667929,True
00011a4f5b22fb3d381469876f530c65a928dd6a5667b732ffb9e4ecd33bcf3c,2,600328.SH,2020-01-10,SH_A,NON_ST,terminal_log_return_h5,-0.027762796977356546,-0.027762796977356546,True
00001b94298887ab4d16aa360f8cdc2ed03bc8e1b682d9432c6ccbd43311953c,3,002225.SZ,2019-12-17,ALL_A,NON_ST,adverse_log_excursion_h1,-0.0047732787526577709,-0.0047732787526577709,True
00001b94298887ab4d16aa360f8cdc2ed03bc8e1b682d9432c6ccbd43311953c,3,002225.SZ,2019-12-17,ALL_A,NON_ST,adverse_log_excursion_h3,-0.0047732787526579938,-0.0047732787526579938,True
00001b94298887ab4d16aa360f8cdc2ed03bc8e1b682d9432c6ccbd43311953c,3,002225.SZ,2019-12-17,ALL_A,NON_ST,adverse_log_excursion_h5,-0.019231361927887759,-0.019231361927887759,True
00001b94298887ab4d16aa360f8cdc2ed03bc8e1b682d9432c6ccbd43311953c,3,002225.SZ,2019-12-17,ALL_A,NON_ST,coordinate_high,0.82571255695045953,0.82571255695045953,True
00001b94298887ab4d16aa360f8cdc2ed03bc8e1b682d9432c6ccbd43311953c,3,002225.SZ,2019-12-17,ALL_A,NON_ST,own_depth,0.011933174224343146,0.011933174224343146,True
00001b94298887ab4d16aa360f8cdc2ed03bc8e1b682d9432c6ccbd43311953c,3,002225.SZ,2019-12-17,ALL_A,NON_ST,resistance_high20,0.81597538057132712,0.81597538057132712,True
00001b94298887ab4d16aa360f8cdc2ed03bc8e1b682d9432c6ccbd43311953c,3,002225.SZ,2019-12-17,ALL_A,NON_ST,stratum,3,3,True
00001b94298887ab4d16aa360f8cdc2ed03bc8e1b682d9432c6ccbd43311953c,3,002225.SZ,2019-12-17,ALL_A,NON_ST,terminal_log_return_h1,-0.0023837913552762504,-0.0023837913552762504,True
00001b94298887ab4d16aa360f8cdc2ed03bc8e1b682d9432c6ccbd43311953c,3,002225.SZ,2019-12-17,ALL_A,NON_ST,terminal_log_return_h3,0.0071174677688639549,0.0071174677688639549,True
00001b94298887ab4d16aa360f8cdc2ed03bc8e1b682d9432c6ccbd43311953c,3,002225.SZ,2019-12-17,ALL_A,NON_ST,terminal_log_return_h5,0.0047506027585975776,0.0047506027585975776,True
00002f4ab745665575b619675b56c71540d5c3dfd25898b651be22e6a73296d6,3,000799.SZ,2020-10-29,SZ_A,ALL_STATUS,adverse_log_excursion_h1,-0.043388395464011915,-0.043388395464011915,True
00002f4ab745665575b619675b56c71540d5c3dfd25898b651be22e6a73296d6,3,000799.SZ,2020-10-29,SZ_A,ALL_STATUS,adverse_log_excursion_h3,-0.043388395464011915,-0.043388395464011915,True
00002f4ab745665575b619675b56c71540d5c3dfd25898b651be22e6a73296d6,3,000799.SZ,2020-10-29,SZ_A,ALL_STATUS,adverse_log_excursion_h5,-0.045613090486122908,-0.045613090486122908,True
00002f4ab745665575b619675b56c71540d5c3dfd25898b651be22e6a73296d6,3,000799.SZ,2020-10-29,SZ_A,ALL_STATUS,coordinate_high,3.9860653412240183,3.9860653412240183,True
00002f4ab745665575b619675b56c71540d5c3dfd25898b651be22e6a73296d6,3,000799.SZ,2020-10-29,SZ_A,ALL_STATUS,own_depth,0.017882486517172724,0.017882486517172724,True
00002f4ab745665575b619675b56c71540d5c3dfd25898b651be22e6a73296d6,3,000799.SZ,2020-10-29,SZ_A,ALL_STATUS,resistance_high20,3.916036864788683,3.916036864788683,True
00002f4ab745665575b619675b56c71540d5c3dfd25898b651be22e6a73296d6,3,000799.SZ,2020-10-29,SZ_A,ALL_STATUS,stratum,3,3,True
00002f4ab745665575b619675b56c71540d5c3dfd25898b651be22e6a73296d6,3,000799.SZ,2020-10-29,SZ_A,ALL_STATUS,terminal_log_return_h1,-0.032038903878890385,-0.032038903878890385,True
00002f4ab745665575b619675b56c71540d5c3dfd25898b651be22e6a73296d6,3,000799.SZ,2020-10-29,SZ_A,ALL_STATUS,terminal_log_return_h3,-0.033838184652192564,-0.033838184652192564,True
00002f4ab745665575b619675b56c71540d5c3dfd25898b651be22e6a73296d6,3,000799.SZ,2020-10-29,SZ_A,ALL_STATUS,terminal_log_return_h5,0.061972120193814637,0.061972120193814637,True
00005de277087a12c1f1b2ce3e48be9834fac70056444ccd82eb5b4c3f60bdd1,3,002591.SZ,2023-02-13,SZ_A,ALL_STATUS,adverse_log_excursion_h1,-0.013622501681296247,-0.013622501681296247,True
00005de277087a12c1f1b2ce3e48be9834fac70056444ccd82eb5b4c3f60bdd1,3,002591.SZ,2023-02-13,SZ_A,ALL_STATUS,adverse_log_excursion_h3,-0.046578589364592013,-0.046578589364592013,True
00005de277087a12c1f1b2ce3e48be9834fac70056444ccd82eb5b4c3f60bdd1,3,002591.SZ,2023-02-13,SZ_A,ALL_STATUS,adverse_log_excursion_h5,-0.071367856110362005,-0.071367856110362005,True
00005de277087a12c1f1b2ce3e48be9834fac70056444ccd82eb5b4c3f60bdd1,3,002591.SZ,2023-02-13,SZ_A,ALL_STATUS,coordinate_high,0.87925707829343613,0.87925707829343613,True
00005de277087a12c1f1b2ce3e48be9834fac70056444ccd82eb5b4c3f60bdd1,3,002591.SZ,2023-02-13,SZ_A,ALL_STATUS,own_depth,0.014354066985645897,0.014354066985645897,True
00005de277087a12c1f1b2ce3e48be9834fac70056444ccd82eb5b4c3f60bdd1,3,002591.SZ,2023-02-13,SZ_A,ALL_STATUS,resistance_high20,0.86681476114777434,0.86681476114777434,True
00005de277087a12c1f1b2ce3e48be9834fac70056444ccd82eb5b4c3f60bdd1,3,002591.SZ,2023-02-13,SZ_A,ALL_STATUS,stratum,3,3,True
00005de277087a12c1f1b2ce3e48be9834fac70056444ccd82eb5b4c3f60bdd1,3,002591.SZ,2023-02-13,SZ_A,ALL_STATUS,terminal_log_return_h1,0.043328076763536574,0.043328076763536574,True
00005de277087a12c1f1b2ce3e48be9834fac70056444ccd82eb5b4c3f60bdd1,3,002591.SZ,2023-02-13,SZ_A,ALL_STATUS,terminal_log_return_h3,-0.029964788701936508,-0.029964788701936508,True
00005de277087a12c1f1b2ce3e48be9834fac70056444ccd82eb5b4c3f60bdd1,3,002591.SZ,2023-02-13,SZ_A,ALL_STATUS,terminal_log_return_h5,-0.046578589364592013,-0.046578589364592013,True
00006015b98d25694137a0e757ce7816369aa6678eca710852c6b1dca2382adc,3,002765.SZ,2023-06-16,ALL_A,ALL_STATUS,adverse_log_excursion_h1,-0.0098661829210539443,-0.0098661829210539443,True
00006015b98d25694137a0e757ce7816369aa6678eca710852c6b1dca2382adc,3,002765.SZ,2023-06-16,ALL_A,ALL_STATUS,adverse_log_excursion_h3,-0.018401085370891291,-0.018401085370891291,True
00006015b98d25694137a0e757ce7816369aa6678eca710852c6b1dca2382adc,3,002765.SZ,2023-06-16,ALL_A,ALL_STATUS,adverse_log_excursion_h5,-0.018401085370891291,-0.018401085370891291,True
00006015b98d25694137a0e757ce7816369aa6678eca710852c6b1dca2382adc,3,002765.SZ,2023-06-16,ALL_A,ALL_STATUS,coordinate_high,0.83090688642344246,0.83090688642344246,True
00006015b98d25694137a0e757ce7816369aa6678eca710852c6b1dca2382adc,3,002765.SZ,2023-06-16,ALL_A,ALL_STATUS,own_depth,0.011414332221373558,0.011414332221373558,True
00006015b98d25694137a0e757ce7816369aa6678eca710852c6b1dca2382adc,3,002765.SZ,2023-06-16,ALL_A,ALL_STATUS,resistance_high20,0.8215296737970067,0.8215296737970067,True
00006015b98d25694137a0e757ce7816369aa6678eca710852c6b1dca2382adc,3,002765.SZ,2023-06-16,ALL_A,ALL_STATUS,stratum,3,3,True
00006015b98d25694137a0e757ce7816369aa6678eca710852c6b1dca2382adc,3,002765.SZ,2023-06-16,ALL_A,ALL_STATUS,terminal_log_return_h1,-0.0056258938821684371,-0.0056258938821684371,True
00006015b98d25694137a0e757ce7816369aa6678eca710852c6b1dca2382adc,3,002765.SZ,2023-06-16,ALL_A,ALL_STATUS,terminal_log_return_h3,0.11011776543008694,0.11011776543008694,True
00006015b98d25694137a0e757ce7816369aa6678eca710852c6b1dca2382adc,3,002765.SZ,2023-06-16,ALL_A,ALL_STATUS,terminal_log_return_h5,0.11513030725363133,0.11513030725363133,True
00008940e499fdef6098ba8b9c3d050851e84013bc21968a3c64f768d65aa537,3,300650.SZ,2019-02-18,SZ_A,NON_ST,adverse_log_excursion_h1,-0.02020270731751924,-0.02020270731751924,True
00008940e499fdef6098ba8b9c3d050851e84013bc21968a3c64f768d65aa537,3,300650.SZ,2019-02-18,SZ_A,NON_ST,adverse_log_excursion_h3,-0.024434025337282023,-0.024434025337282023,True
00008940e499fdef6098ba8b9c3d050851e84013bc21968a3c64f768d65aa537,3,300650.SZ,2019-02-18,SZ_A,NON_ST,adverse_log_excursion_h5,-0.024434025337282023,-0.024434025337282023,True
00008940e499fdef6098ba8b9c3d050851e84013bc21968a3c64f768d65aa537,3,300650.SZ,2019-02-18,SZ_A,NON_ST,coordinate_high,0.65937923078138749,0.65937923078138749,True
00008940e499fdef6098ba8b9c3d050851e84013bc21968a3c64f768d65aa537,3,300650.SZ,2019-02-18,SZ_A,NON_ST,own_depth,0.013203613620569987,0.013203613620569987,True
00008940e499fdef6098ba8b9c3d050851e84013bc21968a3c64f768d65aa537,3,300650.SZ,2019-02-18,SZ_A,NON_ST,resistance_high20,0.65078649732127336,0.65078649732127336,True
00008940e499fdef6098ba8b9c3d050851e84013bc21968a3c64f768d65aa537,3,300650.SZ,2019-02-18,SZ_A,NON_ST,stratum,3,3,True
00008940e499fdef6098ba8b9c3d050851e84013bc21968a3c64f768d65aa537,3,300650.SZ,2019-02-18,SZ_A,NON_ST,terminal_log_return_h1,0.00068941746956778429,0.00068941746956778429,True
00008940e499fdef6098ba8b9c3d050851e84013bc21968a3c64f768d65aa537,3,300650.SZ,2019-02-18,SZ_A,NON_ST,terminal_log_return_h3,-0.017391742711869222,-0.017391742711869222,True
00008940e499fdef6098ba8b9c3d050851e84013bc21968a3c64f768d65aa537,3,300650.SZ,2019-02-18,SZ_A,NON_ST,terminal_log_return_h5,0.038557363211875598,0.038557363211875598,True
00001e3edfb9b197e7affa464a66df24ab828138cc940891d32e074ca758f075,4,603188.SH,2019-03-28,ALL_A,NON_ST,adverse_log_excursion_h1,-0.071458963982145102,-0.071458963982145102,True
00001e3edfb9b197e7affa464a66df24ab828138cc940891d32e074ca758f075,4,603188.SH,2019-03-28,ALL_A,NON_ST,adverse_log_excursion_h3,-0.071458963982145102,-0.071458963982145102,True
00001e3edfb9b197e7affa464a66df24ab828138cc940891d32e074ca758f075,4,603188.SH,2019-03-28,ALL_A,NON_ST,adverse_log_excursion_h5,-0.071458963982145102,-0.071458963982145102,True
00001e3edfb9b197e7affa464a66df24ab828138cc940891d32e074ca758f075,4,603188.SH,2019-03-28,ALL_A,NON_ST,coordinate_high,0.63722381551838925,0.63722381551838925,True
00001e3edfb9b197e7affa464a66df24ab828138cc940891d32e074ca758f075,4,603188.SH,2019-03-28,ALL_A,NON_ST,own_depth,0.043179587831207344,0.043179587831207344,True
00001e3edfb9b197e7affa464a66df24ab828138cc940891d32e074ca758f075,4,603188.SH,2019-03-28,ALL_A,NON_ST,resistance_high20,0.6108476651112309,0.6108476651112309,True
00001e3edfb9b197e7affa464a66df24ab828138cc940891d32e074ca758f075,4,603188.SH,2019-03-28,ALL_A,NON_ST,stratum,4,4,True
00001e3edfb9b197e7affa464a66df24ab828138cc940891d32e074ca758f075,4,603188.SH,2019-03-28,ALL_A,NON_ST,terminal_log_return_h1,-0.016890615164423733,-0.016890615164423733,True
00001e3edfb9b197e7affa464a66df24ab828138cc940891d32e074ca758f075,4,603188.SH,2019-03-28,ALL_A,NON_ST,terminal_log_return_h3,0.088570095874479268,0.088570095874479268,True
00001e3edfb9b197e7affa464a66df24ab828138cc940891d32e074ca758f075,4,603188.SH,2019-03-28,ALL_A,NON_ST,terminal_log_return_h5,0.063922567930538868,0.063922567930538868,True
0000442c0b7a4487a137470614875b41ac800336fc1a7a99359f1b919eb52869,4,000833.SZ,2020-07-09,SZ_A,NON_ST,adverse_log_excursion_h1,-0.037665502886474786,-0.037665502886474786,True
0000442c0b7a4487a137470614875b41ac800336fc1a7a99359f1b919eb52869,4,000833.SZ,2020-07-09,SZ_A,NON_ST,adverse_log_excursion_h3,-0.041714091412474848,-0.041714091412474848,True
0000442c0b7a4487a137470614875b41ac800336fc1a7a99359f1b919eb52869,4,000833.SZ,2020-07-09,SZ_A,NON_ST,adverse_log_excursion_h5,-0.077993271433502376,-0.077993271433502376,True
0000442c0b7a4487a137470614875b41ac800336fc1a7a99359f1b919eb52869,4,000833.SZ,2020-07-09,SZ_A,NON_ST,coordinate_high,0.80189093145164825,0.80189093145164825,True
0000442c0b7a4487a137470614875b41ac800336fc1a7a99359f1b919eb52869,4,000833.SZ,2020-07-09,SZ_A,NON_ST,own_depth,0.046065259117082924,0.046065259117082924,True
0000442c0b7a4487a137470614875b41ac800336fc1a7a99359f1b919eb52869,4,000833.SZ,2020-07-09,SZ_A,NON_ST,resistance_high20,0.76657830327763044,0.76657830327763044,True
0000442c0b7a4487a137470614875b41ac800336fc1a7a99359f1b919eb52869,4,000833.SZ,2020-07-09,SZ_A,NON_ST,stratum,4,4,True
0000442c0b7a4487a137470614875b41ac800336fc1a7a99359f1b919eb52869,4,000833.SZ,2020-07-09,SZ_A,NON_ST,terminal_log_return_h1,-0.033633239358536487,-0.033633239358536487,True
0000442c0b7a4487a137470614875b41ac800336fc1a7a99359f1b919eb52869,4,000833.SZ,2020-07-09,SZ_A,NON_ST,terminal_log_return_h3,-0.017664836179805219,-0.017664836179805219,True
0000442c0b7a4487a137470614875b41ac800336fc1a7a99359f1b919eb52869,4,000833.SZ,2020-07-09,SZ_A,NON_ST,terminal_log_return_h5,-0.077993271433502376,-0.077993271433502376,True
000051c7e28ff14900ec1accc653da9859c431d973231ad04230b53db715d7cf,4,300123.SZ,2023-03-06,SZ_A,ALL_STATUS,adverse_log_excursion_h1,-0.05501051488591651,-0.05501051488591651,True
000051c7e28ff14900ec1accc653da9859c431d973231ad04230b53db715d7cf,4,300123.SZ,2023-03-06,SZ_A,ALL_STATUS,adverse_log_excursion_h3,-0.068899627046583589,-0.068899627046583589,True
000051c7e28ff14900ec1accc653da9859c431d973231ad04230b53db715d7cf,4,300123.SZ,2023-03-06,SZ_A,ALL_STATUS,adverse_log_excursion_h5,-0.068899627046583589,-0.068899627046583589,True
000051c7e28ff14900ec1accc653da9859c431d973231ad04230b53db715d7cf,4,300123.SZ,2023-03-06,SZ_A,ALL_STATUS,coordinate_high,1.1806207150459871,1.1806207150459871,True
000051c7e28ff14900ec1accc653da9859c431d973231ad04230b53db715d7cf,4,300123.SZ,2023-03-06,SZ_A,ALL_STATUS,own_depth,0.019430051813472016,0.019430051813472016,True
000051c7e28ff14900ec1accc653da9859c431d973231ad04230b53db715d7cf,4,300123.SZ,2023-03-06,SZ_A,ALL_STATUS,resistance_high20,1.1581184142509551,1.1581184142509551,True
000051c7e28ff14900ec1accc653da9859c431d973231ad04230b53db715d7cf,4,300123.SZ,2023-03-06,SZ_A,ALL_STATUS,stratum,4,4,True
000051c7e28ff14900ec1accc653da9859c431d973231ad04230b53db715d7cf,4,300123.SZ,2023-03-06,SZ_A,ALL_STATUS,terminal_log_return_h1,-0.052255692207072144,-0.052255692207072144,True
000051c7e28ff14900ec1accc653da9859c431d973231ad04230b53db715d7cf,4,300123.SZ,2023-03-06,SZ_A,ALL_STATUS,terminal_log_return_h3,0.065680166862155456,0.065680166862155456,True
000051c7e28ff14900ec1accc653da9859c431d973231ad04230b53db715d7cf,4,300123.SZ,2023-03-06,SZ_A,ALL_STATUS,terminal_log_return_h5,0.0090968788468306517,0.0090968788468306517,True
0000573f61880563933d63dafd40af72d2a712ca822a494457ed3c9eb5c18860,4,002078.SZ,2019-11-20,ALL_A,NON_ST,adverse_log_excursion_h1,-0.0067114345879868038,-0.0067114345879868038,True
0000573f61880563933d63dafd40af72d2a712ca822a494457ed3c9eb5c18860,4,002078.SZ,2019-11-20,ALL_A,NON_ST,adverse_log_excursion_h3,-0.02712030621919401,-0.02712030621919401,True
0000573f61880563933d63dafd40af72d2a712ca822a494457ed3c9eb5c18860,4,002078.SZ,2019-11-20,ALL_A,NON_ST,adverse_log_excursion_h5,-0.02712030621919401,-0.02712030621919401,True
0000573f61880563933d63dafd40af72d2a712ca822a494457ed3c9eb5c18860,4,002078.SZ,2019-11-20,ALL_A,NON_ST,coordinate_high,0.96202725353910723,0.96202725353910723,True
0000573f61880563933d63dafd40af72d2a712ca822a494457ed3c9eb5c18860,4,002078.SZ,2019-11-20,ALL_A,NON_ST,own_depth,0.02941176470588247,0.02941176470588247,True
0000573f61880563933d63dafd40af72d2a712ca822a494457ed3c9eb5c18860,4,002078.SZ,2019-11-20,ALL_A,NON_ST,resistance_high20,0.9345407605808469,0.9345407605808469,True
0000573f61880563933d63dafd40af72d2a712ca822a494457ed3c9eb5c18860,4,002078.SZ,2019-11-20,ALL_A,NON_ST,stratum,4,4,True
0000573f61880563933d63dafd40af72d2a712ca822a494457ed3c9eb5c18860,4,002078.SZ,2019-11-20,ALL_A,NON_ST,terminal_log_return_h1,0.029656209582888022,0.029656209582888022,True
0000573f61880563933d63dafd40af72d2a712ca822a494457ed3c9eb5c18860,4,002078.SZ,2019-11-20,ALL_A,NON_ST,terminal_log_return_h3,0.025317807984289786,0.025317807984289786,True
0000573f61880563933d63dafd40af72d2a712ca822a494457ed3c9eb5c18860,4,002078.SZ,2019-11-20,ALL_A,NON_ST,terminal_log_return_h5,0.020960502615334206,0.020960502615334206,True
00008c7c25583af768c8b8705aa50ff7ef0b9288a8b11aee276896419307e914,4,301269.SZ,2023-05-31,SZ_A,NON_ST,adverse_log_excursion_h1,-0.01873768218995853,-0.01873768218995853,True
00008c7c25583af768c8b8705aa50ff7ef0b9288a8b11aee276896419307e914,4,301269.SZ,2023-05-31,SZ_A,NON_ST,adverse_log_excursion_h3,-0.01873768218995853,-0.01873768218995853,True
00008c7c25583af768c8b8705aa50ff7ef0b9288a8b11aee276896419307e914,4,301269.SZ,2023-05-31,SZ_A,NON_ST,adverse_log_excursion_h5,-0.01873768218995853,-0.01873768218995853,True
00008c7c25583af768c8b8705aa50ff7ef0b9288a8b11aee276896419307e914,4,301269.SZ,2023-05-31,SZ_A,NON_ST,coordinate_high,1.6555224056256803,1.6555224056256803,True
00008c7c25583af768c8b8705aa50ff7ef0b9288a8b11aee276896419307e914,4,301269.SZ,2023-05-31,SZ_A,NON_ST,own_depth,0.04348416187852755,0.04348416187852755,True
00008c7c25583af768c8b8705aa50ff7ef0b9288a8b11aee276896419307e914,4,301269.SZ,2023-05-31,SZ_A,NON_ST,resistance_high20,1.5865333333333336,1.5865333333333336,True
00008c7c25583af768c8b8705aa50ff7ef0b9288a8b11aee276896419307e914,4,301269.SZ,2023-05-31,SZ_A,NON_ST,stratum,4,4,True
00008c7c25583af768c8b8705aa50ff7ef0b9288a8b11aee276896419307e914,4,301269.SZ,2023-05-31,SZ_A,NON_ST,terminal_log_return_h1,0.030415920108133362,0.030415920108133362,True
00008c7c25583af768c8b8705aa50ff7ef0b9288a8b11aee276896419307e914,4,301269.SZ,2023-05-31,SZ_A,NON_ST,terminal_log_return_h3,0.011751211028848718,0.011751211028848718,True
00008c7c25583af768c8b8705aa50ff7ef0b9288a8b11aee276896419307e914,4,301269.SZ,2023-05-31,SZ_A,NON_ST,terminal_log_return_h5,0.0087025537835592956,0.0087025537835592956,True
0000c50cb9b89731626d056dab4d6ae20be76cb21aa22afe2426ab6cae22c0bf,5,002185.SZ,2019-12-30,ALL_A,NON_ST,adverse_log_excursion_h1,-0.015079106827120305,-0.015079106827120305,True
0000c50cb9b89731626d056dab4d6ae20be76cb21aa22afe2426ab6cae22c0bf,5,002185.SZ,2019-12-30,ALL_A,NON_ST,adverse_log_excursion_h3,-0.015079106827120305,-0.015079106827120305,True
0000c50cb9b89731626d056dab4d6ae20be76cb21aa22afe2426ab6cae22c0bf,5,002185.SZ,2019-12-30,ALL_A,NON_ST,adverse_log_excursion_h5,-0.015079106827120305,-0.015079106827120305,True
0000c50cb9b89731626d056dab4d6ae20be76cb21aa22afe2426ab6cae22c0bf,5,002185.SZ,2019-12-30,ALL_A,NON_ST,coordinate_high,1.027555300820981,1.027555300820981,True
0000c50cb9b89731626d056dab4d6ae20be76cb21aa22afe2426ab6cae22c0bf,5,002185.SZ,2019-12-30,ALL_A,NON_ST,own_depth,0.065248226950354704,0.065248226950354704,True
0000c50cb9b89731626d056dab4d6ae20be76cb21aa22afe2426ab6cae22c0bf,5,002185.SZ,2019-12-30,ALL_A,NON_ST,resistance_high20,0.96461582833394344,0.96461582833394344,True
0000c50cb9b89731626d056dab4d6ae20be76cb21aa22afe2426ab6cae22c0bf,5,002185.SZ,2019-12-30,ALL_A,NON_ST,stratum,5,5,True
0000c50cb9b89731626d056dab4d6ae20be76cb21aa22afe2426ab6cae22c0bf,5,002185.SZ,2019-12-30,ALL_A,NON_ST,terminal_log_return_h1,0.016194685919980606,0.016194685919980606,True
0000c50cb9b89731626d056dab4d6ae20be76cb21aa22afe2426ab6cae22c0bf,5,002185.SZ,2019-12-30,ALL_A,NON_ST,terminal_log_return_h3,0.032131278182793196,0.032131278182793196,True
0000c50cb9b89731626d056dab4d6ae20be76cb21aa22afe2426ab6cae22c0bf,5,002185.SZ,2019-12-30,ALL_A,NON_ST,terminal_log_return_h5,0.063262196777966531,0.063262196777966531,True
0000d925c32ef99196fd54fecc097eb4ffe7a0e4f187b73b251972036973ed2f,5,600917.SH,2021-05-24,ALL_A,ALL_STATUS,adverse_log_excursion_h1,-0.049500643773030817,-0.049500643773030817,True
0000d925c32ef99196fd54fecc097eb4ffe7a0e4f187b73b251972036973ed2f,5,600917.SH,2021-05-24,ALL_A,ALL_STATUS,adverse_log_excursion_h3,-0.059500727107614344,-0.059500727107614344,True
0000d925c32ef99196fd54fecc097eb4ffe7a0e4f187b73b251972036973ed2f,5,600917.SH,2021-05-24,ALL_A,ALL_STATUS,adverse_log_excursion_h5,-0.063528929936219003,-0.063528929936219003,True
0000d925c32ef99196fd54fecc097eb4ffe7a0e4f187b73b251972036973ed2f,5,600917.SH,2021-05-24,ALL_A,ALL_STATUS,coordinate_high,0.99306148570358621,0.99306148570358621,True
0000d925c32ef99196fd54fecc097eb4ffe7a0e4f187b73b251972036973ed2f,5,600917.SH,2021-05-24,ALL_A,ALL_STATUS,own_depth,0.057337220602526884,0.057337220602526884,True
0000d925c32ef99196fd54fecc097eb4ffe7a0e4f187b73b251972036973ed2f,5,600917.SH,2021-05-24,ALL_A,ALL_STATUS,resistance_high20,0.93920980587223357,0.93920980587223357,True
0000d925c32ef99196fd54fecc097eb4ffe7a0e4f187b73b251972036973ed2f,5,600917.SH,2021-05-24,ALL_A,ALL_STATUS,stratum,5,5,True
0000d925c32ef99196fd54fecc097eb4ffe7a0e4f187b73b251972036973ed2f,5,600917.SH,2021-05-24,ALL_A,ALL_STATUS,terminal_log_return_h1,-0.038614836127779779,-0.038614836127779779,True
0000d925c32ef99196fd54fecc097eb4ffe7a0e4f187b73b251972036973ed2f,5,600917.SH,2021-05-24,ALL_A,ALL_STATUS,terminal_log_return_h3,-0.047512571547644593,-0.047512571547644593,True
0000d925c32ef99196fd54fecc097eb4ffe7a0e4f187b73b251972036973ed2f,5,600917.SH,2021-05-24,ALL_A,ALL_STATUS,terminal_log_return_h5,0.001892148152037519,0.001892148152037519,True
0000dc341782b043c75cb1c035e93373983cc54cd3668fce72e4f6445ec0a2b1,5,000859.SZ,2019-02-22,ALL_A,NON_ST,adverse_log_excursion_h1,-0.0027510333718899819,-0.0027510333718899819,True
0000dc341782b043c75cb1c035e93373983cc54cd3668fce72e4f6445ec0a2b1,5,000859.SZ,2019-02-22,ALL_A,NON_ST,adverse_log_excursion_h3,-0.11179140598811681,-0.11179140598811681,True
0000dc341782b043c75cb1c035e93373983cc54cd3668fce72e4f6445ec0a2b1,5,000859.SZ,2019-02-22,ALL_A,NON_ST,adverse_log_excursion_h5,-0.13825209375946002,-0.13825209375946002,True
0000dc341782b043c75cb1c035e93373983cc54cd3668fce72e4f6445ec0a2b1,5,000859.SZ,2019-02-22,ALL_A,NON_ST,coordinate_high,1.7106392342391896,1.7106392342391896,True
0000dc341782b043c75cb1c035e93373983cc54cd3668fce72e4f6445ec0a2b1,5,000859.SZ,2019-02-22,ALL_A,NON_ST,own_depth,0.099697885196374347,0.099697885196374347,True
0000dc341782b043c75cb1c035e93373983cc54cd3668fce72e4f6445ec0a2b1,5,000859.SZ,2019-02-22,ALL_A,NON_ST,resistance_high20,1.5555538091570655,1.5555538091570655,True
0000dc341782b043c75cb1c035e93373983cc54cd3668fce72e4f6445ec0a2b1,5,000859.SZ,2019-02-22,ALL_A,NON_ST,stratum,5,5,True
0000dc341782b043c75cb1c035e93373983cc54cd3668fce72e4f6445ec0a2b1,5,000859.SZ,2019-02-22,ALL_A,NON_ST,terminal_log_return_h1,0.095559898871673127,0.095559898871673127,True
0000dc341782b043c75cb1c035e93373983cc54cd3668fce72e4f6445ec0a2b1,5,000859.SZ,2019-02-22,ALL_A,NON_ST,terminal_log_return_h3,-0.11179140598811681,-0.11179140598811681,True
0000dc341782b043c75cb1c035e93373983cc54cd3668fce72e4f6445ec0a2b1,5,000859.SZ,2019-02-22,ALL_A,NON_ST,terminal_log_return_h5,0.021739986636406038,0.021739986636406038,True
0000e16c182047325c33e0ff2319cb7967e84f3f6b1885b78906c844965d2c73,5,300396.SZ,2023-11-17,ALL_A,ALL_STATUS,adverse_log_excursion_h1,-0.026713338233931988,-0.026713338233931988,True
0000e16c182047325c33e0ff2319cb7967e84f3f6b1885b78906c844965d2c73,5,300396.SZ,2023-11-17,ALL_A,ALL_STATUS,adverse_log_excursion_h3,-0.026713338233931988,-0.026713338233931988,True
0000e16c182047325c33e0ff2319cb7967e84f3f6b1885b78906c844965d2c73,5,300396.SZ,2023-11-17,ALL_A,ALL_STATUS,adverse_log_excursion_h5,-0.026713338233931988,-0.026713338233931988,True
0000e16c182047325c33e0ff2319cb7967e84f3f6b1885b78906c844965d2c73,5,300396.SZ,2023-11-17,ALL_A,ALL_STATUS,coordinate_high,1.4084831660953518,1.4084831660953518,True
0000e16c182047325c33e0ff2319cb7967e84f3f6b1885b78906c844965d2c73,5,300396.SZ,2023-11-17,ALL_A,ALL_STATUS,own_depth,0.08979000724112951,0.08979000724112951,True
0000e16c182047325c33e0ff2319cb7967e84f3f6b1885b78906c844965d2c73,5,300396.SZ,2023-11-17,ALL_A,ALL_STATUS,resistance_high20,1.2924353836396552,1.2924353836396552,True
0000e16c182047325c33e0ff2319cb7967e84f3f6b1885b78906c844965d2c73,5,300396.SZ,2023-11-17,ALL_A,ALL_STATUS,stratum,5,5,True
0000e16c182047325c33e0ff2319cb7967e84f3f6b1885b78906c844965d2c73,5,300396.SZ,2023-11-17,ALL_A,ALL_STATUS,terminal_log_return_h1,0.014574620360701548,0.014574620360701548,True
0000e16c182047325c33e0ff2319cb7967e84f3f6b1885b78906c844965d2c73,5,300396.SZ,2023-11-17,ALL_A,ALL_STATUS,terminal_log_return_h3,0.029263965606443045,0.029263965606443045,True
0000e16c182047325c33e0ff2319cb7967e84f3f6b1885b78906c844965d2c73,5,300396.SZ,2023-11-17,ALL_A,ALL_STATUS,terminal_log_return_h5,0.039259212450674076,0.039259212450674076,True
0000e7f428ad6652cd7956a281c4fb3710b61d1f932c0c2ef2c6744f15d77b0c,5,000966.SZ,2021-03-19,ALL_A,ALL_STATUS,adverse_log_excursion_h1,0.09516609796559139,0.09516609796559139,True
0000e7f428ad6652cd7956a281c4fb3710b61d1f932c0c2ef2c6744f15d77b0c,5,000966.SZ,2021-03-19,ALL_A,ALL_STATUS,adverse_log_excursion_h3,0.09516609796559139,0.09516609796559139,True
0000e7f428ad6652cd7956a281c4fb3710b61d1f932c0c2ef2c6744f15d77b0c,5,000966.SZ,2021-03-19,ALL_A,ALL_STATUS,adverse_log_excursion_h5,0.09516609796559139,0.09516609796559139,True
0000e7f428ad6652cd7956a281c4fb3710b61d1f932c0c2ef2c6744f15d77b0c,5,000966.SZ,2021-03-19,ALL_A,ALL_STATUS,coordinate_high,1.7105228103139916,1.7105228103139916,True
0000e7f428ad6652cd7956a281c4fb3710b61d1f932c0c2ef2c6744f15d77b0c,5,000966.SZ,2021-03-19,ALL_A,ALL_STATUS,own_depth,0.099303135888501703,0.099303135888501703,True
0000e7f428ad6652cd7956a281c4fb3710b61d1f932c0c2ef2c6744f15d77b0c,5,000966.SZ,2021-03-19,ALL_A,ALL_STATUS,resistance_high20,1.5560064867198593,1.5560064867198593,True
0000e7f428ad6652cd7956a281c4fb3710b61d1f932c0c2ef2c6744f15d77b0c,5,000966.SZ,2021-03-19,ALL_A,ALL_STATUS,stratum,5,5,True
0000e7f428ad6652cd7956a281c4fb3710b61d1f932c0c2ef2c6744f15d77b0c,5,000966.SZ,2021-03-19,ALL_A,ALL_STATUS,terminal_log_return_h1,0.09516609796559139,0.09516609796559139,True
0000e7f428ad6652cd7956a281c4fb3710b61d1f932c0c2ef2c6744f15d77b0c,5,000966.SZ,2021-03-19,ALL_A,ALL_STATUS,terminal_log_return_h3,0.28490484392599297,0.28490484392599297,True
0000e7f428ad6652cd7956a281c4fb3710b61d1f932c0c2ef2c6744f15d77b0c,5,000966.SZ,2021-03-19,ALL_A,ALL_STATUS,terminal_log_return_h5,0.23980274532530088,0.23980274532530088,True
