role,market_view,denominator,event_year,pit_observations,raw_up_crossings,raw_down_crossings,declustered_up_episodes,declustered_down_episodes,matched_up_episodes,matched_down_episodes
closing_acceptance,ALL_A,ALL_STATUS,2018,0,0,0,0,0,0,0
closing_acceptance,ALL_A,ALL_STATUS,2019,0,0,0,0,0,0,0
closing_acceptance,ALL_A,ALL_STATUS,2020,187,51,51,3,2,0,0
closing_acceptance,ALL_A,ALL_STATUS,2021,243,69,69,1,4,0,0
closing_acceptance,ALL_A,ALL_STATUS,2022,242,65,66,4,2,0,0
closing_acceptance,ALL_A,ALL_STATUS,2023,237,62,62,3,4,0,0
closing_acceptance,ALL_A,NON_ST,2018,0,0,0,0,0,0,0
closing_acceptance,ALL_A,NON_ST,2019,0,0,0,0,0,0,0
closing_acceptance,ALL_A,NON_ST,2020,187,50,50,2,2,0,0
closing_acceptance,ALL_A,NON_ST,2021,243,71,71,1,3,0,0
closing_acceptance,ALL_A,NON_ST,2022,242,64,65,3,3,0,0
closing_acceptance,ALL_A,NON_ST,2023,237,61,61,2,4,0,0
closing_acceptance,CHINEXT_BOARD,ALL_STATUS,2018,0,0,0,0,0,0,0
closing_acceptance,CHINEXT_BOARD,ALL_STATUS,2019,0,0,0,0,0,0,0
closing_acceptance,CHINEXT_BOARD,ALL_STATUS,2020,187,50,49,3,2,0,0
closing_acceptance,CHINEXT_BOARD,ALL_STATUS,2021,243,60,60,4,5,0,0
closing_acceptance,CHINEXT_BOARD,ALL_STATUS,2022,242,62,63,5,3,0,0
closing_acceptance,CHINEXT_BOARD,ALL_STATUS,2023,237,64,64,3,3,0,0
closing_acceptance,CHINEXT_BOARD,NON_ST,2018,0,0,0,0,0,0,0
closing_acceptance,CHINEXT_BOARD,NON_ST,2019,0,0,0,0,0,0,0
closing_acceptance,CHINEXT_BOARD,NON_ST,2020,187,50,49,3,2,0,0
closing_acceptance,CHINEXT_BOARD,NON_ST,2021,243,60,60,4,5,0,0
closing_acceptance,CHINEXT_BOARD,NON_ST,2022,242,60,61,5,4,0,0
closing_acceptance,CHINEXT_BOARD,NON_ST,2023,237,64,64,3,3,0,0
closing_acceptance,SH_A,ALL_STATUS,2018,0,0,0,0,0,0,0
closing_acceptance,SH_A,ALL_STATUS,2019,0,0,0,0,0,0,0
closing_acceptance,SH_A,ALL_STATUS,2020,187,55,55,1,1,0,0
closing_acceptance,SH_A,ALL_STATUS,2021,243,64,65,1,4,0,0
closing_acceptance,SH_A,ALL_STATUS,2022,242,65,65,6,2,0,1
closing_acceptance,SH_A,ALL_STATUS,2023,237,63,63,3,3,0,0
closing_acceptance,SH_A,NON_ST,2018,0,0,0,0,0,0,0
closing_acceptance,SH_A,NON_ST,2019,0,0,0,0,0,0,0
closing_acceptance,SH_A,NON_ST,2020,187,53,53,1,1,0,0
closing_acceptance,SH_A,NON_ST,2021,243,64,65,1,3,0,0
closing_acceptance,SH_A,NON_ST,2022,242,62,62,6,3,0,1
closing_acceptance,SH_A,NON_ST,2023,237,65,65,2,3,0,0
closing_acceptance,SZ_A,ALL_STATUS,2018,0,0,0,0,0,0,0
closing_acceptance,SZ_A,ALL_STATUS,2019,0,0,0,0,0,0,0
closing_acceptance,SZ_A,ALL_STATUS,2020,187,51,50,2,3,0,0
closing_acceptance,SZ_A,ALL_STATUS,2021,243,70,70,2,3,0,0
closing_acceptance,SZ_A,ALL_STATUS,2022,242,64,64,2,3,0,0
closing_acceptance,SZ_A,ALL_STATUS,2023,237,57,58,4,4,0,0
closing_acceptance,SZ_A,NON_ST,2018,0,0,0,0,0,0,0
closing_acceptance,SZ_A,NON_ST,2019,0,0,0,0,0,0,0
closing_acceptance,SZ_A,NON_ST,2020,187,50,49,2,3,0,0
closing_acceptance,SZ_A,NON_ST,2021,243,70,70,2,2,0,0
closing_acceptance,SZ_A,NON_ST,2022,242,63,63,3,4,0,0
closing_acceptance,SZ_A,NON_ST,2023,237,58,59,3,4,0,0
closing_rejection_depth,ALL_A,ALL_STATUS,2018,0,0,0,0,0,0,0
closing_rejection_depth,ALL_A,ALL_STATUS,2019,0,0,0,0,0,0,0
closing_rejection_depth,ALL_A,ALL_STATUS,2020,187,52,53,1,3,0,0
closing_rejection_depth,ALL_A,ALL_STATUS,2021,243,66,66,3,5,0,0
closing_rejection_depth,ALL_A,ALL_STATUS,2022,242,52,52,5,9,3,0
closing_rejection_depth,ALL_A,ALL_STATUS,2023,237,49,48,11,1,0,1
closing_rejection_depth,ALL_A,NON_ST,2018,0,0,0,0,0,0,0
closing_rejection_depth,ALL_A,NON_ST,2019,0,0,0,0,0,0,0
closing_rejection_depth,ALL_A,NON_ST,2020,187,53,54,1,2,0,0
closing_rejection_depth,ALL_A,NON_ST,2021,243,65,65,3,5,0,0
closing_rejection_depth,ALL_A,NON_ST,2022,242,52,52,5,8,1,0
closing_rejection_depth,ALL_A,NON_ST,2023,237,49,48,11,0,0,0
closing_rejection_depth,CHINEXT_BOARD,ALL_STATUS,2018,0,0,0,0,0,0,0
closing_rejection_depth,CHINEXT_BOARD,ALL_STATUS,2019,0,0,0,0,0,0,0
closing_rejection_depth,CHINEXT_BOARD,ALL_STATUS,2020,187,50,51,3,2,0,0
closing_rejection_depth,CHINEXT_BOARD,ALL_STATUS,2021,243,56,55,3,8,0,0
closing_rejection_depth,CHINEXT_BOARD,ALL_STATUS,2022,242,55,56,6,5,1,0
closing_rejection_depth,CHINEXT_BOARD,ALL_STATUS,2023,237,52,51,10,1,0,1
closing_rejection_depth,CHINEXT_BOARD,NON_ST,2018,0,0,0,0,0,0,0
closing_rejection_depth,CHINEXT_BOARD,NON_ST,2019,0,0,0,0,0,0,0
closing_rejection_depth,CHINEXT_BOARD,NON_ST,2020,187,50,51,3,2,0,0
closing_rejection_depth,CHINEXT_BOARD,NON_ST,2021,243,57,56,3,7,0,0
closing_rejection_depth,CHINEXT_BOARD,NON_ST,2022,242,56,57,6,5,1,0
closing_rejection_depth,CHINEXT_BOARD,NON_ST,2023,237,52,51,10,1,0,1
closing_rejection_depth,SH_A,ALL_STATUS,2018,0,0,0,0,0,0,0
closing_rejection_depth,SH_A,ALL_STATUS,2019,0,0,0,0,0,0,0
closing_rejection_depth,SH_A,ALL_STATUS,2020,187,44,44,2,4,0,0
closing_rejection_depth,SH_A,ALL_STATUS,2021,243,63,63,3,5,0,0
closing_rejection_depth,SH_A,ALL_STATUS,2022,242,57,57,6,7,1,0
closing_rejection_depth,SH_A,ALL_STATUS,2023,237,54,53,6,3,0,2
closing_rejection_depth,SH_A,NON_ST,2018,0,0,0,0,0,0,0
closing_rejection_depth,SH_A,NON_ST,2019,0,0,0,0,0,0,0
closing_rejection_depth,SH_A,NON_ST,2020,187,46,46,2,3,0,0
closing_rejection_depth,SH_A,NON_ST,2021,243,62,62,3,5,0,0
closing_rejection_depth,SH_A,NON_ST,2022,242,57,57,6,7,2,0
closing_rejection_depth,SH_A,NON_ST,2023,237,54,53,6,2,0,1
closing_rejection_depth,SZ_A,ALL_STATUS,2018,0,0,0,0,0,0,0
closing_rejection_depth,SZ_A,ALL_STATUS,2019,0,0,0,0,0,0,0
closing_rejection_depth,SZ_A,ALL_STATUS,2020,187,46,47,3,3,1,1
closing_rejection_depth,SZ_A,ALL_STATUS,2021,243,62,62,3,6,0,0
closing_rejection_depth,SZ_A,ALL_STATUS,2022,242,48,47,5,8,3,0
closing_rejection_depth,SZ_A,ALL_STATUS,2023,237,45,45,12,2,0,2
closing_rejection_depth,SZ_A,NON_ST,2018,0,0,0,0,0,0,0
closing_rejection_depth,SZ_A,NON_ST,2019,0,0,0,0,0,0,0
closing_rejection_depth,SZ_A,NON_ST,2020,187,46,47,3,3,0,2
closing_rejection_depth,SZ_A,NON_ST,2021,243,60,60,4,5,0,0
closing_rejection_depth,SZ_A,NON_ST,2022,242,47,46,5,7,5,0
closing_rejection_depth,SZ_A,NON_ST,2023,237,48,48,10,2,0,1
formation_depth,ALL_A,ALL_STATUS,2018,0,0,0,0,0,0,0
formation_depth,ALL_A,ALL_STATUS,2019,0,0,0,0,0,0,0
formation_depth,ALL_A,ALL_STATUS,2020,187,21,21,2,8,2,3
formation_depth,ALL_A,ALL_STATUS,2021,243,29,30,3,11,3,0
formation_depth,ALL_A,ALL_STATUS,2022,242,32,32,5,9,3,9
formation_depth,ALL_A,ALL_STATUS,2023,237,22,21,10,2,0,2
formation_depth,ALL_A,NON_ST,2018,0,0,0,0,0,0,0
formation_depth,ALL_A,NON_ST,2019,0,0,0,0,0,0,0
formation_depth,ALL_A,NON_ST,2020,187,23,23,2,9,2,8
formation_depth,ALL_A,NON_ST,2021,243,29,30,3,11,3,0
formation_depth,ALL_A,NON_ST,2022,242,31,31,5,9,3,7
formation_depth,ALL_A,NON_ST,2023,237,23,22,9,2,0,2
formation_depth,CHINEXT_BOARD,ALL_STATUS,2018,0,0,0,0,0,0,0
formation_depth,CHINEXT_BOARD,ALL_STATUS,2019,0,0,0,0,0,0,0
formation_depth,CHINEXT_BOARD,ALL_STATUS,2020,187,21,22,4,4,3,0
formation_depth,CHINEXT_BOARD,ALL_STATUS,2021,243,30,29,4,7,4,0
formation_depth,CHINEXT_BOARD,ALL_STATUS,2022,242,33,33,10,6,7,6
formation_depth,CHINEXT_BOARD,ALL_STATUS,2023,237,29,30,9,4,5,4
formation_depth,CHINEXT_BOARD,NON_ST,2018,0,0,0,0,0,0,0
formation_depth,CHINEXT_BOARD,NON_ST,2019,0,0,0,0,0,0,0
formation_depth,CHINEXT_BOARD,NON_ST,2020,187,22,23,4,4,3,0
formation_depth,CHINEXT_BOARD,NON_ST,2021,243,31,30,3,7,3,0
formation_depth,CHINEXT_BOARD,NON_ST,2022,242,34,34,10,6,9,5
formation_depth,CHINEXT_BOARD,NON_ST,2023,237,29,30,9,3,3,3
formation_depth,SH_A,ALL_STATUS,2018,0,0,0,0,0,0,0
formation_depth,SH_A,ALL_STATUS,2019,0,0,0,0,0,0,0
formation_depth,SH_A,ALL_STATUS,2020,187,22,22,4,4,2,3
formation_depth,SH_A,ALL_STATUS,2021,243,29,30,2,12,2,0
formation_depth,SH_A,ALL_STATUS,2022,242,35,35,9,4,9,2
formation_depth,SH_A,ALL_STATUS,2023,237,22,21,6,2,0,2
formation_depth,SH_A,NON_ST,2018,0,0,0,0,0,0,0
formation_depth,SH_A,NON_ST,2019,0,0,0,0,0,0,0
formation_depth,SH_A,NON_ST,2020,187,23,23,5,5,2,0
formation_depth,SH_A,NON_ST,2021,243,27,28,3,12,3,0
formation_depth,SH_A,NON_ST,2022,242,36,36,9,4,9,0
formation_depth,SH_A,NON_ST,2023,237,23,22,7,2,0,2
formation_depth,SZ_A,ALL_STATUS,2018,0,0,0,0,0,0,0
formation_depth,SZ_A,ALL_STATUS,2019,0,0,0,0,0,0,0
formation_depth,SZ_A,ALL_STATUS,2020,187,28,29,5,7,4,0
formation_depth,SZ_A,ALL_STATUS,2021,243,40,39,3,5,3,0
formation_depth,SZ_A,ALL_STATUS,2022,242,32,32,6,5,6,1
formation_depth,SZ_A,ALL_STATUS,2023,237,19,19,11,4,4,4
formation_depth,SZ_A,NON_ST,2018,0,0,0,0,0,0,0
formation_depth,SZ_A,NON_ST,2019,0,0,0,0,0,0,0
formation_depth,SZ_A,NON_ST,2020,187,29,30,5,7,2,0
formation_depth,SZ_A,NON_ST,2021,243,36,35,3,7,3,0
formation_depth,SZ_A,NON_ST,2022,242,34,34,6,5,4,1
formation_depth,SZ_A,NON_ST,2023,237,22,22,10,5,0,5
formation_diffusion,ALL_A,ALL_STATUS,2018,0,0,0,0,0,0,0
formation_diffusion,ALL_A,ALL_STATUS,2019,0,0,0,0,0,0,0
formation_diffusion,ALL_A,ALL_STATUS,2020,187,16,15,4,10,4,6
formation_diffusion,ALL_A,ALL_STATUS,2021,243,25,26,5,8,5,1
formation_diffusion,ALL_A,ALL_STATUS,2022,242,19,19,4,8,0,7
formation_diffusion,ALL_A,ALL_STATUS,2023,237,23,23,10,4,2,4
formation_diffusion,ALL_A,NON_ST,2018,0,0,0,0,0,0,0
formation_diffusion,ALL_A,NON_ST,2019,0,0,0,0,0,0,0
formation_diffusion,ALL_A,NON_ST,2020,187,17,16,4,10,4,6
formation_diffusion,ALL_A,NON_ST,2021,243,24,24,4,9,4,4
formation_diffusion,ALL_A,NON_ST,2022,242,21,22,4,8,0,5
formation_diffusion,ALL_A,NON_ST,2023,237,23,23,10,4,1,4
formation_diffusion,CHINEXT_BOARD,ALL_STATUS,2018,0,0,0,0,0,0,0
formation_diffusion,CHINEXT_BOARD,ALL_STATUS,2019,0,0,0,0,0,0,0
formation_diffusion,CHINEXT_BOARD,ALL_STATUS,2020,179,18,19,2,6,0,5
formation_diffusion,CHINEXT_BOARD,ALL_STATUS,2021,243,27,26,6,9,6,9
formation_diffusion,CHINEXT_BOARD,ALL_STATUS,2022,239,19,20,4,7,4,6
formation_diffusion,CHINEXT_BOARD,ALL_STATUS,2023,237,29,29,8,6,3,6
formation_diffusion,CHINEXT_BOARD,NON_ST,2018,0,0,0,0,0,0,0
formation_diffusion,CHINEXT_BOARD,NON_ST,2019,0,0,0,0,0,0,0
formation_diffusion,CHINEXT_BOARD,NON_ST,2020,179,18,19,2,6,0,5
formation_diffusion,CHINEXT_BOARD,NON_ST,2021,243,28,27,6,9,6,9
formation_diffusion,CHINEXT_BOARD,NON_ST,2022,239,18,19,4,7,4,5
formation_diffusion,CHINEXT_BOARD,NON_ST,2023,237,31,31,8,7,4,7
formation_diffusion,SH_A,ALL_STATUS,2018,0,0,0,0,0,0,0
formation_diffusion,SH_A,ALL_STATUS,2019,0,0,0,0,0,0,0
formation_diffusion,SH_A,ALL_STATUS,2020,186,20,19,5,6,5,0
formation_diffusion,SH_A,ALL_STATUS,2021,243,18,18,3,13,3,13
formation_diffusion,SH_A,ALL_STATUS,2022,242,23,24,6,8,3,3
formation_diffusion,SH_A,ALL_STATUS,2023,237,23,23,10,6,0,5
formation_diffusion,SH_A,NON_ST,2018,0,0,0,0,0,0,0
formation_diffusion,SH_A,NON_ST,2019,0,0,0,0,0,0,0
formation_diffusion,SH_A,NON_ST,2020,186,21,20,5,7,5,0
formation_diffusion,SH_A,NON_ST,2021,243,21,21,3,12,3,12
formation_diffusion,SH_A,NON_ST,2022,242,23,24,6,8,4,3
formation_diffusion,SH_A,NON_ST,2023,237,24,24,9,5,4,5
formation_diffusion,SZ_A,ALL_STATUS,2018,0,0,0,0,0,0,0
formation_diffusion,SZ_A,ALL_STATUS,2019,0,0,0,0,0,0,0
formation_diffusion,SZ_A,ALL_STATUS,2020,187,19,18,4,9,1,4
formation_diffusion,SZ_A,ALL_STATUS,2021,243,28,28,5,9,5,7
formation_diffusion,SZ_A,ALL_STATUS,2022,242,23,24,5,8,0,2
formation_diffusion,SZ_A,ALL_STATUS,2023,237,27,27,9,4,2,1
formation_diffusion,SZ_A,NON_ST,2018,0,0,0,0,0,0,0
formation_diffusion,SZ_A,NON_ST,2019,0,0,0,0,0,0,0
formation_diffusion,SZ_A,NON_ST,2020,187,17,17,2,8,2,7
formation_diffusion,SZ_A,NON_ST,2021,243,29,28,5,9,5,7
formation_diffusion,SZ_A,NON_ST,2022,242,20,21,5,7,4,2
formation_diffusion,SZ_A,NON_ST,2023,237,26,26,9,4,2,4
formation_leadership_concentration,ALL_A,ALL_STATUS,2018,0,0,0,0,0,0,0
formation_leadership_concentration,ALL_A,ALL_STATUS,2019,0,0,0,0,0,0,0
formation_leadership_concentration,ALL_A,ALL_STATUS,2020,187,38,38,7,4,0,0
formation_leadership_concentration,ALL_A,ALL_STATUS,2021,243,50,50,6,6,0,0
formation_leadership_concentration,ALL_A,ALL_STATUS,2022,242,39,40,4,7,4,3
formation_leadership_concentration,ALL_A,ALL_STATUS,2023,237,38,37,8,10,6,0
formation_leadership_concentration,ALL_A,NON_ST,2018,0,0,0,0,0,0,0
formation_leadership_concentration,ALL_A,NON_ST,2019,0,0,0,0,0,0,0
formation_leadership_concentration,ALL_A,NON_ST,2020,187,37,37,7,4,0,0
formation_leadership_concentration,ALL_A,NON_ST,2021,243,50,50,6,7,0,0
formation_leadership_concentration,ALL_A,NON_ST,2022,242,37,38,4,7,4,4
formation_leadership_concentration,ALL_A,NON_ST,2023,237,37,36,8,10,5,0
formation_leadership_concentration,CHINEXT_BOARD,ALL_STATUS,2018,0,0,0,0,0,0,0
formation_leadership_concentration,CHINEXT_BOARD,ALL_STATUS,2019,0,0,0,0,0,0,0
formation_leadership_concentration,CHINEXT_BOARD,ALL_STATUS,2020,179,33,34,8,5,0,3
formation_leadership_concentration,CHINEXT_BOARD,ALL_STATUS,2021,243,54,53,8,5,0,1
formation_leadership_concentration,CHINEXT_BOARD,ALL_STATUS,2022,239,44,44,10,2,4,0
formation_leadership_concentration,CHINEXT_BOARD,ALL_STATUS,2023,237,39,39,9,4,6,4
formation_leadership_concentration,CHINEXT_BOARD,NON_ST,2018,0,0,0,0,0,0,0
formation_leadership_concentration,CHINEXT_BOARD,NON_ST,2019,0,0,0,0,0,0,0
formation_leadership_concentration,CHINEXT_BOARD,NON_ST,2020,179,33,34,8,5,0,3
formation_leadership_concentration,CHINEXT_BOARD,NON_ST,2021,243,56,55,9,6,0,0
formation_leadership_concentration,CHINEXT_BOARD,NON_ST,2022,239,46,46,8,4,4,0
formation_leadership_concentration,CHINEXT_BOARD,NON_ST,2023,237,39,39,8,4,2,3
formation_leadership_concentration,SH_A,ALL_STATUS,2018,0,0,0,0,0,0,0
formation_leadership_concentration,SH_A,ALL_STATUS,2019,0,0,0,0,0,0,0
formation_leadership_concentration,SH_A,ALL_STATUS,2020,186,33,33,6,2,0,0
formation_leadership_concentration,SH_A,ALL_STATUS,2021,243,47,46,7,7,0,0
formation_leadership_concentration,SH_A,ALL_STATUS,2022,242,39,39,3,12,1,0
formation_leadership_concentration,SH_A,ALL_STATUS,2023,237,38,38,5,9,5,0
formation_leadership_concentration,SH_A,NON_ST,2018,0,0,0,0,0,0,0
formation_leadership_concentration,SH_A,NON_ST,2019,0,0,0,0,0,0,0
formation_leadership_concentration,SH_A,NON_ST,2020,186,31,31,8,3,0,0
formation_leadership_concentration,SH_A,NON_ST,2021,243,47,46,7,7,0,0
formation_leadership_concentration,SH_A,NON_ST,2022,242,37,37,5,11,3,0
formation_leadership_concentration,SH_A,NON_ST,2023,237,45,45,5,8,4,0
formation_leadership_concentration,SZ_A,ALL_STATUS,2018,0,0,0,0,0,0,0
formation_leadership_concentration,SZ_A,ALL_STATUS,2019,0,0,0,0,0,0,0
formation_leadership_concentration,SZ_A,ALL_STATUS,2020,187,36,36,9,2,0,2
formation_leadership_concentration,SZ_A,ALL_STATUS,2021,243,47,47,7,5,0,4
formation_leadership_concentration,SZ_A,ALL_STATUS,2022,242,41,42,5,8,1,1
formation_leadership_concentration,SZ_A,ALL_STATUS,2023,237,38,38,7,10,6,0
formation_leadership_concentration,SZ_A,NON_ST,2018,0,0,0,0,0,0,0
formation_leadership_concentration,SZ_A,NON_ST,2019,0,0,0,0,0,0,0
formation_leadership_concentration,SZ_A,NON_ST,2020,187,37,37,7,4,0,2
formation_leadership_concentration,SZ_A,NON_ST,2021,243,46,46,7,5,0,3
formation_leadership_concentration,SZ_A,NON_ST,2022,242,40,41,5,9,1,0
formation_leadership_concentration,SZ_A,NON_ST,2023,237,38,38,7,9,2,0
formation_participation,ALL_A,ALL_STATUS,2018,0,0,0,0,0,0,0
formation_participation,ALL_A,ALL_STATUS,2019,0,0,0,0,0,0,0
formation_participation,ALL_A,ALL_STATUS,2020,187,20,20,4,7,4,3
formation_participation,ALL_A,ALL_STATUS,2021,243,23,22,3,13,3,7
formation_participation,ALL_A,ALL_STATUS,2022,242,18,19,6,6,6,4
formation_participation,ALL_A,ALL_STATUS,2023,237,28,28,7,8,0,5
formation_participation,ALL_A,NON_ST,2018,0,0,0,0,0,0,0
formation_participation,ALL_A,NON_ST,2019,0,0,0,0,0,0,0
formation_participation,ALL_A,NON_ST,2020,187,21,21,4,7,4,5
formation_participation,ALL_A,NON_ST,2021,243,26,25,2,12,2,6
formation_participation,ALL_A,NON_ST,2022,242,18,19,6,6,6,3
formation_participation,ALL_A,NON_ST,2023,237,29,29,7,8,0,6
formation_participation,CHINEXT_BOARD,ALL_STATUS,2018,0,0,0,0,0,0,0
formation_participation,CHINEXT_BOARD,ALL_STATUS,2019,0,0,0,0,0,0,0
formation_participation,CHINEXT_BOARD,ALL_STATUS,2020,187,14,14,2,7,1,7
formation_participation,CHINEXT_BOARD,ALL_STATUS,2021,243,22,21,8,9,8,6
formation_participation,CHINEXT_BOARD,ALL_STATUS,2022,242,17,18,5,6,2,4
formation_participation,CHINEXT_BOARD,ALL_STATUS,2023,237,23,23,8,12,2,5
formation_participation,CHINEXT_BOARD,NON_ST,2018,0,0,0,0,0,0,0
formation_participation,CHINEXT_BOARD,NON_ST,2019,0,0,0,0,0,0,0
formation_participation,CHINEXT_BOARD,NON_ST,2020,187,14,14,2,7,1,7
formation_participation,CHINEXT_BOARD,NON_ST,2021,243,23,22,8,9,8,6
formation_participation,CHINEXT_BOARD,NON_ST,2022,242,17,18,5,6,2,4
formation_participation,CHINEXT_BOARD,NON_ST,2023,237,23,23,8,12,1,6
formation_participation,SH_A,ALL_STATUS,2018,0,0,0,0,0,0,0
formation_participation,SH_A,ALL_STATUS,2019,0,0,0,0,0,0,0
formation_participation,SH_A,ALL_STATUS,2020,187,16,15,4,9,4,6
formation_participation,SH_A,ALL_STATUS,2021,243,24,24,2,14,2,8
formation_participation,SH_A,ALL_STATUS,2022,242,21,22,6,7,3,7
formation_participation,SH_A,ALL_STATUS,2023,237,28,28,9,7,2,5
formation_participation,SH_A,NON_ST,2018,0,0,0,0,0,0,0
formation_participation,SH_A,NON_ST,2019,0,0,0,0,0,0,0
formation_participation,SH_A,NON_ST,2020,187,19,18,5,9,5,0
formation_participation,SH_A,NON_ST,2021,243,24,24,2,14,2,8
formation_participation,SH_A,NON_ST,2022,242,22,23,6,8,3,7
formation_participation,SH_A,NON_ST,2023,237,28,28,8,8,2,8
formation_participation,SZ_A,ALL_STATUS,2018,0,0,0,0,0,0,0
formation_participation,SZ_A,ALL_STATUS,2019,0,0,0,0,0,0,0
formation_participation,SZ_A,ALL_STATUS,2020,187,19,19,3,8,2,6
formation_participation,SZ_A,ALL_STATUS,2021,243,25,24,4,12,4,7
formation_participation,SZ_A,ALL_STATUS,2022,242,18,19,5,6,4,3
formation_participation,SZ_A,ALL_STATUS,2023,237,27,27,7,7,0,1
formation_participation,SZ_A,NON_ST,2018,0,0,0,0,0,0,0
formation_participation,SZ_A,NON_ST,2019,0,0,0,0,0,0,0
formation_participation,SZ_A,NON_ST,2020,187,20,20,3,8,2,5
formation_participation,SZ_A,NON_ST,2021,243,27,26,4,12,4,8
formation_participation,SZ_A,NON_ST,2022,242,18,19,5,7,5,4
formation_participation,SZ_A,NON_ST,2023,237,29,29,7,7,0,1
stock_industry_divergence,ALL_A,ALL_STATUS,2018,0,0,0,0,0,0,0
stock_industry_divergence,ALL_A,ALL_STATUS,2019,0,0,0,0,0,0,0
stock_industry_divergence,ALL_A,ALL_STATUS,2020,187,20,21,7,2,3,2
stock_industry_divergence,ALL_A,ALL_STATUS,2021,243,26,25,7,7,6,3
stock_industry_divergence,ALL_A,ALL_STATUS,2022,242,25,26,10,7,3,4
stock_industry_divergence,ALL_A,ALL_STATUS,2023,237,21,20,6,11,4,11
stock_industry_divergence,ALL_A,NON_ST,2018,0,0,0,0,0,0,0
stock_industry_divergence,ALL_A,NON_ST,2019,0,0,0,0,0,0,0
stock_industry_divergence,ALL_A,NON_ST,2020,187,21,22,9,3,3,1
stock_industry_divergence,ALL_A,NON_ST,2021,243,28,27,8,6,8,5
stock_industry_divergence,ALL_A,NON_ST,2022,242,26,27,10,6,4,4
stock_industry_divergence,ALL_A,NON_ST,2023,237,23,23,7,11,4,9
stock_industry_divergence,CHINEXT_BOARD,ALL_STATUS,2018,0,0,0,0,0,0,0
stock_industry_divergence,CHINEXT_BOARD,ALL_STATUS,2019,0,0,0,0,0,0,0
stock_industry_divergence,CHINEXT_BOARD,ALL_STATUS,2020,179,35,34,5,2,3,0
stock_industry_divergence,CHINEXT_BOARD,ALL_STATUS,2021,243,46,47,5,9,0,8
stock_industry_divergence,CHINEXT_BOARD,ALL_STATUS,2022,239,36,36,8,9,6,5
stock_industry_divergence,CHINEXT_BOARD,ALL_STATUS,2023,237,39,39,6,9,0,0
stock_industry_divergence,CHINEXT_BOARD,NON_ST,2018,0,0,0,0,0,0,0
stock_industry_divergence,CHINEXT_BOARD,NON_ST,2019,0,0,0,0,0,0,0
stock_industry_divergence,CHINEXT_BOARD,NON_ST,2020,179,35,34,5,2,3,0
stock_industry_divergence,CHINEXT_BOARD,NON_ST,2021,243,46,47,7,9,0,8
stock_industry_divergence,CHINEXT_BOARD,NON_ST,2022,239,37,37,8,9,7,3
stock_industry_divergence,CHINEXT_BOARD,NON_ST,2023,237,35,35,7,9,1,0
stock_industry_divergence,SH_A,ALL_STATUS,2018,0,0,0,0,0,0,0
stock_industry_divergence,SH_A,ALL_STATUS,2019,0,0,0,0,0,0,0
stock_industry_divergence,SH_A,ALL_STATUS,2020,186,34,34,9,3,0,0
stock_industry_divergence,SH_A,ALL_STATUS,2021,243,41,40,7,10,1,0
stock_industry_divergence,SH_A,ALL_STATUS,2022,242,26,27,11,7,11,7
stock_industry_divergence,SH_A,ALL_STATUS,2023,237,30,30,6,8,5,5
stock_industry_divergence,SH_A,NON_ST,2018,0,0,0,0,0,0,0
stock_industry_divergence,SH_A,NON_ST,2019,0,0,0,0,0,0,0
stock_industry_divergence,SH_A,NON_ST,2020,186,29,29,9,1,0,0
stock_industry_divergence,SH_A,NON_ST,2021,243,42,41,6,9,2,0
stock_industry_divergence,SH_A,NON_ST,2022,242,29,30,10,7,10,4
stock_industry_divergence,SH_A,NON_ST,2023,237,30,30,6,9,2,4
stock_industry_divergence,SZ_A,ALL_STATUS,2018,0,0,0,0,0,0,0
stock_industry_divergence,SZ_A,ALL_STATUS,2019,0,0,0,0,0,0,0
stock_industry_divergence,SZ_A,ALL_STATUS,2020,187,25,26,5,4,0,3
stock_industry_divergence,SZ_A,ALL_STATUS,2021,243,31,30,8,7,4,4
stock_industry_divergence,SZ_A,ALL_STATUS,2022,242,29,30,8,4,7,4
stock_industry_divergence,SZ_A,ALL_STATUS,2023,237,24,24,7,9,7,7
stock_industry_divergence,SZ_A,NON_ST,2018,0,0,0,0,0,0,0
stock_industry_divergence,SZ_A,NON_ST,2019,0,0,0,0,0,0,0
stock_industry_divergence,SZ_A,NON_ST,2020,187,25,26,5,3,0,1
stock_industry_divergence,SZ_A,NON_ST,2021,243,29,28,9,6,2,5
stock_industry_divergence,SZ_A,NON_ST,2022,242,28,29,9,5,5,4
stock_industry_divergence,SZ_A,NON_ST,2023,237,20,20,7,9,7,9
