trade_id,baseline_block,symbol,entry_signal_date,entry_year,support_lineage_id,neighbor_support_lineage_id
DEVELOPMENT_2024_2025:300001.SZ-001,DEVELOPMENT_2024_2025,300001.SZ,2025-02-11,2025,L_SUPPORT_HELD,L_SUPPORT_HELD
DEVELOPMENT_2024_2025:300003.SZ-001,DEVELOPMENT_2024_2025,300003.SZ,2024-05-09,2024,L_SUPPORT_BROKEN,L_SUPPORT_BROKEN
DEVELOPMENT_2024_2025:300003.SZ-002,DEVELOPMENT_2024_2025,300003.SZ,2025-06-04,2025,L_SUPPORT_HELD,L_SUPPORT_HELD
DEVELOPMENT_2024_2025:300009.SZ-001,DEVELOPMENT_2024_2025,300009.SZ,2025-05-29,2025,L_SUPPORT_HELD,L_SUPPORT_HELD
DEVELOPMENT_2024_2025:300014.SZ-001,DEVELOPMENT_2024_2025,300014.SZ,2025-03-03,2025,L_SUPPORT_BROKEN,L_SUPPORT_BROKEN
DEVELOPMENT_2024_2025:300033.SZ-001,DEVELOPMENT_2024_2025,300033.SZ,2024-09-24,2024,L_SUPPORT_HELD,L_SUPPORT_HELD
DEVELOPMENT_2024_2025:300035.SZ-001,DEVELOPMENT_2024_2025,300035.SZ,2025-02-27,2025,L_SUPPORT_BROKEN,L_SUPPORT_BROKEN
DEVELOPMENT_2024_2025:300035.SZ-002,DEVELOPMENT_2024_2025,300035.SZ,2025-08-29,2025,L_SUPPORT_HELD,L_SUPPORT_HELD
DEVELOPMENT_2024_2025:300043.SZ-001,DEVELOPMENT_2024_2025,300043.SZ,2024-08-30,2024,L_SUPPORT_BROKEN,L_SUPPORT_BROKEN
DEVELOPMENT_2024_2025:300054.SZ-001,DEVELOPMENT_2024_2025,300054.SZ,2024-04-26,2024,L_SUPPORT_BROKEN,L_SUPPORT_BROKEN
DEVELOPMENT_2024_2025:300057.SZ-001,DEVELOPMENT_2024_2025,300057.SZ,2025-06-23,2025,L_SUPPORT_BROKEN,L_SUPPORT_BROKEN
DEVELOPMENT_2024_2025:300072.SZ-001,DEVELOPMENT_2024_2025,300072.SZ,2025-06-23,2025,L_SUPPORT_BROKEN,L_SUPPORT_BROKEN
DEVELOPMENT_2024_2025:300092.SZ-001,DEVELOPMENT_2024_2025,300092.SZ,2025-03-17,2025,L_SUPPORT_HELD,L_SUPPORT_HELD
DEVELOPMENT_2024_2025:300092.SZ-002,DEVELOPMENT_2024_2025,300092.SZ,2025-09-02,2025,L_SUPPORT_BROKEN,L_SUPPORT_BROKEN
DEVELOPMENT_2024_2025:300119.SZ-001,DEVELOPMENT_2024_2025,300119.SZ,2024-04-30,2024,L_SUPPORT_BROKEN,L_SUPPORT_BROKEN
DEVELOPMENT_2024_2025:300128.SZ-001,DEVELOPMENT_2024_2025,300128.SZ,2024-09-25,2024,L_SUPPORT_HELD,L_SUPPORT_HELD
DEVELOPMENT_2024_2025:300138.SZ-001,DEVELOPMENT_2024_2025,300138.SZ,2025-06-18,2025,L_SUPPORT_BROKEN,L_SUPPORT_BROKEN
DEVELOPMENT_2024_2025:300138.SZ-002,DEVELOPMENT_2024_2025,300138.SZ,2025-06-24,2025,L_SUPPORT_BROKEN,L_SUPPORT_BROKEN
DEVELOPMENT_2024_2025:300142.SZ-001,DEVELOPMENT_2024_2025,300142.SZ,2025-07-24,2025,L_SUPPORT_HELD,L_SUPPORT_HELD
DEVELOPMENT_2024_2025:300171.SZ-001,DEVELOPMENT_2024_2025,300171.SZ,2025-10-28,2025,L_SUPPORT_BROKEN,L_SUPPORT_BROKEN
DEVELOPMENT_2024_2025:300182.SZ-001,DEVELOPMENT_2024_2025,300182.SZ,2024-09-24,2024,L_SUPPORT_HELD,L_SUPPORT_BROKEN
DEVELOPMENT_2024_2025:300195.SZ-001,DEVELOPMENT_2024_2025,300195.SZ,2025-11-06,2025,L_SUPPORT_HELD,L_SUPPORT_BROKEN
DEVELOPMENT_2024_2025:300241.SZ-001,DEVELOPMENT_2024_2025,300241.SZ,2024-12-20,2024,L_SUPPORT_BROKEN,L_SUPPORT_HELD
DEVELOPMENT_2024_2025:300254.SZ-001,DEVELOPMENT_2024_2025,300254.SZ,2025-06-03,2025,L_SUPPORT_HELD,L_SUPPORT_HELD
DEVELOPMENT_2024_2025:300259.SZ-001,DEVELOPMENT_2024_2025,300259.SZ,2025-11-04,2025,L_SUPPORT_BROKEN,L_SUPPORT_BROKEN
DEVELOPMENT_2024_2025:300267.SZ-001,DEVELOPMENT_2024_2025,300267.SZ,2025-07-16,2025,L_SUPPORT_HELD,L_SUPPORT_HELD
DEVELOPMENT_2024_2025:300279.SZ-001,DEVELOPMENT_2024_2025,300279.SZ,2024-12-10,2024,L_SUPPORT_HELD,L_SUPPORT_BROKEN
DEVELOPMENT_2024_2025:300285.SZ-001,DEVELOPMENT_2024_2025,300285.SZ,2024-05-09,2024,L_SUPPORT_HELD,L_SUPPORT_BROKEN
DEVELOPMENT_2024_2025:300286.SZ-001,DEVELOPMENT_2024_2025,300286.SZ,2025-02-17,2025,L_SUPPORT_BROKEN,L_SUPPORT_BROKEN
DEVELOPMENT_2024_2025:300324.SZ-001,DEVELOPMENT_2024_2025,300324.SZ,2024-09-24,2024,L_SUPPORT_BROKEN,L_SUPPORT_BROKEN
DEVELOPMENT_2024_2025:300327.SZ-001,DEVELOPMENT_2024_2025,300327.SZ,2025-12-10,2025,L_SUPPORT_BROKEN,L_SUPPORT_BROKEN
DEVELOPMENT_2024_2025:300346.SZ-001,DEVELOPMENT_2024_2025,300346.SZ,2025-05-06,2025,L_SUPPORT_BROKEN,L_SUPPORT_BROKEN
DEVELOPMENT_2024_2025:300348.SZ-001,DEVELOPMENT_2024_2025,300348.SZ,2024-09-24,2024,L_SUPPORT_BROKEN,L_SUPPORT_BROKEN
DEVELOPMENT_2024_2025:300357.SZ-001,DEVELOPMENT_2024_2025,300357.SZ,2024-05-08,2024,L_SUPPORT_BROKEN,L_SUPPORT_BROKEN
DEVELOPMENT_2024_2025:300357.SZ-002,DEVELOPMENT_2024_2025,300357.SZ,2025-07-16,2025,L_SUPPORT_BROKEN,L_SUPPORT_HELD
DEVELOPMENT_2024_2025:300371.SZ-001,DEVELOPMENT_2024_2025,300371.SZ,2025-09-22,2025,L_SUPPORT_BROKEN,L_SUPPORT_HELD
DEVELOPMENT_2024_2025:300377.SZ-001,DEVELOPMENT_2024_2025,300377.SZ,2024-09-24,2024,L_SUPPORT_BROKEN,L_SUPPORT_HELD
DEVELOPMENT_2024_2025:300404.SZ-001,DEVELOPMENT_2024_2025,300404.SZ,2024-12-09,2024,L_SUPPORT_BROKEN,L_SUPPORT_HELD
DEVELOPMENT_2024_2025:300433.SZ-001,DEVELOPMENT_2024_2025,300433.SZ,2024-05-06,2024,L_SUPPORT_BROKEN,L_SUPPORT_BROKEN
DEVELOPMENT_2024_2025:300437.SZ-001,DEVELOPMENT_2024_2025,300437.SZ,2025-11-06,2025,L_SUPPORT_BROKEN,L_SUPPORT_BROKEN
DEVELOPMENT_2024_2025:300440.SZ-001,DEVELOPMENT_2024_2025,300440.SZ,2025-06-16,2025,L_SUPPORT_HELD,L_SUPPORT_HELD
DEVELOPMENT_2024_2025:300442.SZ-001,DEVELOPMENT_2024_2025,300442.SZ,2024-09-24,2024,L_SUPPORT_HELD,L_SUPPORT_BROKEN
DEVELOPMENT_2024_2025:300452.SZ-001,DEVELOPMENT_2024_2025,300452.SZ,2025-06-03,2025,L_SUPPORT_HELD,L_SUPPORT_HELD
DEVELOPMENT_2024_2025:300457.SZ-001,DEVELOPMENT_2024_2025,300457.SZ,2025-08-28,2025,L_SUPPORT_HELD,L_SUPPORT_BROKEN
DEVELOPMENT_2024_2025:300459.SZ-001,DEVELOPMENT_2024_2025,300459.SZ,2024-09-25,2024,L_SUPPORT_BROKEN,L_SUPPORT_BROKEN
DEVELOPMENT_2024_2025:300479.SZ-001,DEVELOPMENT_2024_2025,300479.SZ,2024-12-10,2024,L_SUPPORT_BROKEN,L_SUPPORT_BROKEN
DEVELOPMENT_2024_2025:300479.SZ-002,DEVELOPMENT_2024_2025,300479.SZ,2025-06-23,2025,L_SUPPORT_BROKEN,L_SUPPORT_BROKEN
DEVELOPMENT_2024_2025:300487.SZ-001,DEVELOPMENT_2024_2025,300487.SZ,2024-09-24,2024,L_SUPPORT_BROKEN,L_SUPPORT_BROKEN
DEVELOPMENT_2024_2025:300490.SZ-001,DEVELOPMENT_2024_2025,300490.SZ,2025-09-25,2025,L_SUPPORT_HELD,L_SUPPORT_HELD
DEVELOPMENT_2024_2025:300494.SZ-001,DEVELOPMENT_2024_2025,300494.SZ,2025-08-28,2025,L_SUPPORT_BROKEN,L_SUPPORT_BROKEN
DEVELOPMENT_2024_2025:300497.SZ-001,DEVELOPMENT_2024_2025,300497.SZ,2025-11-06,2025,L_SUPPORT_BROKEN,L_SUPPORT_BROKEN
DEVELOPMENT_2024_2025:300522.SZ-001,DEVELOPMENT_2024_2025,300522.SZ,2025-05-29,2025,L_SUPPORT_BROKEN,L_SUPPORT_HELD
DEVELOPMENT_2024_2025:300551.SZ-001,DEVELOPMENT_2024_2025,300551.SZ,2025-09-22,2025,L_SUPPORT_BROKEN,L_SUPPORT_HELD
DEVELOPMENT_2024_2025:300576.SZ-001,DEVELOPMENT_2024_2025,300576.SZ,2025-12-01,2025,L_SUPPORT_HELD,L_SUPPORT_HELD
DEVELOPMENT_2024_2025:300595.SZ-001,DEVELOPMENT_2024_2025,300595.SZ,2025-07-23,2025,L_SUPPORT_BROKEN,L_SUPPORT_HELD
DEVELOPMENT_2024_2025:300627.SZ-001,DEVELOPMENT_2024_2025,300627.SZ,2025-02-07,2025,L_SUPPORT_HELD,L_SUPPORT_HELD
DEVELOPMENT_2024_2025:300627.SZ-002,DEVELOPMENT_2024_2025,300627.SZ,2025-06-24,2025,L_SUPPORT_HELD,L_SUPPORT_BROKEN
DEVELOPMENT_2024_2025:300632.SZ-001,DEVELOPMENT_2024_2025,300632.SZ,2024-12-09,2024,L_SUPPORT_BROKEN,L_SUPPORT_HELD
DEVELOPMENT_2024_2025:300635.SZ-001,DEVELOPMENT_2024_2025,300635.SZ,2024-12-06,2024,L_SUPPORT_HELD,L_SUPPORT_HELD
DEVELOPMENT_2024_2025:300670.SZ-001,DEVELOPMENT_2024_2025,300670.SZ,2025-09-30,2025,L_SUPPORT_BROKEN,L_SUPPORT_HELD
DEVELOPMENT_2024_2025:300679.SZ-001,DEVELOPMENT_2024_2025,300679.SZ,2024-04-26,2024,L_SUPPORT_BROKEN,L_SUPPORT_BROKEN
DEVELOPMENT_2024_2025:300702.SZ-001,DEVELOPMENT_2024_2025,300702.SZ,2025-04-25,2025,L_SUPPORT_BROKEN,L_SUPPORT_BROKEN
DEVELOPMENT_2024_2025:300710.SZ-001,DEVELOPMENT_2024_2025,300710.SZ,2025-11-03,2025,L_SUPPORT_BROKEN,L_SUPPORT_HELD
DEVELOPMENT_2024_2025:300733.SZ-001,DEVELOPMENT_2024_2025,300733.SZ,2024-12-20,2024,L_SUPPORT_BROKEN,L_SUPPORT_HELD
DEVELOPMENT_2024_2025:300733.SZ-002,DEVELOPMENT_2024_2025,300733.SZ,2025-02-06,2025,L_SUPPORT_BROKEN,L_SUPPORT_BROKEN
DEVELOPMENT_2024_2025:300748.SZ-001,DEVELOPMENT_2024_2025,300748.SZ,2025-06-11,2025,L_SUPPORT_HELD,L_SUPPORT_HELD
DEVELOPMENT_2024_2025:300758.SZ-001,DEVELOPMENT_2024_2025,300758.SZ,2025-02-11,2025,L_SUPPORT_BROKEN,L_SUPPORT_BROKEN
DEVELOPMENT_2024_2025:300760.SZ-001,DEVELOPMENT_2024_2025,300760.SZ,2024-03-11,2024,L_SUPPORT_BROKEN,L_SUPPORT_BROKEN
DEVELOPMENT_2024_2025:300763.SZ-001,DEVELOPMENT_2024_2025,300763.SZ,2025-08-29,2025,L_SUPPORT_BROKEN,L_SUPPORT_BROKEN
DEVELOPMENT_2024_2025:300770.SZ-001,DEVELOPMENT_2024_2025,300770.SZ,2024-05-13,2024,L_SUPPORT_BROKEN,L_SUPPORT_BROKEN
DEVELOPMENT_2024_2025:300770.SZ-002,DEVELOPMENT_2024_2025,300770.SZ,2025-06-09,2025,L_SUPPORT_BROKEN,L_SUPPORT_HELD
DEVELOPMENT_2024_2025:300775.SZ-001,DEVELOPMENT_2024_2025,300775.SZ,2024-05-09,2024,L_SUPPORT_BROKEN,L_SUPPORT_BROKEN
DEVELOPMENT_2024_2025:300779.SZ-001,DEVELOPMENT_2024_2025,300779.SZ,2025-02-12,2025,L_SUPPORT_HELD,L_SUPPORT_HELD
DEVELOPMENT_2024_2025:300788.SZ-001,DEVELOPMENT_2024_2025,300788.SZ,2025-02-11,2025,L_SUPPORT_BROKEN,L_SUPPORT_HELD
DEVELOPMENT_2024_2025:300790.SZ-001,DEVELOPMENT_2024_2025,300790.SZ,2024-12-09,2024,L_SUPPORT_BROKEN,L_SUPPORT_HELD
DEVELOPMENT_2024_2025:300796.SZ-001,DEVELOPMENT_2024_2025,300796.SZ,2024-04-26,2024,L_SUPPORT_BROKEN,L_SUPPORT_BROKEN
DEVELOPMENT_2024_2025:300801.SZ-001,DEVELOPMENT_2024_2025,300801.SZ,2025-06-23,2025,L_SUPPORT_BROKEN,L_SUPPORT_BROKEN
DEVELOPMENT_2024_2025:300803.SZ-001,DEVELOPMENT_2024_2025,300803.SZ,2024-09-24,2024,L_SUPPORT_BROKEN,L_SUPPORT_BROKEN
DEVELOPMENT_2024_2025:300827.SZ-001,DEVELOPMENT_2024_2025,300827.SZ,2025-09-03,2025,L_SUPPORT_HELD,L_SUPPORT_BROKEN
DEVELOPMENT_2024_2025:300863.SZ-001,DEVELOPMENT_2024_2025,300863.SZ,2025-06-23,2025,L_SUPPORT_BROKEN,L_SUPPORT_HELD
DEVELOPMENT_2024_2025:300910.SZ-001,DEVELOPMENT_2024_2025,300910.SZ,2025-01-23,2025,L_SUPPORT_BROKEN,L_SUPPORT_BROKEN
DEVELOPMENT_2024_2025:300919.SZ-001,DEVELOPMENT_2024_2025,300919.SZ,2024-03-11,2024,L_SUPPORT_BROKEN,L_SUPPORT_BROKEN
DEVELOPMENT_2024_2025:300938.SZ-001,DEVELOPMENT_2024_2025,300938.SZ,2025-10-29,2025,L_SUPPORT_BROKEN,L_SUPPORT_BROKEN
DEVELOPMENT_2024_2025:300945.SZ-001,DEVELOPMENT_2024_2025,300945.SZ,2024-12-02,2024,L_SUPPORT_HELD,L_SUPPORT_BROKEN
DEVELOPMENT_2024_2025:300947.SZ-001,DEVELOPMENT_2024_2025,300947.SZ,2025-03-17,2025,L_SUPPORT_BROKEN,L_SUPPORT_HELD
DEVELOPMENT_2024_2025:300971.SZ-001,DEVELOPMENT_2024_2025,300971.SZ,2024-12-05,2024,L_SUPPORT_BROKEN,L_SUPPORT_BROKEN
DEVELOPMENT_2024_2025:300987.SZ-001,DEVELOPMENT_2024_2025,300987.SZ,2025-06-12,2025,L_SUPPORT_BROKEN,L_SUPPORT_BROKEN
DEVELOPMENT_2024_2025:301048.SZ-001,DEVELOPMENT_2024_2025,301048.SZ,2025-06-10,2025,L_SUPPORT_HELD,L_SUPPORT_HELD
DEVELOPMENT_2024_2025:301048.SZ-002,DEVELOPMENT_2024_2025,301048.SZ,2025-08-08,2025,L_SUPPORT_BROKEN,L_SUPPORT_HELD
DEVELOPMENT_2024_2025:301052.SZ-001,DEVELOPMENT_2024_2025,301052.SZ,2025-06-10,2025,L_SUPPORT_HELD,L_SUPPORT_BROKEN
DEVELOPMENT_2024_2025:301083.SZ-001,DEVELOPMENT_2024_2025,301083.SZ,2025-11-05,2025,L_SUPPORT_BROKEN,L_SUPPORT_BROKEN
DEVELOPMENT_2024_2025:301093.SZ-001,DEVELOPMENT_2024_2025,301093.SZ,2025-06-23,2025,L_SUPPORT_BROKEN,L_SUPPORT_BROKEN
DEVELOPMENT_2024_2025:301096.SZ-001,DEVELOPMENT_2024_2025,301096.SZ,2025-07-30,2025,L_SUPPORT_BROKEN,L_SUPPORT_HELD
DEVELOPMENT_2024_2025:301096.SZ-002,DEVELOPMENT_2024_2025,301096.SZ,2025-11-03,2025,L_SUPPORT_BROKEN,L_SUPPORT_BROKEN
DEVELOPMENT_2024_2025:301141.SZ-001,DEVELOPMENT_2024_2025,301141.SZ,2025-06-04,2025,L_SUPPORT_HELD,L_SUPPORT_HELD
DEVELOPMENT_2024_2025:301165.SZ-001,DEVELOPMENT_2024_2025,301165.SZ,2025-06-24,2025,L_SUPPORT_BROKEN,L_SUPPORT_HELD
DEVELOPMENT_2024_2025:301182.SZ-001,DEVELOPMENT_2024_2025,301182.SZ,2025-09-03,2025,L_SUPPORT_HELD,L_SUPPORT_BROKEN
DEVELOPMENT_2024_2025:301188.SZ-001,DEVELOPMENT_2024_2025,301188.SZ,2025-05-19,2025,L_SUPPORT_BROKEN,L_SUPPORT_HELD
DEVELOPMENT_2024_2025:301213.SZ-001,DEVELOPMENT_2024_2025,301213.SZ,2024-12-20,2024,L_SUPPORT_HELD,L_SUPPORT_HELD
DEVELOPMENT_2024_2025:301213.SZ-002,DEVELOPMENT_2024_2025,301213.SZ,2025-02-17,2025,L_SUPPORT_BROKEN,L_SUPPORT_HELD
DEVELOPMENT_2024_2025:301217.SZ-001,DEVELOPMENT_2024_2025,301217.SZ,2025-03-14,2025,L_SUPPORT_HELD,L_SUPPORT_HELD
DEVELOPMENT_2024_2025:301230.SZ-001,DEVELOPMENT_2024_2025,301230.SZ,2024-12-06,2024,L_SUPPORT_HELD,L_SUPPORT_HELD
DEVELOPMENT_2024_2025:301238.SZ-001,DEVELOPMENT_2024_2025,301238.SZ,2025-06-23,2025,L_SUPPORT_HELD,L_SUPPORT_HELD
DEVELOPMENT_2024_2025:301285.SZ-001,DEVELOPMENT_2024_2025,301285.SZ,2025-10-29,2025,L_SUPPORT_BROKEN,L_SUPPORT_BROKEN
DEVELOPMENT_2024_2025:301301.SZ-001,DEVELOPMENT_2024_2025,301301.SZ,2024-04-29,2024,L_SUPPORT_BROKEN,L_SUPPORT_HELD
DEVELOPMENT_2024_2025:301301.SZ-002,DEVELOPMENT_2024_2025,301301.SZ,2025-05-15,2025,L_SUPPORT_BROKEN,L_SUPPORT_BROKEN
DEVELOPMENT_2024_2025:301361.SZ-001,DEVELOPMENT_2024_2025,301361.SZ,2025-02-12,2025,L_SUPPORT_HELD,L_SUPPORT_HELD
DEVELOPMENT_2024_2025:301498.SZ-001,DEVELOPMENT_2024_2025,301498.SZ,2024-12-02,2024,L_SUPPORT_BROKEN,L_SUPPORT_HELD
DEVELOPMENT_2024_2025:301498.SZ-002,DEVELOPMENT_2024_2025,301498.SZ,2024-12-20,2024,L_SUPPORT_BROKEN,L_SUPPORT_HELD
DEVELOPMENT_2024_2025:301577.SZ-001,DEVELOPMENT_2024_2025,301577.SZ,2025-11-04,2025,L_SUPPORT_BROKEN,L_SUPPORT_BROKEN
DEVELOPMENT_2024_2025:301611.SZ-001,DEVELOPMENT_2024_2025,301611.SZ,2025-09-24,2025,L_SUPPORT_BROKEN,L_SUPPORT_HELD
EXTENDED_2018_2021:300001.SZ-001,EXTENDED_2018_2021,300001.SZ,2020-06-12,2020,L_SUPPORT_BROKEN,L_SUPPORT_BROKEN
EXTENDED_2018_2021:300002.SZ-001,EXTENDED_2018_2021,300002.SZ,2021-11-17,2021,L_SUPPORT_BROKEN,L_SUPPORT_BROKEN
EXTENDED_2018_2021:300002.SZ-002,EXTENDED_2018_2021,300002.SZ,2021-12-14,2021,L_SUPPORT_BROKEN,L_SUPPORT_HELD
EXTENDED_2018_2021:300007.SZ-001,EXTENDED_2018_2021,300007.SZ,2020-06-16,2020,L_SUPPORT_HELD,L_SUPPORT_HELD
EXTENDED_2018_2021:300009.SZ-001,EXTENDED_2018_2021,300009.SZ,2021-04-08,2021,L_SUPPORT_BROKEN,L_SUPPORT_BROKEN
EXTENDED_2018_2021:300010.SZ-001,EXTENDED_2018_2021,300010.SZ,2019-10-28,2019,L_SUPPORT_BROKEN,L_SUPPORT_HELD
EXTENDED_2018_2021:300012.SZ-001,EXTENDED_2018_2021,300012.SZ,2019-02-11,2019,L_SUPPORT_BROKEN,L_SUPPORT_BROKEN
EXTENDED_2018_2021:300012.SZ-002,EXTENDED_2018_2021,300012.SZ,2021-01-07,2021,L_SUPPORT_BROKEN,L_SUPPORT_BROKEN
EXTENDED_2018_2021:300014.SZ-001,EXTENDED_2018_2021,300014.SZ,2018-05-11,2018,L_SUPPORT_BROKEN,L_SUPPORT_HELD
EXTENDED_2018_2021:300015.SZ-001,EXTENDED_2018_2021,300015.SZ,2019-08-28,2019,L_SUPPORT_HELD,L_SUPPORT_HELD
EXTENDED_2018_2021:300015.SZ-002,EXTENDED_2018_2021,300015.SZ,2020-12-25,2020,L_SUPPORT_BROKEN,L_SUPPORT_BROKEN
EXTENDED_2018_2021:300015.SZ-003,EXTENDED_2018_2021,300015.SZ,2020-12-30,2020,L_SUPPORT_BROKEN,L_SUPPORT_BROKEN
EXTENDED_2018_2021:300017.SZ-001,EXTENDED_2018_2021,300017.SZ,2021-09-15,2021,L_SUPPORT_BROKEN,L_SUPPORT_HELD
EXTENDED_2018_2021:300020.SZ-001,EXTENDED_2018_2021,300020.SZ,2019-08-19,2019,L_SUPPORT_BROKEN,L_SUPPORT_BROKEN
EXTENDED_2018_2021:300020.SZ-002,EXTENDED_2018_2021,300020.SZ,2020-06-15,2020,L_SUPPORT_HELD,L_SUPPORT_HELD
EXTENDED_2018_2021:300027.SZ-001,EXTENDED_2018_2021,300027.SZ,2019-02-25,2019,L_SUPPORT_BROKEN,L_SUPPORT_BROKEN
EXTENDED_2018_2021:300033.SZ-001,EXTENDED_2018_2021,300033.SZ,2019-02-11,2019,L_SUPPORT_BROKEN,L_SUPPORT_BROKEN
EXTENDED_2018_2021:300034.SZ-001,EXTENDED_2018_2021,300034.SZ,2019-08-30,2019,L_SUPPORT_BROKEN,L_SUPPORT_HELD
EXTENDED_2018_2021:300036.SZ-001,EXTENDED_2018_2021,300036.SZ,2019-12-10,2019,L_SUPPORT_BROKEN,L_SUPPORT_BROKEN
EXTENDED_2018_2021:300037.SZ-001,EXTENDED_2018_2021,300037.SZ,2019-02-14,2019,L_SUPPORT_BROKEN,L_SUPPORT_BROKEN
EXTENDED_2018_2021:300037.SZ-002,EXTENDED_2018_2021,300037.SZ,2019-11-07,2019,L_SUPPORT_BROKEN,L_SUPPORT_BROKEN
EXTENDED_2018_2021:300037.SZ-003,EXTENDED_2018_2021,300037.SZ,2020-06-16,2020,L_SUPPORT_HELD,L_SUPPORT_HELD
EXTENDED_2018_2021:300041.SZ-001,EXTENDED_2018_2021,300041.SZ,2019-11-20,2019,L_SUPPORT_BROKEN,L_SUPPORT_BROKEN
EXTENDED_2018_2021:300042.SZ-001,EXTENDED_2018_2021,300042.SZ,2021-04-16,2021,L_SUPPORT_BROKEN,L_SUPPORT_BROKEN
EXTENDED_2018_2021:300044.SZ-001,EXTENDED_2018_2021,300044.SZ,2020-08-06,2020,L_SUPPORT_HELD,L_SUPPORT_HELD
EXTENDED_2018_2021:300044.SZ-002,EXTENDED_2018_2021,300044.SZ,2020-08-27,2020,L_SUPPORT_BROKEN,L_SUPPORT_HELD
EXTENDED_2018_2021:300046.SZ-001,EXTENDED_2018_2021,300046.SZ,2021-11-22,2021,L_SUPPORT_BROKEN,L_SUPPORT_BROKEN
EXTENDED_2018_2021:300048.SZ-001,EXTENDED_2018_2021,300048.SZ,2021-11-04,2021,L_SUPPORT_HELD,L_SUPPORT_HELD
EXTENDED_2018_2021:300059.SZ-001,EXTENDED_2018_2021,300059.SZ,2020-06-16,2020,L_SUPPORT_HELD,L_SUPPORT_HELD
EXTENDED_2018_2021:300059.SZ-002,EXTENDED_2018_2021,300059.SZ,2021-09-08,2021,L_SUPPORT_BROKEN,L_SUPPORT_BROKEN
EXTENDED_2018_2021:300059.SZ-003,EXTENDED_2018_2021,300059.SZ,2021-12-14,2021,L_SUPPORT_BROKEN,L_SUPPORT_BROKEN
EXTENDED_2018_2021:300065.SZ-001,EXTENDED_2018_2021,300065.SZ,2021-07-19,2021,L_SUPPORT_HELD,L_SUPPORT_HELD
EXTENDED_2018_2021:300066.SZ-001,EXTENDED_2018_2021,300066.SZ,2020-02-20,2020,L_SUPPORT_BROKEN,L_SUPPORT_BROKEN
EXTENDED_2018_2021:300068.SZ-001,EXTENDED_2018_2021,300068.SZ,2018-03-13,2018,L_SUPPORT_BROKEN,L_SUPPORT_HELD
EXTENDED_2018_2021:300068.SZ-002,EXTENDED_2018_2021,300068.SZ,2019-03-15,2019,L_SUPPORT_HELD,L_SUPPORT_HELD
EXTENDED_2018_2021:300075.SZ-001,EXTENDED_2018_2021,300075.SZ,2020-09-08,2020,L_SUPPORT_BROKEN,L_SUPPORT_BROKEN
EXTENDED_2018_2021:300075.SZ-002,EXTENDED_2018_2021,300075.SZ,2021-11-15,2021,L_SUPPORT_HELD,L_SUPPORT_HELD
EXTENDED_2018_2021:300079.SZ-001,EXTENDED_2018_2021,300079.SZ,2019-02-14,2019,L_SUPPORT_BROKEN,L_SUPPORT_HELD
EXTENDED_2018_2021:300085.SZ-001,EXTENDED_2018_2021,300085.SZ,2021-04-27,2021,L_SUPPORT_HELD,L_SUPPORT_HELD
EXTENDED_2018_2021:300088.SZ-001,EXTENDED_2018_2021,300088.SZ,2020-06-16,2020,L_SUPPORT_BROKEN,L_SUPPORT_HELD
EXTENDED_2018_2021:300088.SZ-002,EXTENDED_2018_2021,300088.SZ,2021-07-16,2021,L_SUPPORT_HELD,L_SUPPORT_HELD
EXTENDED_2018_2021:300094.SZ-001,EXTENDED_2018_2021,300094.SZ,2021-08-12,2021,L_SUPPORT_HELD,L_SUPPORT_HELD
EXTENDED_2018_2021:300101.SZ-001,EXTENDED_2018_2021,300101.SZ,2021-05-27,2021,L_SUPPORT_HELD,L_SUPPORT_HELD
EXTENDED_2018_2021:300102.SZ-001,EXTENDED_2018_2021,300102.SZ,2021-05-12,2021,L_SUPPORT_BROKEN,L_SUPPORT_BROKEN
EXTENDED_2018_2021:300107.SZ-001,EXTENDED_2018_2021,300107.SZ,2019-02-25,2019,L_SUPPORT_HELD,L_SUPPORT_HELD
EXTENDED_2018_2021:300110.SZ-001,EXTENDED_2018_2021,300110.SZ,2020-08-27,2020,L_SUPPORT_HELD,L_SUPPORT_HELD
EXTENDED_2018_2021:300115.SZ-001,EXTENDED_2018_2021,300115.SZ,2020-02-18,2020,L_SUPPORT_BROKEN,L_SUPPORT_HELD
EXTENDED_2018_2021:300119.SZ-001,EXTENDED_2018_2021,300119.SZ,2021-04-29,2021,L_SUPPORT_HELD,L_SUPPORT_HELD
EXTENDED_2018_2021:300122.SZ-001,EXTENDED_2018_2021,300122.SZ,2018-01-09,2018,L_SUPPORT_HELD,L_SUPPORT_HELD
EXTENDED_2018_2021:300124.SZ-001,EXTENDED_2018_2021,300124.SZ,2020-10-09,2020,L_SUPPORT_BROKEN,L_SUPPORT_BROKEN
EXTENDED_2018_2021:300131.SZ-001,EXTENDED_2018_2021,300131.SZ,2019-08-27,2019,L_SUPPORT_BROKEN,L_SUPPORT_BROKEN
EXTENDED_2018_2021:300136.SZ-001,EXTENDED_2018_2021,300136.SZ,2019-12-30,2019,L_SUPPORT_HELD,L_SUPPORT_HELD
EXTENDED_2018_2021:300137.SZ-001,EXTENDED_2018_2021,300137.SZ,2018-05-18,2018,L_SUPPORT_BROKEN,L_SUPPORT_BROKEN
EXTENDED_2018_2021:300141.SZ-001,EXTENDED_2018_2021,300141.SZ,2021-07-14,2021,L_SUPPORT_BROKEN,L_SUPPORT_HELD
EXTENDED_2018_2021:300142.SZ-001,EXTENDED_2018_2021,300142.SZ,2019-02-25,2019,L_SUPPORT_BROKEN,L_SUPPORT_BROKEN
EXTENDED_2018_2021:300142.SZ-002,EXTENDED_2018_2021,300142.SZ,2019-11-06,2019,L_SUPPORT_BROKEN,L_SUPPORT_BROKEN
EXTENDED_2018_2021:300144.SZ-001,EXTENDED_2018_2021,300144.SZ,2018-03-07,2018,L_SUPPORT_HELD,L_SUPPORT_HELD
EXTENDED_2018_2021:300144.SZ-002,EXTENDED_2018_2021,300144.SZ,2019-08-30,2019,L_SUPPORT_BROKEN,L_SUPPORT_BROKEN
EXTENDED_2018_2021:300146.SZ-001,EXTENDED_2018_2021,300146.SZ,2020-04-27,2020,L_SUPPORT_HELD,L_SUPPORT_HELD
EXTENDED_2018_2021:300151.SZ-001,EXTENDED_2018_2021,300151.SZ,2021-04-28,2021,L_SUPPORT_BROKEN,L_SUPPORT_HELD
EXTENDED_2018_2021:300158.SZ-001,EXTENDED_2018_2021,300158.SZ,2018-03-09,2018,L_SUPPORT_BROKEN,L_SUPPORT_BROKEN
EXTENDED_2018_2021:300161.SZ-001,EXTENDED_2018_2021,300161.SZ,2021-12-16,2021,L_SUPPORT_HELD,L_SUPPORT_HELD
EXTENDED_2018_2021:300162.SZ-001,EXTENDED_2018_2021,300162.SZ,2021-07-14,2021,L_SUPPORT_BROKEN,L_SUPPORT_HELD
EXTENDED_2018_2021:300166.SZ-001,EXTENDED_2018_2021,300166.SZ,2021-11-19,2021,L_SUPPORT_BROKEN,L_SUPPORT_BROKEN
EXTENDED_2018_2021:300171.SZ-001,EXTENDED_2018_2021,300171.SZ,2021-02-10,2021,L_SUPPORT_BROKEN,L_SUPPORT_HELD
EXTENDED_2018_2021:300177.SZ-001,EXTENDED_2018_2021,300177.SZ,2020-10-16,2020,L_SUPPORT_HELD,L_SUPPORT_HELD
EXTENDED_2018_2021:300184.SZ-001,EXTENDED_2018_2021,300184.SZ,2021-10-15,2021,L_SUPPORT_HELD,L_SUPPORT_HELD
EXTENDED_2018_2021:300188.SZ-001,EXTENDED_2018_2021,300188.SZ,2018-08-29,2018,L_SUPPORT_BROKEN,L_SUPPORT_BROKEN
EXTENDED_2018_2021:300194.SZ-001,EXTENDED_2018_2021,300194.SZ,2020-09-02,2020,L_SUPPORT_HELD,L_SUPPORT_HELD
EXTENDED_2018_2021:300212.SZ-001,EXTENDED_2018_2021,300212.SZ,2019-02-25,2019,L_SUPPORT_BROKEN,L_SUPPORT_BROKEN
EXTENDED_2018_2021:300226.SZ-001,EXTENDED_2018_2021,300226.SZ,2020-06-17,2020,L_SUPPORT_BROKEN,L_SUPPORT_BROKEN
EXTENDED_2018_2021:300227.SZ-001,EXTENDED_2018_2021,300227.SZ,2020-06-08,2020,L_SUPPORT_HELD,L_SUPPORT_HELD
EXTENDED_2018_2021:300232.SZ-001,EXTENDED_2018_2021,300232.SZ,2019-12-16,2019,L_SUPPORT_BROKEN,L_SUPPORT_HELD
EXTENDED_2018_2021:300241.SZ-001,EXTENDED_2018_2021,300241.SZ,2021-06-30,2021,L_SUPPORT_BROKEN,L_SUPPORT_BROKEN
EXTENDED_2018_2021:300251.SZ-001,EXTENDED_2018_2021,300251.SZ,2019-11-14,2019,L_SUPPORT_BROKEN,L_SUPPORT_HELD
EXTENDED_2018_2021:300251.SZ-002,EXTENDED_2018_2021,300251.SZ,2021-11-24,2021,L_SUPPORT_BROKEN,L_SUPPORT_BROKEN
EXTENDED_2018_2021:300271.SZ-001,EXTENDED_2018_2021,300271.SZ,2019-02-11,2019,L_SUPPORT_BROKEN,L_SUPPORT_HELD
EXTENDED_2018_2021:300271.SZ-002,EXTENDED_2018_2021,300271.SZ,2019-10-28,2019,L_SUPPORT_BROKEN,L_SUPPORT_HELD
EXTENDED_2018_2021:300271.SZ-003,EXTENDED_2018_2021,300271.SZ,2019-11-19,2019,L_SUPPORT_BROKEN,L_SUPPORT_HELD
EXTENDED_2018_2021:300271.SZ-004,EXTENDED_2018_2021,300271.SZ,2019-12-05,2019,L_SUPPORT_HELD,L_SUPPORT_HELD
EXTENDED_2018_2021:300271.SZ-005,EXTENDED_2018_2021,300271.SZ,2020-12-04,2020,L_SUPPORT_HELD,L_SUPPORT_HELD
EXTENDED_2018_2021:300274.SZ-001,EXTENDED_2018_2021,300274.SZ,2019-04-17,2019,L_SUPPORT_BROKEN,L_SUPPORT_BROKEN
EXTENDED_2018_2021:300284.SZ-001,EXTENDED_2018_2021,300284.SZ,2020-08-10,2020,L_SUPPORT_HELD,L_SUPPORT_HELD
EXTENDED_2018_2021:300285.SZ-001,EXTENDED_2018_2021,300285.SZ,2020-12-21,2020,L_SUPPORT_BROKEN,L_SUPPORT_BROKEN
EXTENDED_2018_2021:300287.SZ-001,EXTENDED_2018_2021,300287.SZ,2021-04-26,2021,L_SUPPORT_BROKEN,L_SUPPORT_HELD
EXTENDED_2018_2021:300288.SZ-001,EXTENDED_2018_2021,300288.SZ,2021-12-14,2021,L_SUPPORT_HELD,L_SUPPORT_HELD
EXTENDED_2018_2021:300303.SZ-001,EXTENDED_2018_2021,300303.SZ,2019-12-10,2019,L_SUPPORT_HELD,L_SUPPORT_HELD
EXTENDED_2018_2021:300308.SZ-001,EXTENDED_2018_2021,300308.SZ,2019-12-12,2019,L_SUPPORT_BROKEN,L_SUPPORT_HELD
EXTENDED_2018_2021:300308.SZ-002,EXTENDED_2018_2021,300308.SZ,2020-12-21,2020,L_SUPPORT_BROKEN,L_SUPPORT_BROKEN
EXTENDED_2018_2021:300310.SZ-001,EXTENDED_2018_2021,300310.SZ,2020-09-01,2020,L_SUPPORT_HELD,L_SUPPORT_HELD
EXTENDED_2018_2021:300316.SZ-001,EXTENDED_2018_2021,300316.SZ,2019-08-01,2019,L_SUPPORT_BROKEN,L_SUPPORT_BROKEN
EXTENDED_2018_2021:300323.SZ-001,EXTENDED_2018_2021,300323.SZ,2021-11-22,2021,L_SUPPORT_BROKEN,L_SUPPORT_BROKEN
EXTENDED_2018_2021:300324.SZ-001,EXTENDED_2018_2021,300324.SZ,2018-03-19,2018,L_SUPPORT_BROKEN,L_SUPPORT_BROKEN
EXTENDED_2018_2021:300327.SZ-001,EXTENDED_2018_2021,300327.SZ,2020-11-09,2020,L_SUPPORT_HELD,L_SUPPORT_HELD
EXTENDED_2018_2021:300347.SZ-001,EXTENDED_2018_2021,300347.SZ,2020-12-04,2020,L_SUPPORT_BROKEN,L_SUPPORT_HELD
EXTENDED_2018_2021:300348.SZ-001,EXTENDED_2018_2021,300348.SZ,2021-04-16,2021,L_SUPPORT_HELD,L_SUPPORT_HELD
EXTENDED_2018_2021:300349.SZ-001,EXTENDED_2018_2021,300349.SZ,2019-04-12,2019,L_SUPPORT_HELD,L_SUPPORT_HELD
EXTENDED_2018_2021:300349.SZ-002,EXTENDED_2018_2021,300349.SZ,2020-02-24,2020,L_SUPPORT_HELD,L_SUPPORT_HELD
EXTENDED_2018_2021:300353.SZ-001,EXTENDED_2018_2021,300353.SZ,2021-11-17,2021,L_SUPPORT_BROKEN,L_SUPPORT_BROKEN
EXTENDED_2018_2021:300357.SZ-001,EXTENDED_2018_2021,300357.SZ,2019-08-26,2019,L_SUPPORT_BROKEN,L_SUPPORT_BROKEN
EXTENDED_2018_2021:300357.SZ-002,EXTENDED_2018_2021,300357.SZ,2020-07-31,2020,L_SUPPORT_BROKEN,L_SUPPORT_BROKEN
EXTENDED_2018_2021:300377.SZ-001,EXTENDED_2018_2021,300377.SZ,2019-10-28,2019,L_SUPPORT_BROKEN,L_SUPPORT_HELD
EXTENDED_2018_2021:300383.SZ-001,EXTENDED_2018_2021,300383.SZ,2019-07-24,2019,L_SUPPORT_BROKEN,L_SUPPORT_BROKEN
EXTENDED_2018_2021:300390.SZ-001,EXTENDED_2018_2021,300390.SZ,2020-12-07,2020,L_SUPPORT_HELD,L_SUPPORT_HELD
EXTENDED_2018_2021:300390.SZ-002,EXTENDED_2018_2021,300390.SZ,2021-05-28,2021,L_SUPPORT_BROKEN,L_SUPPORT_BROKEN
EXTENDED_2018_2021:300393.SZ-001,EXTENDED_2018_2021,300393.SZ,2020-06-16,2020,L_SUPPORT_HELD,L_SUPPORT_HELD
EXTENDED_2018_2021:300394.SZ-001,EXTENDED_2018_2021,300394.SZ,2020-06-18,2020,L_SUPPORT_BROKEN,L_SUPPORT_HELD
EXTENDED_2018_2021:300394.SZ-002,EXTENDED_2018_2021,300394.SZ,2021-05-27,2021,L_SUPPORT_BROKEN,L_SUPPORT_HELD
EXTENDED_2018_2021:300396.SZ-001,EXTENDED_2018_2021,300396.SZ,2020-05-14,2020,L_SUPPORT_HELD,L_SUPPORT_HELD
EXTENDED_2018_2021:300398.SZ-001,EXTENDED_2018_2021,300398.SZ,2019-08-01,2019,L_SUPPORT_HELD,L_SUPPORT_HELD
EXTENDED_2018_2021:300401.SZ-001,EXTENDED_2018_2021,300401.SZ,2021-08-12,2021,L_SUPPORT_BROKEN,L_SUPPORT_BROKEN
EXTENDED_2018_2021:300406.SZ-001,EXTENDED_2018_2021,300406.SZ,2020-12-25,2020,L_SUPPORT_BROKEN,L_SUPPORT_HELD
EXTENDED_2018_2021:300408.SZ-001,EXTENDED_2018_2021,300408.SZ,2020-02-18,2020,L_SUPPORT_BROKEN,L_SUPPORT_BROKEN
EXTENDED_2018_2021:300408.SZ-002,EXTENDED_2018_2021,300408.SZ,2020-10-12,2020,L_SUPPORT_BROKEN,L_SUPPORT_BROKEN
EXTENDED_2018_2021:300408.SZ-003,EXTENDED_2018_2021,300408.SZ,2020-12-04,2020,L_SUPPORT_BROKEN,L_SUPPORT_BROKEN
EXTENDED_2018_2021:300408.SZ-004,EXTENDED_2018_2021,300408.SZ,2020-12-21,2020,L_SUPPORT_BROKEN,L_SUPPORT_BROKEN
EXTENDED_2018_2021:300409.SZ-001,EXTENDED_2018_2021,300409.SZ,2020-10-28,2020,L_SUPPORT_BROKEN,L_SUPPORT_BROKEN
EXTENDED_2018_2021:300413.SZ-001,EXTENDED_2018_2021,300413.SZ,2019-08-23,2019,L_SUPPORT_BROKEN,L_SUPPORT_BROKEN
EXTENDED_2018_2021:300418.SZ-001,EXTENDED_2018_2021,300418.SZ,2019-12-12,2019,L_SUPPORT_BROKEN,L_SUPPORT_HELD
EXTENDED_2018_2021:300422.SZ-001,EXTENDED_2018_2021,300422.SZ,2019-04-24,2019,L_SUPPORT_BROKEN,L_SUPPORT_HELD
EXTENDED_2018_2021:300429.SZ-001,EXTENDED_2018_2021,300429.SZ,2020-11-10,2020,L_SUPPORT_HELD,L_SUPPORT_HELD
EXTENDED_2018_2021:300432.SZ-001,EXTENDED_2018_2021,300432.SZ,2021-05-19,2021,L_SUPPORT_BROKEN,L_SUPPORT_BROKEN
EXTENDED_2018_2021:300441.SZ-001,EXTENDED_2018_2021,300441.SZ,2021-07-19,2021,L_SUPPORT_BROKEN,L_SUPPORT_BROKEN
EXTENDED_2018_2021:300451.SZ-001,EXTENDED_2018_2021,300451.SZ,2019-11-07,2019,L_SUPPORT_BROKEN,L_SUPPORT_BROKEN
EXTENDED_2018_2021:300451.SZ-002,EXTENDED_2018_2021,300451.SZ,2019-12-17,2019,L_SUPPORT_HELD,L_SUPPORT_HELD
EXTENDED_2018_2021:300452.SZ-001,EXTENDED_2018_2021,300452.SZ,2020-08-25,2020,L_SUPPORT_BROKEN,L_SUPPORT_BROKEN
EXTENDED_2018_2021:300453.SZ-001,EXTENDED_2018_2021,300453.SZ,2021-04-27,2021,L_SUPPORT_HELD,L_SUPPORT_HELD
EXTENDED_2018_2021:300454.SZ-001,EXTENDED_2018_2021,300454.SZ,2019-11-04,2019,L_SUPPORT_BROKEN,L_SUPPORT_BROKEN
EXTENDED_2018_2021:300457.SZ-001,EXTENDED_2018_2021,300457.SZ,2019-07-02,2019,L_SUPPORT_BROKEN,L_SUPPORT_BROKEN
EXTENDED_2018_2021:300458.SZ-001,EXTENDED_2018_2021,300458.SZ,2019-09-02,2019,L_SUPPORT_BROKEN,L_SUPPORT_BROKEN
EXTENDED_2018_2021:300458.SZ-002,EXTENDED_2018_2021,300458.SZ,2019-12-06,2019,L_SUPPORT_HELD,L_SUPPORT_HELD
EXTENDED_2018_2021:300458.SZ-003,EXTENDED_2018_2021,300458.SZ,2020-02-18,2020,L_SUPPORT_BROKEN,L_SUPPORT_BROKEN
EXTENDED_2018_2021:300458.SZ-004,EXTENDED_2018_2021,300458.SZ,2021-03-31,2021,L_SUPPORT_HELD,L_SUPPORT_BROKEN
EXTENDED_2018_2021:300468.SZ-001,EXTENDED_2018_2021,300468.SZ,2021-11-26,2021,L_SUPPORT_HELD,L_SUPPORT_HELD
EXTENDED_2018_2021:300474.SZ-001,EXTENDED_2018_2021,300474.SZ,2019-08-28,2019,L_SUPPORT_BROKEN,L_SUPPORT_BROKEN
EXTENDED_2018_2021:300476.SZ-001,EXTENDED_2018_2021,300476.SZ,2020-12-04,2020,L_SUPPORT_BROKEN,L_SUPPORT_HELD
EXTENDED_2018_2021:300494.SZ-001,EXTENDED_2018_2021,300494.SZ,2020-06-11,2020,L_SUPPORT_HELD,L_SUPPORT_HELD
EXTENDED_2018_2021:300496.SZ-001,EXTENDED_2018_2021,300496.SZ,2019-01-14,2019,L_SUPPORT_BROKEN,L_SUPPORT_BROKEN
EXTENDED_2018_2021:300498.SZ-001,EXTENDED_2018_2021,300498.SZ,2018-05-17,2018,L_SUPPORT_HELD,L_SUPPORT_HELD
EXTENDED_2018_2021:300498.SZ-002,EXTENDED_2018_2021,300498.SZ,2018-09-26,2018,L_SUPPORT_BROKEN,L_SUPPORT_HELD
EXTENDED_2018_2021:300498.SZ-003,EXTENDED_2018_2021,300498.SZ,2018-12-05,2018,L_SUPPORT_HELD,L_SUPPORT_HELD
EXTENDED_2018_2021:300498.SZ-004,EXTENDED_2018_2021,300498.SZ,2019-01-07,2019,L_SUPPORT_HELD,L_SUPPORT_HELD
EXTENDED_2018_2021:300498.SZ-005,EXTENDED_2018_2021,300498.SZ,2019-08-01,2019,L_SUPPORT_BROKEN,L_SUPPORT_BROKEN
EXTENDED_2018_2021:300502.SZ-001,EXTENDED_2018_2021,300502.SZ,2019-12-17,2019,L_SUPPORT_BROKEN,L_SUPPORT_HELD
EXTENDED_2018_2021:300503.SZ-001,EXTENDED_2018_2021,300503.SZ,2020-10-26,2020,L_SUPPORT_BROKEN,L_SUPPORT_BROKEN
EXTENDED_2018_2021:300520.SZ-001,EXTENDED_2018_2021,300520.SZ,2020-10-09,2020,L_SUPPORT_BROKEN,L_SUPPORT_BROKEN
EXTENDED_2018_2021:300529.SZ-001,EXTENDED_2018_2021,300529.SZ,2020-08-28,2020,L_SUPPORT_BROKEN,L_SUPPORT_BROKEN
EXTENDED_2018_2021:300531.SZ-001,EXTENDED_2018_2021,300531.SZ,2021-04-16,2021,L_SUPPORT_BROKEN,L_SUPPORT_BROKEN
EXTENDED_2018_2021:300531.SZ-002,EXTENDED_2018_2021,300531.SZ,2021-12-14,2021,L_SUPPORT_BROKEN,L_SUPPORT_BROKEN
EXTENDED_2018_2021:300538.SZ-001,EXTENDED_2018_2021,300538.SZ,2021-08-25,2021,L_SUPPORT_HELD,L_SUPPORT_HELD
EXTENDED_2018_2021:300541.SZ-001,EXTENDED_2018_2021,300541.SZ,2021-04-20,2021,L_SUPPORT_BROKEN,L_SUPPORT_BROKEN
EXTENDED_2018_2021:300558.SZ-001,EXTENDED_2018_2021,300558.SZ,2020-02-20,2020,L_SUPPORT_BROKEN,L_SUPPORT_BROKEN
EXTENDED_2018_2021:300570.SZ-001,EXTENDED_2018_2021,300570.SZ,2019-01-24,2019,L_SUPPORT_BROKEN,L_SUPPORT_HELD
EXTENDED_2018_2021:300586.SZ-001,EXTENDED_2018_2021,300586.SZ,2020-10-28,2020,L_SUPPORT_HELD,L_SUPPORT_HELD
EXTENDED_2018_2021:300587.SZ-001,EXTENDED_2018_2021,300587.SZ,2021-05-12,2021,L_SUPPORT_BROKEN,L_SUPPORT_BROKEN
EXTENDED_2018_2021:300593.SZ-001,EXTENDED_2018_2021,300593.SZ,2020-09-07,2020,L_SUPPORT_BROKEN,L_SUPPORT_BROKEN
EXTENDED_2018_2021:300595.SZ-001,EXTENDED_2018_2021,300595.SZ,2019-05-29,2019,L_SUPPORT_BROKEN,L_SUPPORT_BROKEN
EXTENDED_2018_2021:300595.SZ-002,EXTENDED_2018_2021,300595.SZ,2020-09-03,2020,L_SUPPORT_HELD,L_SUPPORT_HELD
EXTENDED_2018_2021:300595.SZ-003,EXTENDED_2018_2021,300595.SZ,2020-12-07,2020,L_SUPPORT_BROKEN,L_SUPPORT_HELD
EXTENDED_2018_2021:300601.SZ-001,EXTENDED_2018_2021,300601.SZ,2020-06-23,2020,L_SUPPORT_BROKEN,L_SUPPORT_BROKEN
EXTENDED_2018_2021:300602.SZ-001,EXTENDED_2018_2021,300602.SZ,2019-11-08,2019,L_SUPPORT_BROKEN,L_SUPPORT_BROKEN
EXTENDED_2018_2021:300602.SZ-002,EXTENDED_2018_2021,300602.SZ,2019-11-19,2019,L_SUPPORT_BROKEN,L_SUPPORT_BROKEN
EXTENDED_2018_2021:300623.SZ-001,EXTENDED_2018_2021,300623.SZ,2021-05-25,2021,L_SUPPORT_BROKEN,L_SUPPORT_BROKEN
EXTENDED_2018_2021:300627.SZ-001,EXTENDED_2018_2021,300627.SZ,2021-08-02,2021,L_SUPPORT_BROKEN,L_SUPPORT_BROKEN
EXTENDED_2018_2021:300631.SZ-001,EXTENDED_2018_2021,300631.SZ,2020-10-28,2020,L_SUPPORT_HELD,L_SUPPORT_HELD
EXTENDED_2018_2021:300632.SZ-001,EXTENDED_2018_2021,300632.SZ,2019-10-25,2019,L_SUPPORT_BROKEN,L_SUPPORT_BROKEN
EXTENDED_2018_2021:300633.SZ-001,EXTENDED_2018_2021,300633.SZ,2020-05-08,2020,L_SUPPORT_HELD,L_SUPPORT_HELD
EXTENDED_2018_2021:300638.SZ-001,EXTENDED_2018_2021,300638.SZ,2021-05-25,2021,L_SUPPORT_BROKEN,L_SUPPORT_BROKEN
EXTENDED_2018_2021:300655.SZ-001,EXTENDED_2018_2021,300655.SZ,2021-05-27,2021,L_SUPPORT_HELD,L_SUPPORT_BROKEN
EXTENDED_2018_2021:300661.SZ-001,EXTENDED_2018_2021,300661.SZ,2021-11-11,2021,L_SUPPORT_BROKEN,L_SUPPORT_BROKEN
EXTENDED_2018_2021:300663.SZ-001,EXTENDED_2018_2021,300663.SZ,2021-12-14,2021,L_SUPPORT_HELD,L_SUPPORT_HELD
EXTENDED_2018_2021:300674.SZ-001,EXTENDED_2018_2021,300674.SZ,2021-04-16,2021,L_SUPPORT_HELD,L_SUPPORT_HELD
EXTENDED_2018_2021:300674.SZ-002,EXTENDED_2018_2021,300674.SZ,2021-11-23,2021,L_SUPPORT_HELD,L_SUPPORT_HELD
EXTENDED_2018_2021:300679.SZ-001,EXTENDED_2018_2021,300679.SZ,2020-02-24,2020,L_SUPPORT_BROKEN,L_SUPPORT_BROKEN
EXTENDED_2018_2021:300687.SZ-001,EXTENDED_2018_2021,300687.SZ,2021-05-31,2021,L_SUPPORT_BROKEN,L_SUPPORT_BROKEN
EXTENDED_2018_2021:300699.SZ-001,EXTENDED_2018_2021,300699.SZ,2019-08-22,2019,L_SUPPORT_HELD,L_SUPPORT_HELD
EXTENDED_2018_2021:300699.SZ-002,EXTENDED_2018_2021,300699.SZ,2019-12-13,2019,L_SUPPORT_BROKEN,L_SUPPORT_BROKEN
EXTENDED_2018_2021:300702.SZ-001,EXTENDED_2018_2021,300702.SZ,2020-02-21,2020,L_SUPPORT_HELD,L_SUPPORT_HELD
EXTENDED_2018_2021:300702.SZ-002,EXTENDED_2018_2021,300702.SZ,2020-08-28,2020,L_SUPPORT_HELD,L_SUPPORT_HELD
EXTENDED_2018_2021:300715.SZ-001,EXTENDED_2018_2021,300715.SZ,2021-04-07,2021,L_SUPPORT_HELD,L_SUPPORT_BROKEN
EXTENDED_2018_2021:300725.SZ-001,EXTENDED_2018_2021,300725.SZ,2020-08-27,2020,L_SUPPORT_HELD,L_SUPPORT_HELD
EXTENDED_2018_2021:300732.SZ-001,EXTENDED_2018_2021,300732.SZ,2020-10-28,2020,L_SUPPORT_HELD,L_SUPPORT_HELD
EXTENDED_2018_2021:300745.SZ-001,EXTENDED_2018_2021,300745.SZ,2019-04-17,2019,L_SUPPORT_HELD,L_SUPPORT_HELD
EXTENDED_2018_2021:300750.SZ-001,EXTENDED_2018_2021,300750.SZ,2020-10-09,2020,L_SUPPORT_HELD,L_SUPPORT_HELD
EXTENDED_2018_2021:300750.SZ-002,EXTENDED_2018_2021,300750.SZ,2020-12-15,2020,L_SUPPORT_BROKEN,L_SUPPORT_HELD
EXTENDED_2018_2021:300767.SZ-001,EXTENDED_2018_2021,300767.SZ,2021-01-07,2021,L_SUPPORT_HELD,L_SUPPORT_HELD
EXTENDED_2018_2021:300770.SZ-001,EXTENDED_2018_2021,300770.SZ,2020-05-19,2020,L_SUPPORT_BROKEN,L_SUPPORT_BROKEN
EXTENDED_2018_2021:300772.SZ-001,EXTENDED_2018_2021,300772.SZ,2020-12-21,2020,L_SUPPORT_BROKEN,L_SUPPORT_HELD
EXTENDED_2018_2021:300773.SZ-001,EXTENDED_2018_2021,300773.SZ,2021-04-16,2021,L_SUPPORT_BROKEN,L_SUPPORT_BROKEN
EXTENDED_2018_2021:300777.SZ-001,EXTENDED_2018_2021,300777.SZ,2020-02-21,2020,L_SUPPORT_BROKEN,L_SUPPORT_BROKEN
EXTENDED_2018_2021:300780.SZ-001,EXTENDED_2018_2021,300780.SZ,2021-11-01,2021,L_SUPPORT_HELD,L_SUPPORT_HELD
EXTENDED_2018_2021:300835.SZ-001,EXTENDED_2018_2021,300835.SZ,2021-04-14,2021,L_SUPPORT_BROKEN,L_SUPPORT_BROKEN
EXTENDED_2018_2021:300872.SZ-001,EXTENDED_2018_2021,300872.SZ,2021-12-14,2021,L_SUPPORT_BROKEN,L_SUPPORT_HELD
EXTENDED_2018_2021:300873.SZ-001,EXTENDED_2018_2021,300873.SZ,2021-11-19,2021,L_SUPPORT_BROKEN,L_SUPPORT_BROKEN
HOLDOUT_O0_2022_2023:300001.SZ-001,HOLDOUT_O0_2022_2023,300001.SZ,2022-12-15,2022,L_SUPPORT_BROKEN,L_SUPPORT_BROKEN
HOLDOUT_O0_2022_2023:300009.SZ-001,HOLDOUT_O0_2022_2023,300009.SZ,2022-07-04,2022,L_SUPPORT_BROKEN,L_SUPPORT_BROKEN
HOLDOUT_O0_2022_2023:300012.SZ-001,HOLDOUT_O0_2022_2023,300012.SZ,2022-06-24,2022,L_SUPPORT_HELD,L_SUPPORT_HELD
HOLDOUT_O0_2022_2023:300012.SZ-002,HOLDOUT_O0_2022_2023,300012.SZ,2023-01-05,2023,L_SUPPORT_BROKEN,L_SUPPORT_BROKEN
HOLDOUT_O0_2022_2023:300012.SZ-003,HOLDOUT_O0_2022_2023,300012.SZ,2023-08-07,2023,L_SUPPORT_HELD,L_SUPPORT_HELD
HOLDOUT_O0_2022_2023:300015.SZ-001,HOLDOUT_O0_2022_2023,300015.SZ,2022-06-08,2022,L_SUPPORT_BROKEN,L_SUPPORT_BROKEN
HOLDOUT_O0_2022_2023:300015.SZ-002,HOLDOUT_O0_2022_2023,300015.SZ,2023-01-05,2023,L_SUPPORT_BROKEN,L_SUPPORT_BROKEN
HOLDOUT_O0_2022_2023:300034.SZ-001,HOLDOUT_O0_2022_2023,300034.SZ,2023-07-03,2023,L_SUPPORT_BROKEN,L_SUPPORT_HELD
HOLDOUT_O0_2022_2023:300035.SZ-001,HOLDOUT_O0_2022_2023,300035.SZ,2022-08-15,2022,L_SUPPORT_BROKEN,L_SUPPORT_HELD
HOLDOUT_O0_2022_2023:300059.SZ-001,HOLDOUT_O0_2022_2023,300059.SZ,2022-05-20,2022,L_SUPPORT_BROKEN,L_SUPPORT_HELD
HOLDOUT_O0_2022_2023:300062.SZ-001,HOLDOUT_O0_2022_2023,300062.SZ,2023-07-13,2023,L_SUPPORT_BROKEN,L_SUPPORT_BROKEN
HOLDOUT_O0_2022_2023:300065.SZ-001,HOLDOUT_O0_2022_2023,300065.SZ,2022-07-20,2022,L_SUPPORT_HELD,L_SUPPORT_HELD
HOLDOUT_O0_2022_2023:300077.SZ-001,HOLDOUT_O0_2022_2023,300077.SZ,2023-03-23,2023,L_SUPPORT_HELD,L_SUPPORT_HELD
HOLDOUT_O0_2022_2023:300087.SZ-001,HOLDOUT_O0_2022_2023,300087.SZ,2023-02-07,2023,L_SUPPORT_BROKEN,L_SUPPORT_HELD
HOLDOUT_O0_2022_2023:300091.SZ-001,HOLDOUT_O0_2022_2023,300091.SZ,2022-08-17,2022,L_SUPPORT_BROKEN,L_SUPPORT_HELD
HOLDOUT_O0_2022_2023:300096.SZ-001,HOLDOUT_O0_2022_2023,300096.SZ,2023-11-06,2023,L_SUPPORT_HELD,L_SUPPORT_HELD
HOLDOUT_O0_2022_2023:300131.SZ-001,HOLDOUT_O0_2022_2023,300131.SZ,2023-03-24,2023,L_SUPPORT_BROKEN,L_SUPPORT_BROKEN
HOLDOUT_O0_2022_2023:300131.SZ-002,HOLDOUT_O0_2022_2023,300131.SZ,2023-11-07,2023,L_SUPPORT_BROKEN,L_SUPPORT_BROKEN
HOLDOUT_O0_2022_2023:300146.SZ-001,HOLDOUT_O0_2022_2023,300146.SZ,2022-06-28,2022,L_SUPPORT_BROKEN,L_SUPPORT_BROKEN
HOLDOUT_O0_2022_2023:300153.SZ-001,HOLDOUT_O0_2022_2023,300153.SZ,2022-08-17,2022,L_SUPPORT_HELD,L_SUPPORT_HELD
HOLDOUT_O0_2022_2023:300157.SZ-001,HOLDOUT_O0_2022_2023,300157.SZ,2023-11-08,2023,L_SUPPORT_BROKEN,L_SUPPORT_BROKEN
HOLDOUT_O0_2022_2023:300161.SZ-001,HOLDOUT_O0_2022_2023,300161.SZ,2023-03-23,2023,L_SUPPORT_BROKEN,L_SUPPORT_BROKEN
HOLDOUT_O0_2022_2023:300170.SZ-001,HOLDOUT_O0_2022_2023,300170.SZ,2023-01-20,2023,L_SUPPORT_BROKEN,L_SUPPORT_BROKEN
HOLDOUT_O0_2022_2023:300177.SZ-001,HOLDOUT_O0_2022_2023,300177.SZ,2023-10-13,2023,L_SUPPORT_BROKEN,L_SUPPORT_BROKEN
HOLDOUT_O0_2022_2023:300183.SZ-001,HOLDOUT_O0_2022_2023,300183.SZ,2023-04-19,2023,L_SUPPORT_BROKEN,L_SUPPORT_BROKEN
HOLDOUT_O0_2022_2023:300184.SZ-001,HOLDOUT_O0_2022_2023,300184.SZ,2022-06-30,2022,L_SUPPORT_BROKEN,L_SUPPORT_HELD
HOLDOUT_O0_2022_2023:300198.SZ-001,HOLDOUT_O0_2022_2023,300198.SZ,2022-08-01,2022,L_SUPPORT_BROKEN,L_SUPPORT_HELD
HOLDOUT_O0_2022_2023:300226.SZ-001,HOLDOUT_O0_2022_2023,300226.SZ,2023-03-22,2023,L_SUPPORT_BROKEN,L_SUPPORT_BROKEN
HOLDOUT_O0_2022_2023:300229.SZ-001,HOLDOUT_O0_2022_2023,300229.SZ,2022-06-24,2022,L_SUPPORT_BROKEN,L_SUPPORT_BROKEN
HOLDOUT_O0_2022_2023:300229.SZ-002,HOLDOUT_O0_2022_2023,300229.SZ,2023-01-30,2023,L_SUPPORT_HELD,L_SUPPORT_HELD
HOLDOUT_O0_2022_2023:300251.SZ-001,HOLDOUT_O0_2022_2023,300251.SZ,2022-08-17,2022,L_SUPPORT_BROKEN,L_SUPPORT_BROKEN
HOLDOUT_O0_2022_2023:300268.SZ-001,HOLDOUT_O0_2022_2023,300268.SZ,2022-07-11,2022,L_SUPPORT_BROKEN,L_SUPPORT_BROKEN
HOLDOUT_O0_2022_2023:300271.SZ-001,HOLDOUT_O0_2022_2023,300271.SZ,2023-01-20,2023,L_SUPPORT_HELD,L_SUPPORT_HELD
HOLDOUT_O0_2022_2023:300275.SZ-001,HOLDOUT_O0_2022_2023,300275.SZ,2023-06-19,2023,L_SUPPORT_BROKEN,L_SUPPORT_BROKEN
HOLDOUT_O0_2022_2023:300285.SZ-001,HOLDOUT_O0_2022_2023,300285.SZ,2023-01-16,2023,L_SUPPORT_HELD,L_SUPPORT_BROKEN
HOLDOUT_O0_2022_2023:300303.SZ-001,HOLDOUT_O0_2022_2023,300303.SZ,2023-06-14,2023,L_SUPPORT_BROKEN,L_SUPPORT_BROKEN
HOLDOUT_O0_2022_2023:300308.SZ-001,HOLDOUT_O0_2022_2023,300308.SZ,2022-08-11,2022,L_SUPPORT_BROKEN,L_SUPPORT_BROKEN
HOLDOUT_O0_2022_2023:300311.SZ-001,HOLDOUT_O0_2022_2023,300311.SZ,2023-03-28,2023,L_SUPPORT_BROKEN,L_SUPPORT_BROKEN
HOLDOUT_O0_2022_2023:300315.SZ-001,HOLDOUT_O0_2022_2023,300315.SZ,2022-11-18,2022,L_SUPPORT_BROKEN,L_SUPPORT_BROKEN
HOLDOUT_O0_2022_2023:300316.SZ-001,HOLDOUT_O0_2022_2023,300316.SZ,2023-05-19,2023,L_SUPPORT_BROKEN,L_SUPPORT_BROKEN
HOLDOUT_O0_2022_2023:300319.SZ-001,HOLDOUT_O0_2022_2023,300319.SZ,2022-08-01,2022,L_SUPPORT_BROKEN,L_SUPPORT_HELD
HOLDOUT_O0_2022_2023:300327.SZ-001,HOLDOUT_O0_2022_2023,300327.SZ,2022-05-25,2022,L_SUPPORT_HELD,L_SUPPORT_HELD
HOLDOUT_O0_2022_2023:300352.SZ-001,HOLDOUT_O0_2022_2023,300352.SZ,2023-11-22,2023,L_SUPPORT_BROKEN,L_SUPPORT_BROKEN
HOLDOUT_O0_2022_2023:300355.SZ-001,HOLDOUT_O0_2022_2023,300355.SZ,2023-11-07,2023,L_SUPPORT_BROKEN,L_SUPPORT_HELD
HOLDOUT_O0_2022_2023:300357.SZ-001,HOLDOUT_O0_2022_2023,300357.SZ,2023-01-13,2023,L_SUPPORT_HELD,L_SUPPORT_HELD
HOLDOUT_O0_2022_2023:300360.SZ-001,HOLDOUT_O0_2022_2023,300360.SZ,2022-08-15,2022,L_SUPPORT_HELD,L_SUPPORT_HELD
HOLDOUT_O0_2022_2023:300376.SZ-001,HOLDOUT_O0_2022_2023,300376.SZ,2022-08-17,2022,L_SUPPORT_HELD,L_SUPPORT_HELD
HOLDOUT_O0_2022_2023:300395.SZ-001,HOLDOUT_O0_2022_2023,300395.SZ,2023-06-30,2023,L_SUPPORT_BROKEN,L_SUPPORT_BROKEN
HOLDOUT_O0_2022_2023:300398.SZ-001,HOLDOUT_O0_2022_2023,300398.SZ,2023-03-27,2023,L_SUPPORT_BROKEN,L_SUPPORT_BROKEN
HOLDOUT_O0_2022_2023:300408.SZ-001,HOLDOUT_O0_2022_2023,300408.SZ,2023-01-09,2023,L_SUPPORT_BROKEN,L_SUPPORT_BROKEN
HOLDOUT_O0_2022_2023:300411.SZ-001,HOLDOUT_O0_2022_2023,300411.SZ,2022-07-14,2022,L_SUPPORT_HELD,L_SUPPORT_HELD
HOLDOUT_O0_2022_2023:300423.SZ-001,HOLDOUT_O0_2022_2023,300423.SZ,2023-07-14,2023,L_SUPPORT_BROKEN,L_SUPPORT_BROKEN
HOLDOUT_O0_2022_2023:300424.SZ-001,HOLDOUT_O0_2022_2023,300424.SZ,2023-05-31,2023,L_SUPPORT_BROKEN,L_SUPPORT_BROKEN
HOLDOUT_O0_2022_2023:300427.SZ-001,HOLDOUT_O0_2022_2023,300427.SZ,2022-07-20,2022,L_SUPPORT_HELD,L_SUPPORT_HELD
HOLDOUT_O0_2022_2023:300433.SZ-001,HOLDOUT_O0_2022_2023,300433.SZ,2022-07-08,2022,L_SUPPORT_BROKEN,L_SUPPORT_HELD
HOLDOUT_O0_2022_2023:300456.SZ-001,HOLDOUT_O0_2022_2023,300456.SZ,2023-06-30,2023,L_SUPPORT_BROKEN,L_SUPPORT_HELD
HOLDOUT_O0_2022_2023:300473.SZ-001,HOLDOUT_O0_2022_2023,300473.SZ,2023-11-07,2023,L_SUPPORT_BROKEN,L_SUPPORT_BROKEN
HOLDOUT_O0_2022_2023:300507.SZ-001,HOLDOUT_O0_2022_2023,300507.SZ,2023-11-07,2023,L_SUPPORT_BROKEN,L_SUPPORT_BROKEN
HOLDOUT_O0_2022_2023:300510.SZ-001,HOLDOUT_O0_2022_2023,300510.SZ,2023-10-11,2023,L_SUPPORT_BROKEN,L_SUPPORT_HELD
HOLDOUT_O0_2022_2023:300513.SZ-001,HOLDOUT_O0_2022_2023,300513.SZ,2023-02-15,2023,L_SUPPORT_HELD,L_SUPPORT_HELD
HOLDOUT_O0_2022_2023:300532.SZ-001,HOLDOUT_O0_2022_2023,300532.SZ,2022-08-15,2022,L_SUPPORT_HELD,L_SUPPORT_HELD
HOLDOUT_O0_2022_2023:300537.SZ-001,HOLDOUT_O0_2022_2023,300537.SZ,2023-01-12,2023,L_SUPPORT_BROKEN,L_SUPPORT_HELD
HOLDOUT_O0_2022_2023:300598.SZ-001,HOLDOUT_O0_2022_2023,300598.SZ,2022-07-19,2022,L_SUPPORT_HELD,L_SUPPORT_HELD
HOLDOUT_O0_2022_2023:300598.SZ-002,HOLDOUT_O0_2022_2023,300598.SZ,2023-08-07,2023,L_SUPPORT_HELD,L_SUPPORT_HELD
HOLDOUT_O0_2022_2023:300601.SZ-001,HOLDOUT_O0_2022_2023,300601.SZ,2023-10-30,2023,L_SUPPORT_HELD,L_SUPPORT_HELD
HOLDOUT_O0_2022_2023:300611.SZ-001,HOLDOUT_O0_2022_2023,300611.SZ,2023-11-23,2023,L_SUPPORT_HELD,L_SUPPORT_HELD
HOLDOUT_O0_2022_2023:300629.SZ-001,HOLDOUT_O0_2022_2023,300629.SZ,2023-07-05,2023,L_SUPPORT_HELD,L_SUPPORT_HELD
HOLDOUT_O0_2022_2023:300661.SZ-001,HOLDOUT_O0_2022_2023,300661.SZ,2023-10-30,2023,L_SUPPORT_BROKEN,L_SUPPORT_BROKEN
HOLDOUT_O0_2022_2023:300663.SZ-001,HOLDOUT_O0_2022_2023,300663.SZ,2022-07-19,2022,L_SUPPORT_BROKEN,L_SUPPORT_BROKEN
HOLDOUT_O0_2022_2023:300663.SZ-002,HOLDOUT_O0_2022_2023,300663.SZ,2022-08-12,2022,L_SUPPORT_BROKEN,L_SUPPORT_BROKEN
HOLDOUT_O0_2022_2023:300676.SZ-001,HOLDOUT_O0_2022_2023,300676.SZ,2022-11-18,2022,L_SUPPORT_BROKEN,L_SUPPORT_HELD
HOLDOUT_O0_2022_2023:300722.SZ-001,HOLDOUT_O0_2022_2023,300722.SZ,2022-07-20,2022,L_SUPPORT_HELD,L_SUPPORT_HELD
HOLDOUT_O0_2022_2023:300730.SZ-001,HOLDOUT_O0_2022_2023,300730.SZ,2023-03-23,2023,L_SUPPORT_BROKEN,L_SUPPORT_BROKEN
HOLDOUT_O0_2022_2023:300740.SZ-001,HOLDOUT_O0_2022_2023,300740.SZ,2022-07-18,2022,L_SUPPORT_HELD,L_SUPPORT_BROKEN
HOLDOUT_O0_2022_2023:300750.SZ-001,HOLDOUT_O0_2022_2023,300750.SZ,2023-08-04,2023,L_SUPPORT_BROKEN,L_SUPPORT_BROKEN
HOLDOUT_O0_2022_2023:300774.SZ-001,HOLDOUT_O0_2022_2023,300774.SZ,2022-06-06,2022,L_SUPPORT_BROKEN,L_SUPPORT_BROKEN
HOLDOUT_O0_2022_2023:300782.SZ-001,HOLDOUT_O0_2022_2023,300782.SZ,2023-01-16,2023,L_SUPPORT_BROKEN,L_SUPPORT_BROKEN
HOLDOUT_O0_2022_2023:300782.SZ-002,HOLDOUT_O0_2022_2023,300782.SZ,2023-10-13,2023,L_SUPPORT_BROKEN,L_SUPPORT_HELD
HOLDOUT_O0_2022_2023:300792.SZ-001,HOLDOUT_O0_2022_2023,300792.SZ,2023-02-07,2023,L_SUPPORT_BROKEN,L_SUPPORT_BROKEN
HOLDOUT_O0_2022_2023:300793.SZ-001,HOLDOUT_O0_2022_2023,300793.SZ,2022-08-17,2022,L_SUPPORT_HELD,L_SUPPORT_HELD
HOLDOUT_O0_2022_2023:300809.SZ-001,HOLDOUT_O0_2022_2023,300809.SZ,2023-03-24,2023,L_SUPPORT_BROKEN,L_SUPPORT_BROKEN
HOLDOUT_O0_2022_2023:300811.SZ-001,HOLDOUT_O0_2022_2023,300811.SZ,2023-06-19,2023,L_SUPPORT_BROKEN,L_SUPPORT_BROKEN
HOLDOUT_O0_2022_2023:300832.SZ-001,HOLDOUT_O0_2022_2023,300832.SZ,2022-06-29,2022,L_SUPPORT_BROKEN,L_SUPPORT_BROKEN
HOLDOUT_O0_2022_2023:300855.SZ-001,HOLDOUT_O0_2022_2023,300855.SZ,2022-10-24,2022,L_SUPPORT_BROKEN,L_SUPPORT_BROKEN
HOLDOUT_O0_2022_2023:300857.SZ-001,HOLDOUT_O0_2022_2023,300857.SZ,2023-03-30,2023,L_SUPPORT_BROKEN,L_SUPPORT_BROKEN
HOLDOUT_O0_2022_2023:300888.SZ-001,HOLDOUT_O0_2022_2023,300888.SZ,2022-12-02,2022,L_SUPPORT_BROKEN,L_SUPPORT_BROKEN
HOLDOUT_O0_2022_2023:300925.SZ-001,HOLDOUT_O0_2022_2023,300925.SZ,2023-03-22,2023,L_SUPPORT_BROKEN,L_SUPPORT_BROKEN
HOLDOUT_O0_2022_2023:300939.SZ-001,HOLDOUT_O0_2022_2023,300939.SZ,2023-04-19,2023,L_SUPPORT_HELD,L_SUPPORT_HELD
HOLDOUT_O0_2022_2023:300994.SZ-001,HOLDOUT_O0_2022_2023,300994.SZ,2022-07-06,2022,L_SUPPORT_BROKEN,L_SUPPORT_BROKEN
HOLDOUT_O0_2022_2023:301039.SZ-001,HOLDOUT_O0_2022_2023,301039.SZ,2023-07-03,2023,L_SUPPORT_HELD,L_SUPPORT_HELD
HOLDOUT_O0_2022_2023:301091.SZ-001,HOLDOUT_O0_2022_2023,301091.SZ,2023-07-31,2023,L_SUPPORT_BROKEN,L_SUPPORT_BROKEN
HOLDOUT_O0_2022_2023:301160.SZ-001,HOLDOUT_O0_2022_2023,301160.SZ,2023-11-08,2023,L_SUPPORT_BROKEN,L_SUPPORT_BROKEN
HOLDOUT_O0_2022_2023:301321.SZ-001,HOLDOUT_O0_2022_2023,301321.SZ,2023-11-03,2023,L_SUPPORT_BROKEN,L_SUPPORT_HELD
HOLDOUT_O0_2022_2023:301327.SZ-001,HOLDOUT_O0_2022_2023,301327.SZ,2023-07-31,2023,L_SUPPORT_BROKEN,L_SUPPORT_HELD
