source_row,audit_type,channel,scope,scope_value,market_view,denominator,coordinate,horizon,closing_arm,n,independent_value,authoritative_value,absolute_error,pass
0,partial_rank,REJECTED_CROSSER_DOWNSIDE,block,A,ALL_A,ALL_STATUS,pit,3,,107,-0.31306600162770731,-0.3130660016277072,1.1102230246251565e-16,True
1,partial_rank,REJECTED_CROSSER_DOWNSIDE,block,A,ALL_A,NON_ST,pit,3,,107,-0.30406692500661536,-0.3040669250066152,1.6653345369377348e-16,True
2,partial_rank,REJECTED_CROSSER_DOWNSIDE,block,A,CHINEXT_BOARD,ALL_STATUS,pit,3,,107,-0.097935514272676091,-0.097935514272675994,9.7144514654701197e-17,True
3,partial_rank,REJECTED_CROSSER_DOWNSIDE,block,A,CHINEXT_BOARD,NON_ST,pit,3,,107,-0.093690388535472263,-0.093690388535472194,6.9388939039072284e-17,True
4,partial_rank,REJECTED_CROSSER_DOWNSIDE,block,A,SH_A,ALL_STATUS,pit,3,,107,-0.1545808363418523,-0.1545808363418523,0,True
5,partial_rank,REJECTED_CROSSER_DOWNSIDE,block,A,SH_A,NON_ST,pit,3,,107,-0.16484233000387405,-0.16484233000387399,5.5511151231257827e-17,True
6,partial_rank,REJECTED_CROSSER_DOWNSIDE,block,A,SZ_A,ALL_STATUS,pit,3,,107,-0.30925273915703588,-0.30925273915703572,1.6653345369377348e-16,True
7,partial_rank,REJECTED_CROSSER_DOWNSIDE,block,A,SZ_A,NON_ST,pit,3,,107,-0.29085046704917983,-0.2908504670491795,3.3306690738754696e-16,True
8,partial_rank,REJECTED_CROSSER_DOWNSIDE,block,B,ALL_A,ALL_STATUS,pit,3,,722,-0.4060271546373283,-0.4060271546373283,0,True
9,partial_rank,REJECTED_CROSSER_DOWNSIDE,block,B,ALL_A,NON_ST,pit,3,,722,-0.40888639273350269,-0.4088863927335028,1.1102230246251565e-16,True
10,partial_rank,REJECTED_CROSSER_DOWNSIDE,block,B,CHINEXT_BOARD,ALL_STATUS,pit,3,,719,-0.31259161191196599,-0.31259161191196599,0,True
11,partial_rank,REJECTED_CROSSER_DOWNSIDE,block,B,CHINEXT_BOARD,NON_ST,pit,3,,720,-0.30587769544162258,-0.30587769544162241,1.6653345369377348e-16,True
12,partial_rank,REJECTED_CROSSER_DOWNSIDE,block,B,SH_A,ALL_STATUS,pit,3,,722,-0.39049977798674407,-0.39049977798674401,5.5511151231257827e-17,True
13,partial_rank,REJECTED_CROSSER_DOWNSIDE,block,B,SH_A,NON_ST,pit,3,,722,-0.39361246288910651,-0.3936124628891064,1.1102230246251565e-16,True
14,partial_rank,REJECTED_CROSSER_DOWNSIDE,block,B,SZ_A,ALL_STATUS,pit,3,,722,-0.36461730399429643,-0.3646173039942962,2.2204460492503131e-16,True
15,partial_rank,REJECTED_CROSSER_DOWNSIDE,block,B,SZ_A,NON_ST,pit,3,,722,-0.3684978424854492,-0.36849784248544892,2.7755575615628914e-16,True
16,partial_rank,REJECTED_CROSSER_DOWNSIDE,cell,ALL_A:ALL_STATUS,ALL_A,ALL_STATUS,absolute,1,,829,-0.41880663983409988,-0.41880663983409999,1.1102230246251565e-16,True
17,partial_rank,REJECTED_CROSSER_DOWNSIDE,cell,ALL_A:ALL_STATUS,ALL_A,ALL_STATUS,absolute,3,,829,-0.38195354792034514,-0.38195354792034503,1.1102230246251565e-16,True
18,partial_rank,REJECTED_CROSSER_DOWNSIDE,cell,ALL_A:ALL_STATUS,ALL_A,ALL_STATUS,absolute,5,,829,-0.36644525824156526,-0.3664452582415651,1.6653345369377348e-16,True
19,partial_rank,REJECTED_CROSSER_DOWNSIDE,cell,ALL_A:ALL_STATUS,ALL_A,ALL_STATUS,pit,1,,829,-0.42277675641846246,-0.42277675641846257,1.1102230246251565e-16,True
20,partial_rank,REJECTED_CROSSER_DOWNSIDE,cell,ALL_A:ALL_STATUS,ALL_A,ALL_STATUS,pit,3,,829,-0.38953125679790801,-0.38953125679790801,0,True
21,partial_rank,REJECTED_CROSSER_DOWNSIDE,cell,ALL_A:ALL_STATUS,ALL_A,ALL_STATUS,pit,5,,829,-0.37512414732326249,-0.3751241473232626,1.1102230246251565e-16,True
22,partial_rank,REJECTED_CROSSER_DOWNSIDE,cell,ALL_A:NON_ST,ALL_A,NON_ST,absolute,1,,829,-0.42569507099260018,-0.42569507099260012,5.5511151231257827e-17,True
23,partial_rank,REJECTED_CROSSER_DOWNSIDE,cell,ALL_A:NON_ST,ALL_A,NON_ST,absolute,3,,829,-0.38453867162309768,-0.38453867162309768,0,True
24,partial_rank,REJECTED_CROSSER_DOWNSIDE,cell,ALL_A:NON_ST,ALL_A,NON_ST,absolute,5,,829,-0.3693679940173818,-0.3693679940173818,0,True
25,partial_rank,REJECTED_CROSSER_DOWNSIDE,cell,ALL_A:NON_ST,ALL_A,NON_ST,pit,1,,829,-0.42826710891978781,-0.4282671089197877,1.1102230246251565e-16,True
26,partial_rank,REJECTED_CROSSER_DOWNSIDE,cell,ALL_A:NON_ST,ALL_A,NON_ST,pit,3,,829,-0.39097134120247207,-0.39097134120247201,5.5511151231257827e-17,True
27,partial_rank,REJECTED_CROSSER_DOWNSIDE,cell,ALL_A:NON_ST,ALL_A,NON_ST,pit,5,,829,-0.37724316600332258,-0.37724316600332253,5.5511151231257827e-17,True
28,partial_rank,REJECTED_CROSSER_DOWNSIDE,cell,CHINEXT_BOARD:ALL_STATUS,CHINEXT_BOARD,ALL_STATUS,absolute,1,,826,-0.27520799652339667,-0.27520799652339661,5.5511151231257827e-17,True
29,partial_rank,REJECTED_CROSSER_DOWNSIDE,cell,CHINEXT_BOARD:ALL_STATUS,CHINEXT_BOARD,ALL_STATUS,absolute,3,,826,-0.29186523303474987,-0.29186523303474993,5.5511151231257827e-17,True
30,partial_rank,REJECTED_CROSSER_DOWNSIDE,cell,CHINEXT_BOARD:ALL_STATUS,CHINEXT_BOARD,ALL_STATUS,absolute,5,,826,-0.2987491799178707,-0.29874917991787048,2.2204460492503131e-16,True
31,partial_rank,REJECTED_CROSSER_DOWNSIDE,cell,CHINEXT_BOARD:ALL_STATUS,CHINEXT_BOARD,ALL_STATUS,pit,1,,826,-0.27236906344570649,-0.27236906344570622,2.7755575615628914e-16,True
32,partial_rank,REJECTED_CROSSER_DOWNSIDE,cell,CHINEXT_BOARD:ALL_STATUS,CHINEXT_BOARD,ALL_STATUS,pit,3,,826,-0.29521204754549518,-0.29521204754549502,1.6653345369377348e-16,True
33,partial_rank,REJECTED_CROSSER_DOWNSIDE,cell,CHINEXT_BOARD:ALL_STATUS,CHINEXT_BOARD,ALL_STATUS,pit,5,,826,-0.30233137391945991,-0.30233137391945991,0,True
34,partial_rank,REJECTED_CROSSER_DOWNSIDE,cell,CHINEXT_BOARD:NON_ST,CHINEXT_BOARD,NON_ST,absolute,1,,827,-0.27242036059193681,-0.27242036059193669,1.1102230246251565e-16,True
35,partial_rank,REJECTED_CROSSER_DOWNSIDE,cell,CHINEXT_BOARD:NON_ST,CHINEXT_BOARD,NON_ST,absolute,3,,827,-0.28662315691947177,-0.28662315691947171,5.5511151231257827e-17,True
36,partial_rank,REJECTED_CROSSER_DOWNSIDE,cell,CHINEXT_BOARD:NON_ST,CHINEXT_BOARD,NON_ST,absolute,5,,827,-0.29332388039120127,-0.29332388039120111,1.6653345369377348e-16,True
37,partial_rank,REJECTED_CROSSER_DOWNSIDE,cell,CHINEXT_BOARD:NON_ST,CHINEXT_BOARD,NON_ST,pit,1,,827,-0.26829885533164921,-0.26829885533164921,0,True
38,partial_rank,REJECTED_CROSSER_DOWNSIDE,cell,CHINEXT_BOARD:NON_ST,CHINEXT_BOARD,NON_ST,pit,3,,827,-0.28886710151904399,-0.28886710151904382,1.6653345369377348e-16,True
39,partial_rank,REJECTED_CROSSER_DOWNSIDE,cell,CHINEXT_BOARD:NON_ST,CHINEXT_BOARD,NON_ST,pit,5,,827,-0.29610045473899244,-0.29610045473899232,1.1102230246251565e-16,True
40,partial_rank,REJECTED_CROSSER_DOWNSIDE,cell,SH_A:ALL_STATUS,SH_A,ALL_STATUS,absolute,1,,829,-0.38028382173905445,-0.38028382173905462,1.6653345369377348e-16,True
41,partial_rank,REJECTED_CROSSER_DOWNSIDE,cell,SH_A:ALL_STATUS,SH_A,ALL_STATUS,absolute,3,,829,-0.34746686789756742,-0.34746686789756742,0,True
42,partial_rank,REJECTED_CROSSER_DOWNSIDE,cell,SH_A:ALL_STATUS,SH_A,ALL_STATUS,absolute,5,,829,-0.33159430162970305,-0.33159430162970333,2.7755575615628914e-16,True
43,partial_rank,REJECTED_CROSSER_DOWNSIDE,cell,SH_A:ALL_STATUS,SH_A,ALL_STATUS,pit,1,,829,-0.38942815030120886,-0.38942815030120881,5.5511151231257827e-17,True
44,partial_rank,REJECTED_CROSSER_DOWNSIDE,cell,SH_A:ALL_STATUS,SH_A,ALL_STATUS,pit,3,,829,-0.35708990679352526,-0.35708990679352531,5.5511151231257827e-17,True
45,partial_rank,REJECTED_CROSSER_DOWNSIDE,cell,SH_A:ALL_STATUS,SH_A,ALL_STATUS,pit,5,,829,-0.33821375643569535,-0.3382137564356954,5.5511151231257827e-17,True
46,partial_rank,REJECTED_CROSSER_DOWNSIDE,cell,SH_A:NON_ST,SH_A,NON_ST,absolute,1,,829,-0.38490830492648476,-0.3849083049264847,5.5511151231257827e-17,True
47,partial_rank,REJECTED_CROSSER_DOWNSIDE,cell,SH_A:NON_ST,SH_A,NON_ST,absolute,3,,829,-0.35160216421664076,-0.3516021642166407,5.5511151231257827e-17,True
48,partial_rank,REJECTED_CROSSER_DOWNSIDE,cell,SH_A:NON_ST,SH_A,NON_ST,absolute,5,,829,-0.33469804833301176,-0.3346980483330117,5.5511151231257827e-17,True
49,partial_rank,REJECTED_CROSSER_DOWNSIDE,cell,SH_A:NON_ST,SH_A,NON_ST,pit,1,,829,-0.39316831735929558,-0.39316831735929569,1.1102230246251565e-16,True
50,partial_rank,REJECTED_CROSSER_DOWNSIDE,cell,SH_A:NON_ST,SH_A,NON_ST,pit,3,,829,-0.36017319632776895,-0.36017319632776917,2.2204460492503131e-16,True
51,partial_rank,REJECTED_CROSSER_DOWNSIDE,cell,SH_A:NON_ST,SH_A,NON_ST,pit,5,,829,-0.34103950445557307,-0.34103950445557302,5.5511151231257827e-17,True
52,partial_rank,REJECTED_CROSSER_DOWNSIDE,cell,SZ_A:ALL_STATUS,SZ_A,ALL_STATUS,absolute,1,,829,-0.37890456835406999,-0.3789045683540701,1.1102230246251565e-16,True
53,partial_rank,REJECTED_CROSSER_DOWNSIDE,cell,SZ_A:ALL_STATUS,SZ_A,ALL_STATUS,absolute,3,,829,-0.34661259338156308,-0.34661259338156297,1.1102230246251565e-16,True
54,partial_rank,REJECTED_CROSSER_DOWNSIDE,cell,SZ_A:ALL_STATUS,SZ_A,ALL_STATUS,absolute,5,,829,-0.33341458898481297,-0.33341458898481291,5.5511151231257827e-17,True
55,partial_rank,REJECTED_CROSSER_DOWNSIDE,cell,SZ_A:ALL_STATUS,SZ_A,ALL_STATUS,pit,1,,829,-0.38236538380965851,-0.38236538380965851,0,True
56,partial_rank,REJECTED_CROSSER_DOWNSIDE,cell,SZ_A:ALL_STATUS,SZ_A,ALL_STATUS,pit,3,,829,-0.35307871905252897,-0.35307871905252891,5.5511151231257827e-17,True
57,partial_rank,REJECTED_CROSSER_DOWNSIDE,cell,SZ_A:ALL_STATUS,SZ_A,ALL_STATUS,pit,5,,829,-0.34198643188984135,-0.34198643188984162,2.7755575615628914e-16,True
58,partial_rank,REJECTED_CROSSER_DOWNSIDE,cell,SZ_A:NON_ST,SZ_A,NON_ST,absolute,1,,829,-0.384006324867324,-0.38400632486732422,2.2204460492503131e-16,True
59,partial_rank,REJECTED_CROSSER_DOWNSIDE,cell,SZ_A:NON_ST,SZ_A,NON_ST,absolute,3,,829,-0.34871414988305632,-0.34871414988305621,1.1102230246251565e-16,True
60,partial_rank,REJECTED_CROSSER_DOWNSIDE,cell,SZ_A:NON_ST,SZ_A,NON_ST,absolute,5,,829,-0.33553076859409997,-0.33553076859410003,5.5511151231257827e-17,True
61,partial_rank,REJECTED_CROSSER_DOWNSIDE,cell,SZ_A:NON_ST,SZ_A,NON_ST,pit,1,,829,-0.38506253329341733,-0.38506253329341722,1.1102230246251565e-16,True
62,partial_rank,REJECTED_CROSSER_DOWNSIDE,cell,SZ_A:NON_ST,SZ_A,NON_ST,pit,3,,829,-0.3543375505310164,-0.3543375505310164,0,True
63,partial_rank,REJECTED_CROSSER_DOWNSIDE,cell,SZ_A:NON_ST,SZ_A,NON_ST,pit,5,,829,-0.34339031282482091,-0.34339031282482069,2.2204460492503131e-16,True
64,partial_rank,REJECTED_CROSSER_DOWNSIDE,leave_one_year_out,2020,ALL_A,ALL_STATUS,pit,3,,722,-0.4060271546373283,-0.4060271546373283,0,True
65,partial_rank,REJECTED_CROSSER_DOWNSIDE,leave_one_year_out,2020,ALL_A,NON_ST,pit,3,,722,-0.40888639273350269,-0.4088863927335028,1.1102230246251565e-16,True
66,partial_rank,REJECTED_CROSSER_DOWNSIDE,leave_one_year_out,2020,CHINEXT_BOARD,ALL_STATUS,pit,3,,719,-0.31259161191196599,-0.31259161191196599,0,True
67,partial_rank,REJECTED_CROSSER_DOWNSIDE,leave_one_year_out,2020,CHINEXT_BOARD,NON_ST,pit,3,,720,-0.30587769544162258,-0.30587769544162241,1.6653345369377348e-16,True
68,partial_rank,REJECTED_CROSSER_DOWNSIDE,leave_one_year_out,2020,SH_A,ALL_STATUS,pit,3,,722,-0.39049977798674407,-0.39049977798674401,5.5511151231257827e-17,True
69,partial_rank,REJECTED_CROSSER_DOWNSIDE,leave_one_year_out,2020,SH_A,NON_ST,pit,3,,722,-0.39361246288910651,-0.3936124628891064,1.1102230246251565e-16,True
70,partial_rank,REJECTED_CROSSER_DOWNSIDE,leave_one_year_out,2020,SZ_A,ALL_STATUS,pit,3,,722,-0.36461730399429643,-0.3646173039942962,2.2204460492503131e-16,True
71,partial_rank,REJECTED_CROSSER_DOWNSIDE,leave_one_year_out,2020,SZ_A,NON_ST,pit,3,,722,-0.3684978424854492,-0.36849784248544892,2.7755575615628914e-16,True
72,partial_rank,REJECTED_CROSSER_DOWNSIDE,leave_one_year_out,2021,ALL_A,ALL_STATUS,pit,3,,586,-0.44053545583353959,-0.4405354558335397,1.1102230246251565e-16,True
73,partial_rank,REJECTED_CROSSER_DOWNSIDE,leave_one_year_out,2021,ALL_A,NON_ST,pit,3,,586,-0.44060773108710677,-0.44060773108710682,5.5511151231257827e-17,True
74,partial_rank,REJECTED_CROSSER_DOWNSIDE,leave_one_year_out,2021,CHINEXT_BOARD,ALL_STATUS,pit,3,,586,-0.32857622167749767,-0.32857622167749762,5.5511151231257827e-17,True
75,partial_rank,REJECTED_CROSSER_DOWNSIDE,leave_one_year_out,2021,CHINEXT_BOARD,NON_ST,pit,3,,586,-0.32221052875105621,-0.3222105287510561,1.1102230246251565e-16,True
76,partial_rank,REJECTED_CROSSER_DOWNSIDE,leave_one_year_out,2021,SH_A,ALL_STATUS,pit,3,,586,-0.38305650919307893,-0.38305650919307871,2.2204460492503131e-16,True
77,partial_rank,REJECTED_CROSSER_DOWNSIDE,leave_one_year_out,2021,SH_A,NON_ST,pit,3,,586,-0.38514859925059486,-0.38514859925059469,1.6653345369377348e-16,True
78,partial_rank,REJECTED_CROSSER_DOWNSIDE,leave_one_year_out,2021,SZ_A,ALL_STATUS,pit,3,,586,-0.4146916742263641,-0.41469167422636388,2.2204460492503131e-16,True
79,partial_rank,REJECTED_CROSSER_DOWNSIDE,leave_one_year_out,2021,SZ_A,NON_ST,pit,3,,586,-0.41162497695975586,-0.4116249769597557,1.6653345369377348e-16,True
80,partial_rank,REJECTED_CROSSER_DOWNSIDE,leave_one_year_out,2022,ALL_A,ALL_STATUS,pit,3,,587,-0.42613666914053305,-0.42613666914053278,2.7755575615628914e-16,True
81,partial_rank,REJECTED_CROSSER_DOWNSIDE,leave_one_year_out,2022,ALL_A,NON_ST,pit,3,,587,-0.42534392766468382,-0.42534392766468399,1.6653345369377348e-16,True
82,partial_rank,REJECTED_CROSSER_DOWNSIDE,leave_one_year_out,2022,CHINEXT_BOARD,ALL_STATUS,pit,3,,584,-0.29473419105755583,-0.29473419105755572,1.1102230246251565e-16,True
83,partial_rank,REJECTED_CROSSER_DOWNSIDE,leave_one_year_out,2022,CHINEXT_BOARD,NON_ST,pit,3,,585,-0.28724223113253378,-0.2872422311325335,2.7755575615628914e-16,True
84,partial_rank,REJECTED_CROSSER_DOWNSIDE,leave_one_year_out,2022,SH_A,ALL_STATUS,pit,3,,587,-0.40608343812624975,-0.40608343812624942,3.3306690738754696e-16,True
85,partial_rank,REJECTED_CROSSER_DOWNSIDE,leave_one_year_out,2022,SH_A,NON_ST,pit,3,,587,-0.41251312045887883,-0.41251312045887872,1.1102230246251565e-16,True
86,partial_rank,REJECTED_CROSSER_DOWNSIDE,leave_one_year_out,2022,SZ_A,ALL_STATUS,pit,3,,587,-0.36400676504368068,-0.36400676504368079,1.1102230246251565e-16,True
87,partial_rank,REJECTED_CROSSER_DOWNSIDE,leave_one_year_out,2022,SZ_A,NON_ST,pit,3,,587,-0.36152214524199044,-0.36152214524199061,1.6653345369377348e-16,True
88,partial_rank,REJECTED_CROSSER_DOWNSIDE,leave_one_year_out,2023,ALL_A,ALL_STATUS,pit,3,,592,-0.28842590944499946,-0.2884259094449993,1.6653345369377348e-16,True
89,partial_rank,REJECTED_CROSSER_DOWNSIDE,leave_one_year_out,2023,ALL_A,NON_ST,pit,3,,592,-0.2915648468497809,-0.2915648468497809,0,True
90,partial_rank,REJECTED_CROSSER_DOWNSIDE,leave_one_year_out,2023,CHINEXT_BOARD,ALL_STATUS,pit,3,,589,-0.23219511480653143,-0.23219511480653141,2.7755575615628914e-17,True
91,partial_rank,REJECTED_CROSSER_DOWNSIDE,leave_one_year_out,2023,CHINEXT_BOARD,NON_ST,pit,3,,590,-0.22826601244484662,-0.22826601244484671,8.3266726846886741e-17,True
92,partial_rank,REJECTED_CROSSER_DOWNSIDE,leave_one_year_out,2023,SH_A,ALL_STATUS,pit,3,,592,-0.2595357641928876,-0.2595357641928876,0,True
93,partial_rank,REJECTED_CROSSER_DOWNSIDE,leave_one_year_out,2023,SH_A,NON_ST,pit,3,,592,-0.26089863100247596,-0.2608986310024759,5.5511151231257827e-17,True
94,partial_rank,REJECTED_CROSSER_DOWNSIDE,leave_one_year_out,2023,SZ_A,ALL_STATUS,pit,3,,592,-0.26697557179455939,-0.26697557179455927,1.1102230246251565e-16,True
95,partial_rank,REJECTED_CROSSER_DOWNSIDE,leave_one_year_out,2023,SZ_A,NON_ST,pit,3,,592,-0.27302017623248809,-0.2730201762324882,1.1102230246251565e-16,True
96,partial_rank,REJECTED_CROSSER_DOWNSIDE,phase,0,ALL_A,ALL_STATUS,pit,3,,276,-0.38199352092691014,-0.38199352092690991,2.2204460492503131e-16,True
97,partial_rank,REJECTED_CROSSER_DOWNSIDE,phase,0,ALL_A,ALL_STATUS,pit,5,,166,-0.32738423363928243,-0.32738423363928232,1.1102230246251565e-16,True
98,partial_rank,REJECTED_CROSSER_DOWNSIDE,phase,0,ALL_A,NON_ST,pit,3,,276,-0.3809895262797367,-0.38098952627973648,2.2204460492503131e-16,True
99,partial_rank,REJECTED_CROSSER_DOWNSIDE,phase,0,ALL_A,NON_ST,pit,5,,166,-0.33173940795453172,-0.33173940795453172,0,True
100,partial_rank,REJECTED_CROSSER_DOWNSIDE,phase,0,CHINEXT_BOARD,ALL_STATUS,pit,3,,275,-0.32349538205096129,-0.32349538205096129,0,True
101,partial_rank,REJECTED_CROSSER_DOWNSIDE,phase,0,CHINEXT_BOARD,ALL_STATUS,pit,5,,166,-0.32374515383462182,-0.32374515383462182,0,True
102,partial_rank,REJECTED_CROSSER_DOWNSIDE,phase,0,CHINEXT_BOARD,NON_ST,pit,3,,275,-0.31829141983256654,-0.31829141983256648,5.5511151231257827e-17,True
103,partial_rank,REJECTED_CROSSER_DOWNSIDE,phase,0,CHINEXT_BOARD,NON_ST,pit,5,,166,-0.31771196814039326,-0.31771196814039321,5.5511151231257827e-17,True
104,partial_rank,REJECTED_CROSSER_DOWNSIDE,phase,0,SH_A,ALL_STATUS,pit,3,,276,-0.33359810459732209,-0.33359810459732242,3.3306690738754696e-16,True
105,partial_rank,REJECTED_CROSSER_DOWNSIDE,phase,0,SH_A,ALL_STATUS,pit,5,,166,-0.31517373171685764,-0.31517373171685747,1.6653345369377348e-16,True
106,partial_rank,REJECTED_CROSSER_DOWNSIDE,phase,0,SH_A,NON_ST,pit,3,,276,-0.33670843991771776,-0.33670843991771748,2.7755575615628914e-16,True
107,partial_rank,REJECTED_CROSSER_DOWNSIDE,phase,0,SH_A,NON_ST,pit,5,,166,-0.32334273798293006,-0.32334273798293012,5.5511151231257827e-17,True
108,partial_rank,REJECTED_CROSSER_DOWNSIDE,phase,0,SZ_A,ALL_STATUS,pit,3,,276,-0.31556031398547313,-0.31556031398547307,5.5511151231257827e-17,True
109,partial_rank,REJECTED_CROSSER_DOWNSIDE,phase,0,SZ_A,ALL_STATUS,pit,5,,166,-0.32209588701710923,-0.32209588701710917,5.5511151231257827e-17,True
110,partial_rank,REJECTED_CROSSER_DOWNSIDE,phase,0,SZ_A,NON_ST,pit,3,,276,-0.31884813082756963,-0.31884813082756958,5.5511151231257827e-17,True
111,partial_rank,REJECTED_CROSSER_DOWNSIDE,phase,0,SZ_A,NON_ST,pit,5,,166,-0.31936665510070861,-0.31936665510070861,0,True
112,partial_rank,REJECTED_CROSSER_DOWNSIDE,phase,1,ALL_A,ALL_STATUS,pit,3,,277,-0.40511230260718462,-0.40511230260718489,2.7755575615628914e-16,True
113,partial_rank,REJECTED_CROSSER_DOWNSIDE,phase,1,ALL_A,ALL_STATUS,pit,5,,166,-0.47756145324373039,-0.4775614532437305,1.1102230246251565e-16,True
114,partial_rank,REJECTED_CROSSER_DOWNSIDE,phase,1,ALL_A,NON_ST,pit,3,,277,-0.41018097552715055,-0.41018097552715033,2.2204460492503131e-16,True
115,partial_rank,REJECTED_CROSSER_DOWNSIDE,phase,1,ALL_A,NON_ST,pit,5,,166,-0.48604334520108705,-0.48604334520108727,2.2204460492503131e-16,True
116,partial_rank,REJECTED_CROSSER_DOWNSIDE,phase,1,CHINEXT_BOARD,ALL_STATUS,pit,3,,277,-0.17689983545649357,-0.17689983545649371,1.3877787807814457e-16,True
117,partial_rank,REJECTED_CROSSER_DOWNSIDE,phase,1,CHINEXT_BOARD,ALL_STATUS,pit,5,,164,-0.37332417457519423,-0.37332417457519412,1.1102230246251565e-16,True
118,partial_rank,REJECTED_CROSSER_DOWNSIDE,phase,1,CHINEXT_BOARD,NON_ST,pit,3,,277,-0.17055519174239345,-0.1705551917423935,5.5511151231257827e-17,True
119,partial_rank,REJECTED_CROSSER_DOWNSIDE,phase,1,CHINEXT_BOARD,NON_ST,pit,5,,165,-0.35346190908114561,-0.35346190908114528,3.3306690738754696e-16,True
120,partial_rank,REJECTED_CROSSER_DOWNSIDE,phase,1,SH_A,ALL_STATUS,pit,3,,277,-0.37429830769129324,-0.3742983076912933,5.5511151231257827e-17,True
121,partial_rank,REJECTED_CROSSER_DOWNSIDE,phase,1,SH_A,ALL_STATUS,pit,5,,166,-0.47460947356806127,-0.47460947356806088,3.8857805861880479e-16,True
122,partial_rank,REJECTED_CROSSER_DOWNSIDE,phase,1,SH_A,NON_ST,pit,3,,277,-0.38111663048077982,-0.38111663048077959,2.2204460492503131e-16,True
123,partial_rank,REJECTED_CROSSER_DOWNSIDE,phase,1,SH_A,NON_ST,pit,5,,166,-0.47769741245109021,-0.47769741245109021,0,True
124,partial_rank,REJECTED_CROSSER_DOWNSIDE,phase,1,SZ_A,ALL_STATUS,pit,3,,277,-0.3687039677471346,-0.36870396774713471,1.1102230246251565e-16,True
125,partial_rank,REJECTED_CROSSER_DOWNSIDE,phase,1,SZ_A,ALL_STATUS,pit,5,,166,-0.41587105758783965,-0.4158710575878396,5.5511151231257827e-17,True
126,partial_rank,REJECTED_CROSSER_DOWNSIDE,phase,1,SZ_A,NON_ST,pit,3,,277,-0.36261832485927997,-0.36261832485928008,1.1102230246251565e-16,True
127,partial_rank,REJECTED_CROSSER_DOWNSIDE,phase,1,SZ_A,NON_ST,pit,5,,166,-0.41630036949622051,-0.4163003694962204,1.1102230246251565e-16,True
128,partial_rank,REJECTED_CROSSER_DOWNSIDE,phase,2,ALL_A,ALL_STATUS,pit,3,,276,-0.36191659774025059,-0.36191659774025042,1.6653345369377348e-16,True
129,partial_rank,REJECTED_CROSSER_DOWNSIDE,phase,2,ALL_A,ALL_STATUS,pit,5,,165,-0.29904685723390617,-0.29904685723390628,1.1102230246251565e-16,True
130,partial_rank,REJECTED_CROSSER_DOWNSIDE,phase,2,ALL_A,NON_ST,pit,3,,276,-0.36257561141761757,-0.36257561141761763,5.5511151231257827e-17,True
131,partial_rank,REJECTED_CROSSER_DOWNSIDE,phase,2,ALL_A,NON_ST,pit,5,,165,-0.30594748905881175,-0.30594748905881181,5.5511151231257827e-17,True
132,partial_rank,REJECTED_CROSSER_DOWNSIDE,phase,2,CHINEXT_BOARD,ALL_STATUS,pit,3,,274,-0.36802483669070635,-0.3680248366907064,5.5511151231257827e-17,True
133,partial_rank,REJECTED_CROSSER_DOWNSIDE,phase,2,CHINEXT_BOARD,ALL_STATUS,pit,5,,164,-0.23510242631740544,-0.2351024263174053,1.3877787807814457e-16,True
134,partial_rank,REJECTED_CROSSER_DOWNSIDE,phase,2,CHINEXT_BOARD,NON_ST,pit,3,,275,-0.36044102614465939,-0.36044102614465939,0,True
135,partial_rank,REJECTED_CROSSER_DOWNSIDE,phase,2,CHINEXT_BOARD,NON_ST,pit,5,,164,-0.23477590585170507,-0.23477590585170499,8.3266726846886741e-17,True
136,partial_rank,REJECTED_CROSSER_DOWNSIDE,phase,2,SH_A,ALL_STATUS,pit,3,,276,-0.36144600575390523,-0.36144600575390518,5.5511151231257827e-17,True
137,partial_rank,REJECTED_CROSSER_DOWNSIDE,phase,2,SH_A,ALL_STATUS,pit,5,,165,-0.29181471973737538,-0.29181471973737538,0,True
138,partial_rank,REJECTED_CROSSER_DOWNSIDE,phase,2,SH_A,NON_ST,pit,3,,276,-0.36310724440163444,-0.3631072444016345,5.5511151231257827e-17,True
139,partial_rank,REJECTED_CROSSER_DOWNSIDE,phase,2,SH_A,NON_ST,pit,5,,165,-0.30081520929554023,-0.30081520929554001,2.2204460492503131e-16,True
140,partial_rank,REJECTED_CROSSER_DOWNSIDE,phase,2,SZ_A,ALL_STATUS,pit,3,,276,-0.36314604078204094,-0.36314604078204071,2.2204460492503131e-16,True
141,partial_rank,REJECTED_CROSSER_DOWNSIDE,phase,2,SZ_A,ALL_STATUS,pit,5,,165,-0.24088806563618292,-0.2408880656361829,2.7755575615628914e-17,True
142,partial_rank,REJECTED_CROSSER_DOWNSIDE,phase,2,SZ_A,NON_ST,pit,3,,276,-0.36861052574807512,-0.36861052574807501,1.1102230246251565e-16,True
143,partial_rank,REJECTED_CROSSER_DOWNSIDE,phase,2,SZ_A,NON_ST,pit,5,,165,-0.24146280923508748,-0.24146280923508731,1.6653345369377348e-16,True
144,partial_rank,REJECTED_CROSSER_DOWNSIDE,phase,3,ALL_A,ALL_STATUS,pit,5,,166,-0.33821509233266905,-0.33821509233266911,5.5511151231257827e-17,True
145,partial_rank,REJECTED_CROSSER_DOWNSIDE,phase,3,ALL_A,NON_ST,pit,5,,166,-0.32972662954395993,-0.32972662954395993,0,True
146,partial_rank,REJECTED_CROSSER_DOWNSIDE,phase,3,CHINEXT_BOARD,ALL_STATUS,pit,5,,166,-0.24056106042596068,-0.24056106042596059,8.3266726846886741e-17,True
147,partial_rank,REJECTED_CROSSER_DOWNSIDE,phase,3,CHINEXT_BOARD,NON_ST,pit,5,,166,-0.23733645687029364,-0.23733645687029351,1.3877787807814457e-16,True
148,partial_rank,REJECTED_CROSSER_DOWNSIDE,phase,3,SH_A,ALL_STATUS,pit,5,,166,-0.25925170674835424,-0.25925170674835413,1.1102230246251565e-16,True
149,partial_rank,REJECTED_CROSSER_DOWNSIDE,phase,3,SH_A,NON_ST,pit,5,,166,-0.26090772740394536,-0.26090772740394541,5.5511151231257827e-17,True
150,partial_rank,REJECTED_CROSSER_DOWNSIDE,phase,3,SZ_A,ALL_STATUS,pit,5,,166,-0.31454061475380718,-0.31454061475380701,1.6653345369377348e-16,True
151,partial_rank,REJECTED_CROSSER_DOWNSIDE,phase,3,SZ_A,NON_ST,pit,5,,166,-0.3102134253956374,-0.31021342539563718,2.2204460492503131e-16,True
152,partial_rank,REJECTED_CROSSER_DOWNSIDE,phase,4,ALL_A,ALL_STATUS,pit,5,,166,-0.39510517340875789,-0.395105173408758,1.1102230246251565e-16,True
153,partial_rank,REJECTED_CROSSER_DOWNSIDE,phase,4,ALL_A,NON_ST,pit,5,,166,-0.4066387847234057,-0.4066387847234057,0,True
154,partial_rank,REJECTED_CROSSER_DOWNSIDE,phase,4,CHINEXT_BOARD,ALL_STATUS,pit,5,,166,-0.30438983944819187,-0.3043898394481917,1.6653345369377348e-16,True
155,partial_rank,REJECTED_CROSSER_DOWNSIDE,phase,4,CHINEXT_BOARD,NON_ST,pit,5,,166,-0.2936109520131942,-0.29361095201319443,2.2204460492503131e-16,True
156,partial_rank,REJECTED_CROSSER_DOWNSIDE,phase,4,SH_A,ALL_STATUS,pit,5,,166,-0.32145993340104578,-0.32145993340104578,0,True
157,partial_rank,REJECTED_CROSSER_DOWNSIDE,phase,4,SH_A,NON_ST,pit,5,,166,-0.32128630986620499,-0.3212863098662051,1.1102230246251565e-16,True
158,partial_rank,REJECTED_CROSSER_DOWNSIDE,phase,4,SZ_A,ALL_STATUS,pit,5,,166,-0.38828447913318132,-0.38828447913318132,0,True
159,partial_rank,REJECTED_CROSSER_DOWNSIDE,phase,4,SZ_A,NON_ST,pit,5,,166,-0.39299723898918193,-0.39299723898918221,2.7755575615628914e-16,True
160,partial_rank,REJECTED_CROSSER_DOWNSIDE,year,2020,ALL_A,ALL_STATUS,pit,3,,107,-0.31306600162770731,-0.3130660016277072,1.1102230246251565e-16,True
161,partial_rank,REJECTED_CROSSER_DOWNSIDE,year,2020,ALL_A,NON_ST,pit,3,,107,-0.30406692500661536,-0.3040669250066152,1.6653345369377348e-16,True
162,partial_rank,REJECTED_CROSSER_DOWNSIDE,year,2020,CHINEXT_BOARD,ALL_STATUS,pit,3,,107,-0.097935514272676091,-0.097935514272675994,9.7144514654701197e-17,True
163,partial_rank,REJECTED_CROSSER_DOWNSIDE,year,2020,CHINEXT_BOARD,NON_ST,pit,3,,107,-0.093690388535472263,-0.093690388535472194,6.9388939039072284e-17,True
164,partial_rank,REJECTED_CROSSER_DOWNSIDE,year,2020,SH_A,ALL_STATUS,pit,3,,107,-0.1545808363418523,-0.1545808363418523,0,True
165,partial_rank,REJECTED_CROSSER_DOWNSIDE,year,2020,SH_A,NON_ST,pit,3,,107,-0.16484233000387405,-0.16484233000387399,5.5511151231257827e-17,True
166,partial_rank,REJECTED_CROSSER_DOWNSIDE,year,2020,SZ_A,ALL_STATUS,pit,3,,107,-0.30925273915703588,-0.30925273915703572,1.6653345369377348e-16,True
167,partial_rank,REJECTED_CROSSER_DOWNSIDE,year,2020,SZ_A,NON_ST,pit,3,,107,-0.29085046704917983,-0.2908504670491795,3.3306690738754696e-16,True
168,partial_rank,REJECTED_CROSSER_DOWNSIDE,year,2021,ALL_A,ALL_STATUS,pit,3,,243,-0.25321925719227495,-0.25321925719227489,5.5511151231257827e-17,True
169,partial_rank,REJECTED_CROSSER_DOWNSIDE,year,2021,ALL_A,NON_ST,pit,3,,243,-0.25827789959437741,-0.25827789959437741,0,True
170,partial_rank,REJECTED_CROSSER_DOWNSIDE,year,2021,CHINEXT_BOARD,ALL_STATUS,pit,3,,240,-0.14651457441053967,-0.14651457441053969,2.7755575615628914e-17,True
171,partial_rank,REJECTED_CROSSER_DOWNSIDE,year,2021,CHINEXT_BOARD,NON_ST,pit,3,,241,-0.1357653947926894,-0.13576539479268929,1.1102230246251565e-16,True
172,partial_rank,REJECTED_CROSSER_DOWNSIDE,year,2021,SH_A,ALL_STATUS,pit,3,,243,-0.32237788920616972,-0.3223778892061695,2.2204460492503131e-16,True
173,partial_rank,REJECTED_CROSSER_DOWNSIDE,year,2021,SH_A,NON_ST,pit,3,,243,-0.32937289769182143,-0.32937289769182132,1.1102230246251565e-16,True
174,partial_rank,REJECTED_CROSSER_DOWNSIDE,year,2021,SZ_A,ALL_STATUS,pit,3,,243,-0.16657767083239325,-0.16657767083239319,5.5511151231257827e-17,True
175,partial_rank,REJECTED_CROSSER_DOWNSIDE,year,2021,SZ_A,NON_ST,pit,3,,243,-0.18297238649673814,-0.18297238649673811,2.7755575615628914e-17,True
176,partial_rank,REJECTED_CROSSER_DOWNSIDE,year,2022,ALL_A,ALL_STATUS,pit,3,,242,-0.37784671210389686,-0.37784671210389692,5.5511151231257827e-17,True
177,partial_rank,REJECTED_CROSSER_DOWNSIDE,year,2022,ALL_A,NON_ST,pit,3,,242,-0.38982738482643559,-0.38982738482643547,1.1102230246251565e-16,True
178,partial_rank,REJECTED_CROSSER_DOWNSIDE,year,2022,CHINEXT_BOARD,ALL_STATUS,pit,3,,242,-0.29377259108332221,-0.29377259108332188,3.3306690738754696e-16,True
179,partial_rank,REJECTED_CROSSER_DOWNSIDE,year,2022,CHINEXT_BOARD,NON_ST,pit,3,,242,-0.2937206989457905,-0.29372069894579073,2.2204460492503131e-16,True
180,partial_rank,REJECTED_CROSSER_DOWNSIDE,year,2022,SH_A,ALL_STATUS,pit,3,,242,-0.31283338079926226,-0.31283338079926221,5.5511151231257827e-17,True
181,partial_rank,REJECTED_CROSSER_DOWNSIDE,year,2022,SH_A,NON_ST,pit,3,,242,-0.31676168854224024,-0.31676168854224013,1.1102230246251565e-16,True
182,partial_rank,REJECTED_CROSSER_DOWNSIDE,year,2022,SZ_A,ALL_STATUS,pit,3,,242,-0.35750934242094884,-0.35750934242094889,5.5511151231257827e-17,True
183,partial_rank,REJECTED_CROSSER_DOWNSIDE,year,2022,SZ_A,NON_ST,pit,3,,242,-0.37232747542162997,-0.37232747542163008,1.1102230246251565e-16,True
184,partial_rank,REJECTED_CROSSER_DOWNSIDE,year,2023,ALL_A,ALL_STATUS,pit,3,,237,-0.57264964455860234,-0.5726496445586019,4.4408920985006262e-16,True
185,partial_rank,REJECTED_CROSSER_DOWNSIDE,year,2023,ALL_A,NON_ST,pit,3,,237,-0.56866767362269788,-0.56866767362269832,4.4408920985006262e-16,True
186,partial_rank,REJECTED_CROSSER_DOWNSIDE,year,2023,CHINEXT_BOARD,ALL_STATUS,pit,3,,237,-0.43519660713515507,-0.4351966071351549,1.6653345369377348e-16,True
187,partial_rank,REJECTED_CROSSER_DOWNSIDE,year,2023,CHINEXT_BOARD,NON_ST,pit,3,,237,-0.42671010302798895,-0.42671010302798867,2.7755575615628914e-16,True
188,partial_rank,REJECTED_CROSSER_DOWNSIDE,year,2023,SH_A,ALL_STATUS,pit,3,,237,-0.56856493857432822,-0.5685649385743281,1.1102230246251565e-16,True
189,partial_rank,REJECTED_CROSSER_DOWNSIDE,year,2023,SH_A,NON_ST,pit,3,,237,-0.57248894889869328,-0.57248894889869317,1.1102230246251565e-16,True
190,partial_rank,REJECTED_CROSSER_DOWNSIDE,year,2023,SZ_A,ALL_STATUS,pit,3,,237,-0.50229624340124102,-0.50229624340124124,2.2204460492503131e-16,True
191,partial_rank,REJECTED_CROSSER_DOWNSIDE,year,2023,SZ_A,NON_ST,pit,3,,237,-0.49288173807824393,-0.49288173807824393,0,True
192,partial_rank,REJECTED_MINUS_ACCEPTED,block,A,ALL_A,ALL_STATUS,pit,3,,107,-0.12153371157885658,-0.12153371157885649,8.3266726846886741e-17,True
193,partial_rank,REJECTED_MINUS_ACCEPTED,block,A,ALL_A,NON_ST,pit,3,,107,-0.11772351210665125,-0.1177235121066512,4.163336342344337e-17,True
194,partial_rank,REJECTED_MINUS_ACCEPTED,block,A,CHINEXT_BOARD,ALL_STATUS,pit,3,,107,0.19184299039779168,0.19184299039779171,2.7755575615628914e-17,True
195,partial_rank,REJECTED_MINUS_ACCEPTED,block,A,CHINEXT_BOARD,NON_ST,pit,3,,107,0.19291391922885356,0.19291391922885359,2.7755575615628914e-17,True
196,partial_rank,REJECTED_MINUS_ACCEPTED,block,A,SH_A,ALL_STATUS,pit,3,,107,-0.025639029670589692,-0.025639029670589598,9.3675067702747583e-17,True
197,partial_rank,REJECTED_MINUS_ACCEPTED,block,A,SH_A,NON_ST,pit,3,,107,-0.053830525658317231,-0.053830525658317203,2.7755575615628914e-17,True
198,partial_rank,REJECTED_MINUS_ACCEPTED,block,A,SZ_A,ALL_STATUS,pit,3,,107,-0.17051365587780781,-0.1705136558778077,1.1102230246251565e-16,True
199,partial_rank,REJECTED_MINUS_ACCEPTED,block,A,SZ_A,NON_ST,pit,3,,107,-0.19098135918132342,-0.19098135918132331,1.1102230246251565e-16,True
200,partial_rank,REJECTED_MINUS_ACCEPTED,block,B,ALL_A,ALL_STATUS,pit,3,,722,-0.030487102330174532,-0.030487102330174501,3.1225022567582528e-17,True
201,partial_rank,REJECTED_MINUS_ACCEPTED,block,B,ALL_A,NON_ST,pit,3,,722,-0.021125779901863168,-0.021125779901863099,6.9388939039072284e-17,True
202,partial_rank,REJECTED_MINUS_ACCEPTED,block,B,CHINEXT_BOARD,ALL_STATUS,pit,3,,719,0.045623619614702016,0.045623619614702002,1.3877787807814457e-17,True
203,partial_rank,REJECTED_MINUS_ACCEPTED,block,B,CHINEXT_BOARD,NON_ST,pit,3,,720,0.045656397970701083,0.045656397970701,8.3266726846886741e-17,True
204,partial_rank,REJECTED_MINUS_ACCEPTED,block,B,SH_A,ALL_STATUS,pit,3,,722,0.01333438828863916,0.0133343882886391,6.0715321659188248e-17,True
205,partial_rank,REJECTED_MINUS_ACCEPTED,block,B,SH_A,NON_ST,pit,3,,722,0.023154208661678981,0.023154208661678902,7.9797279894933126e-17,True
206,partial_rank,REJECTED_MINUS_ACCEPTED,block,B,SZ_A,ALL_STATUS,pit,3,,722,-0.026477161055482874,-0.026477161055482801,7.2858385991025898e-17,True
207,partial_rank,REJECTED_MINUS_ACCEPTED,block,B,SZ_A,NON_ST,pit,3,,722,-0.031814313972797492,-0.031814313972797402,9.0205620750793969e-17,True
208,partial_rank,REJECTED_MINUS_ACCEPTED,cell,ALL_A:ALL_STATUS,ALL_A,ALL_STATUS,absolute,1,,829,-0.11581120545152943,-0.1158112054515294,2.7755575615628914e-17,True
209,partial_rank,REJECTED_MINUS_ACCEPTED,cell,ALL_A:ALL_STATUS,ALL_A,ALL_STATUS,absolute,3,,829,-0.027191655539628982,-0.027191655539628899,8.3266726846886741e-17,True
210,partial_rank,REJECTED_MINUS_ACCEPTED,cell,ALL_A:ALL_STATUS,ALL_A,ALL_STATUS,absolute,5,,829,0.015366970058031173,0.0153669700580311,7.2858385991025898e-17,True
211,partial_rank,REJECTED_MINUS_ACCEPTED,cell,ALL_A:ALL_STATUS,ALL_A,ALL_STATUS,pit,1,,829,-0.12850935587744675,-0.12850935587744669,5.5511151231257827e-17,True
212,partial_rank,REJECTED_MINUS_ACCEPTED,cell,ALL_A:ALL_STATUS,ALL_A,ALL_STATUS,pit,3,,829,-0.036454727217430087,-0.036454727217429997,9.0205620750793969e-17,True
213,partial_rank,REJECTED_MINUS_ACCEPTED,cell,ALL_A:ALL_STATUS,ALL_A,ALL_STATUS,pit,5,,829,0.0034791173049012998,0.0034791173049012998,0,True
214,partial_rank,REJECTED_MINUS_ACCEPTED,cell,ALL_A:NON_ST,ALL_A,NON_ST,absolute,1,,829,-0.10961363585656524,-0.10961363585656519,4.163336342344337e-17,True
215,partial_rank,REJECTED_MINUS_ACCEPTED,cell,ALL_A:NON_ST,ALL_A,NON_ST,absolute,3,,829,-0.021022477205761985,-0.021022477205761898,8.6736173798840355e-17,True
216,partial_rank,REJECTED_MINUS_ACCEPTED,cell,ALL_A:NON_ST,ALL_A,NON_ST,absolute,5,,829,0.019973165796140571,0.019973165796140498,7.2858385991025898e-17,True
217,partial_rank,REJECTED_MINUS_ACCEPTED,cell,ALL_A:NON_ST,ALL_A,NON_ST,pit,1,,829,-0.11669445619807808,-0.116694456198078,8.3266726846886741e-17,True
218,partial_rank,REJECTED_MINUS_ACCEPTED,cell,ALL_A:NON_ST,ALL_A,NON_ST,pit,3,,829,-0.026948120879152368,-0.026948120879152299,6.9388939039072284e-17,True
219,partial_rank,REJECTED_MINUS_ACCEPTED,cell,ALL_A:NON_ST,ALL_A,NON_ST,pit,5,,829,0.011407795009643614,0.0114077950096436,1.3877787807814457e-17,True
220,partial_rank,REJECTED_MINUS_ACCEPTED,cell,CHINEXT_BOARD:ALL_STATUS,CHINEXT_BOARD,ALL_STATUS,absolute,1,,826,0.03443070821053193,0.034430708210531902,2.7755575615628914e-17,True
221,partial_rank,REJECTED_MINUS_ACCEPTED,cell,CHINEXT_BOARD:ALL_STATUS,CHINEXT_BOARD,ALL_STATUS,absolute,3,,826,0.067645995064081796,0.067645995064081796,0,True
222,partial_rank,REJECTED_MINUS_ACCEPTED,cell,CHINEXT_BOARD:ALL_STATUS,CHINEXT_BOARD,ALL_STATUS,absolute,5,,826,0.12842522762731443,0.1284252276273144,2.7755575615628914e-17,True
223,partial_rank,REJECTED_MINUS_ACCEPTED,cell,CHINEXT_BOARD:ALL_STATUS,CHINEXT_BOARD,ALL_STATUS,pit,1,,826,0.015349087094585512,0.0153490870945855,1.214306433183765e-17,True
224,partial_rank,REJECTED_MINUS_ACCEPTED,cell,CHINEXT_BOARD:ALL_STATUS,CHINEXT_BOARD,ALL_STATUS,pit,3,,826,0.044709948424901662,0.044709948424901599,6.2450045135165055e-17,True
225,partial_rank,REJECTED_MINUS_ACCEPTED,cell,CHINEXT_BOARD:ALL_STATUS,CHINEXT_BOARD,ALL_STATUS,pit,5,,826,0.10489984281556307,0.1048998428155631,2.7755575615628914e-17,True
226,partial_rank,REJECTED_MINUS_ACCEPTED,cell,CHINEXT_BOARD:NON_ST,CHINEXT_BOARD,NON_ST,absolute,1,,827,0.033936415698877911,0.0339364156988778,1.1102230246251565e-16,True
227,partial_rank,REJECTED_MINUS_ACCEPTED,cell,CHINEXT_BOARD:NON_ST,CHINEXT_BOARD,NON_ST,absolute,3,,827,0.065381681545784234,0.065381681545784207,2.7755575615628914e-17,True
228,partial_rank,REJECTED_MINUS_ACCEPTED,cell,CHINEXT_BOARD:NON_ST,CHINEXT_BOARD,NON_ST,absolute,5,,827,0.12370267309049084,0.12370267309049079,4.163336342344337e-17,True
229,partial_rank,REJECTED_MINUS_ACCEPTED,cell,CHINEXT_BOARD:NON_ST,CHINEXT_BOARD,NON_ST,pit,1,,827,0.016988140782872502,0.016988140782872502,0,True
230,partial_rank,REJECTED_MINUS_ACCEPTED,cell,CHINEXT_BOARD:NON_ST,CHINEXT_BOARD,NON_ST,pit,3,,827,0.044562552755785106,0.044562552755785002,1.0408340855860843e-16,True
231,partial_rank,REJECTED_MINUS_ACCEPTED,cell,CHINEXT_BOARD:NON_ST,CHINEXT_BOARD,NON_ST,pit,5,,827,0.10146738785189773,0.10146738785189779,6.9388939039072284e-17,True
232,partial_rank,REJECTED_MINUS_ACCEPTED,cell,SH_A:ALL_STATUS,SH_A,ALL_STATUS,absolute,1,,829,-0.071171822530808074,-0.071171822530808004,6.9388939039072284e-17,True
233,partial_rank,REJECTED_MINUS_ACCEPTED,cell,SH_A:ALL_STATUS,SH_A,ALL_STATUS,absolute,3,,829,0.012464176069300472,0.012464176069300399,7.2858385991025898e-17,True
234,partial_rank,REJECTED_MINUS_ACCEPTED,cell,SH_A:ALL_STATUS,SH_A,ALL_STATUS,absolute,5,,829,0.029119138717882107,0.0291191387178821,6.9388939039072284e-18,True
235,partial_rank,REJECTED_MINUS_ACCEPTED,cell,SH_A:ALL_STATUS,SH_A,ALL_STATUS,pit,1,,829,-0.080371141004787136,-0.080371141004787094,4.163336342344337e-17,True
236,partial_rank,REJECTED_MINUS_ACCEPTED,cell,SH_A:ALL_STATUS,SH_A,ALL_STATUS,pit,3,,829,0.012836275633575289,0.012836275633575299,1.0408340855860843e-17,True
237,partial_rank,REJECTED_MINUS_ACCEPTED,cell,SH_A:ALL_STATUS,SH_A,ALL_STATUS,pit,5,,829,0.029452204303803468,0.029452204303803398,6.9388939039072284e-17,True
238,partial_rank,REJECTED_MINUS_ACCEPTED,cell,SH_A:NON_ST,SH_A,NON_ST,absolute,1,,829,-0.065195649888658697,-0.065195649888658599,9.7144514654701197e-17,True
239,partial_rank,REJECTED_MINUS_ACCEPTED,cell,SH_A:NON_ST,SH_A,NON_ST,absolute,3,,829,0.013329773140870495,0.013329773140870501,5.2041704279304213e-18,True
240,partial_rank,REJECTED_MINUS_ACCEPTED,cell,SH_A:NON_ST,SH_A,NON_ST,absolute,5,,829,0.025120210441437467,0.025120210441437401,6.591949208711867e-17,True
241,partial_rank,REJECTED_MINUS_ACCEPTED,cell,SH_A:NON_ST,SH_A,NON_ST,pit,1,,829,-0.070534656425475434,-0.070534656425475406,2.7755575615628914e-17,True
242,partial_rank,REJECTED_MINUS_ACCEPTED,cell,SH_A:NON_ST,SH_A,NON_ST,pit,3,,829,0.017413703781699631,0.0174137037816996,3.1225022567582528e-17,True
243,partial_rank,REJECTED_MINUS_ACCEPTED,cell,SH_A:NON_ST,SH_A,NON_ST,pit,5,,829,0.028176810261659194,0.028176810261659101,9.3675067702747583e-17,True
244,partial_rank,REJECTED_MINUS_ACCEPTED,cell,SZ_A:ALL_STATUS,SZ_A,ALL_STATUS,absolute,1,,829,-0.1261444025894006,-0.1261444025894006,0,True
245,partial_rank,REJECTED_MINUS_ACCEPTED,cell,SZ_A:ALL_STATUS,SZ_A,ALL_STATUS,absolute,3,,829,-0.026406127040619058,-0.026406127040618999,5.8980598183211441e-17,True
246,partial_rank,REJECTED_MINUS_ACCEPTED,cell,SZ_A:ALL_STATUS,SZ_A,ALL_STATUS,absolute,5,,829,0.034905213991165945,0.034905213991165897,4.8572257327350599e-17,True
247,partial_rank,REJECTED_MINUS_ACCEPTED,cell,SZ_A:ALL_STATUS,SZ_A,ALL_STATUS,pit,1,,829,-0.14039923405750115,-0.1403992340575011,5.5511151231257827e-17,True
248,partial_rank,REJECTED_MINUS_ACCEPTED,cell,SZ_A:ALL_STATUS,SZ_A,ALL_STATUS,pit,3,,829,-0.038232386765196247,-0.038232386765196302,5.5511151231257827e-17,True
249,partial_rank,REJECTED_MINUS_ACCEPTED,cell,SZ_A:ALL_STATUS,SZ_A,ALL_STATUS,pit,5,,829,0.019948374535409177,0.0199483745354091,7.6327832942979512e-17,True
250,partial_rank,REJECTED_MINUS_ACCEPTED,cell,SZ_A:NON_ST,SZ_A,NON_ST,absolute,1,,829,-0.13465564037330294,-0.13465564037330299,5.5511151231257827e-17,True
251,partial_rank,REJECTED_MINUS_ACCEPTED,cell,SZ_A:NON_ST,SZ_A,NON_ST,absolute,3,,829,-0.032683945266662635,-0.032683945266662601,3.4694469519536142e-17,True
252,partial_rank,REJECTED_MINUS_ACCEPTED,cell,SZ_A:NON_ST,SZ_A,NON_ST,absolute,5,,829,0.031425513544520653,0.031425513544520597,5.5511151231257827e-17,True
253,partial_rank,REJECTED_MINUS_ACCEPTED,cell,SZ_A:NON_ST,SZ_A,NON_ST,pit,1,,829,-0.14290626597906333,-0.14290626597906331,2.7755575615628914e-17,True
254,partial_rank,REJECTED_MINUS_ACCEPTED,cell,SZ_A:NON_ST,SZ_A,NON_ST,pit,3,,829,-0.042542115437042123,-0.042542115437042102,2.0816681711721685e-17,True
255,partial_rank,REJECTED_MINUS_ACCEPTED,cell,SZ_A:NON_ST,SZ_A,NON_ST,pit,5,,829,0.017343827681904893,0.017343827681904799,9.3675067702747583e-17,True
256,partial_rank,REJECTED_MINUS_ACCEPTED,leave_one_year_out,2020,ALL_A,ALL_STATUS,pit,3,,722,-0.030487102330174532,-0.030487102330174501,3.1225022567582528e-17,True
257,partial_rank,REJECTED_MINUS_ACCEPTED,leave_one_year_out,2020,ALL_A,NON_ST,pit,3,,722,-0.021125779901863168,-0.021125779901863099,6.9388939039072284e-17,True
258,partial_rank,REJECTED_MINUS_ACCEPTED,leave_one_year_out,2020,CHINEXT_BOARD,ALL_STATUS,pit,3,,719,0.045623619614702016,0.045623619614702002,1.3877787807814457e-17,True
259,partial_rank,REJECTED_MINUS_ACCEPTED,leave_one_year_out,2020,CHINEXT_BOARD,NON_ST,pit,3,,720,0.045656397970701083,0.045656397970701,8.3266726846886741e-17,True
260,partial_rank,REJECTED_MINUS_ACCEPTED,leave_one_year_out,2020,SH_A,ALL_STATUS,pit,3,,722,0.01333438828863916,0.0133343882886391,6.0715321659188248e-17,True
261,partial_rank,REJECTED_MINUS_ACCEPTED,leave_one_year_out,2020,SH_A,NON_ST,pit,3,,722,0.023154208661678981,0.023154208661678902,7.9797279894933126e-17,True
262,partial_rank,REJECTED_MINUS_ACCEPTED,leave_one_year_out,2020,SZ_A,ALL_STATUS,pit,3,,722,-0.026477161055482874,-0.026477161055482801,7.2858385991025898e-17,True
263,partial_rank,REJECTED_MINUS_ACCEPTED,leave_one_year_out,2020,SZ_A,NON_ST,pit,3,,722,-0.031814313972797492,-0.031814313972797402,9.0205620750793969e-17,True
264,partial_rank,REJECTED_MINUS_ACCEPTED,leave_one_year_out,2021,ALL_A,ALL_STATUS,pit,3,,586,0.0298185265379881,0.029818526537987999,1.0061396160665481e-16,True
265,partial_rank,REJECTED_MINUS_ACCEPTED,leave_one_year_out,2021,ALL_A,NON_ST,pit,3,,586,0.036427068014231075,0.036427068014230998,7.6327832942979512e-17,True
266,partial_rank,REJECTED_MINUS_ACCEPTED,leave_one_year_out,2021,CHINEXT_BOARD,ALL_STATUS,pit,3,,586,0.095929784909591004,0.095929784909591004,0,True
267,partial_rank,REJECTED_MINUS_ACCEPTED,leave_one_year_out,2021,CHINEXT_BOARD,NON_ST,pit,3,,586,0.095483526662860974,0.095483526662860904,6.9388939039072284e-17,True
268,partial_rank,REJECTED_MINUS_ACCEPTED,leave_one_year_out,2021,SH_A,ALL_STATUS,pit,3,,586,0.066475414981697165,0.066475414981697095,6.9388939039072284e-17,True
269,partial_rank,REJECTED_MINUS_ACCEPTED,leave_one_year_out,2021,SH_A,NON_ST,pit,3,,586,0.067077123710300557,0.067077123710300501,5.5511151231257827e-17,True
270,partial_rank,REJECTED_MINUS_ACCEPTED,leave_one_year_out,2021,SZ_A,ALL_STATUS,pit,3,,586,0.0098652983303615296,0.0098652983303615001,2.9490299091605721e-17,True
271,partial_rank,REJECTED_MINUS_ACCEPTED,leave_one_year_out,2021,SZ_A,NON_ST,pit,3,,586,0.0088166054631020774,0.0088166054631019994,7.8062556418956319e-17,True
272,partial_rank,REJECTED_MINUS_ACCEPTED,leave_one_year_out,2022,ALL_A,ALL_STATUS,pit,3,,587,-0.035152589135582113,-0.035152589135582002,1.1102230246251565e-16,True
273,partial_rank,REJECTED_MINUS_ACCEPTED,leave_one_year_out,2022,ALL_A,NON_ST,pit,3,,587,-0.024330766211818795,-0.024330766211818799,3.4694469519536142e-18,True
274,partial_rank,REJECTED_MINUS_ACCEPTED,leave_one_year_out,2022,CHINEXT_BOARD,ALL_STATUS,pit,3,,584,0.063891787983907003,0.063891787983906906,9.7144514654701197e-17,True
275,partial_rank,REJECTED_MINUS_ACCEPTED,leave_one_year_out,2022,CHINEXT_BOARD,NON_ST,pit,3,,585,0.064268516072038401,0.064268516072038304,9.7144514654701197e-17,True
276,partial_rank,REJECTED_MINUS_ACCEPTED,leave_one_year_out,2022,SH_A,ALL_STATUS,pit,3,,587,0.027155728320722692,0.027155728320722598,9.3675067702747583e-17,True
277,partial_rank,REJECTED_MINUS_ACCEPTED,leave_one_year_out,2022,SH_A,NON_ST,pit,3,,587,0.026925482182297671,0.026925482182297601,6.9388939039072284e-17,True
278,partial_rank,REJECTED_MINUS_ACCEPTED,leave_one_year_out,2022,SZ_A,ALL_STATUS,pit,3,,587,-0.054514820573014815,-0.054514820573014801,1.3877787807814457e-17,True
279,partial_rank,REJECTED_MINUS_ACCEPTED,leave_one_year_out,2022,SZ_A,NON_ST,pit,3,,587,-0.060309224320521861,-0.060309224320521798,6.2450045135165055e-17,True
280,partial_rank,REJECTED_MINUS_ACCEPTED,leave_one_year_out,2023,ALL_A,ALL_STATUS,pit,3,,592,-0.097390278131332012,-0.097390278131331998,1.3877787807814457e-17,True
281,partial_rank,REJECTED_MINUS_ACCEPTED,leave_one_year_out,2023,ALL_A,NON_ST,pit,3,,592,-0.091232777518824124,-0.091232777518824096,2.7755575615628914e-17,True
282,partial_rank,REJECTED_MINUS_ACCEPTED,leave_one_year_out,2023,CHINEXT_BOARD,ALL_STATUS,pit,3,,589,-0.020660087001511632,-0.0206600870015116,3.1225022567582528e-17,True
283,partial_rank,REJECTED_MINUS_ACCEPTED,leave_one_year_out,2023,CHINEXT_BOARD,NON_ST,pit,3,,590,-0.023310704720535445,-0.0233107047205354,4.5102810375396984e-17,True
284,partial_rank,REJECTED_MINUS_ACCEPTED,leave_one_year_out,2023,SH_A,ALL_STATUS,pit,3,,592,-0.067092495248764872,-0.0670924952487649,2.7755575615628914e-17,True
285,partial_rank,REJECTED_MINUS_ACCEPTED,leave_one_year_out,2023,SH_A,NON_ST,pit,3,,592,-0.06309146412156999,-0.063091464121570004,1.3877787807814457e-17,True
286,partial_rank,REJECTED_MINUS_ACCEPTED,leave_one_year_out,2023,SZ_A,ALL_STATUS,pit,3,,592,-0.066520216234356166,-0.066520216234356097,6.9388939039072284e-17,True
287,partial_rank,REJECTED_MINUS_ACCEPTED,leave_one_year_out,2023,SZ_A,NON_ST,pit,3,,592,-0.074794023815208374,-0.074794023815208402,2.7755575615628914e-17,True
288,partial_rank,REJECTED_MINUS_ACCEPTED,phase,0,ALL_A,ALL_STATUS,pit,3,,276,0.048336798905542773,0.048336798905542697,7.6327832942979512e-17,True
289,partial_rank,REJECTED_MINUS_ACCEPTED,phase,0,ALL_A,ALL_STATUS,pit,5,,166,0.082259721771457295,0.082259721771457198,9.7144514654701197e-17,True
290,partial_rank,REJECTED_MINUS_ACCEPTED,phase,0,ALL_A,NON_ST,pit,3,,276,0.052471232559001157,0.052471232559001102,5.5511151231257827e-17,True
291,partial_rank,REJECTED_MINUS_ACCEPTED,phase,0,ALL_A,NON_ST,pit,5,,166,0.076960503492836382,0.076960503492836299,8.3266726846886741e-17,True
292,partial_rank,REJECTED_MINUS_ACCEPTED,phase,0,CHINEXT_BOARD,ALL_STATUS,pit,3,,275,0.096723988839842359,0.096723988839842304,5.5511151231257827e-17,True
293,partial_rank,REJECTED_MINUS_ACCEPTED,phase,0,CHINEXT_BOARD,ALL_STATUS,pit,5,,166,0.12177941050204362,0.12177941050204361,1.3877787807814457e-17,True
294,partial_rank,REJECTED_MINUS_ACCEPTED,phase,0,CHINEXT_BOARD,NON_ST,pit,3,,275,0.087363338638477547,0.087363338638477506,4.163336342344337e-17,True
295,partial_rank,REJECTED_MINUS_ACCEPTED,phase,0,CHINEXT_BOARD,NON_ST,pit,5,,166,0.12219890446210474,0.1221989044621046,1.3877787807814457e-16,True
296,partial_rank,REJECTED_MINUS_ACCEPTED,phase,0,SH_A,ALL_STATUS,pit,3,,276,0.084205769110618098,0.084205769110618098,0,True
297,partial_rank,REJECTED_MINUS_ACCEPTED,phase,0,SH_A,ALL_STATUS,pit,5,,166,-0.011733791762925232,-0.011733791762925201,3.1225022567582528e-17,True
298,partial_rank,REJECTED_MINUS_ACCEPTED,phase,0,SH_A,NON_ST,pit,3,,276,0.06296595116982634,0.062965951169826298,4.163336342344337e-17,True
299,partial_rank,REJECTED_MINUS_ACCEPTED,phase,0,SH_A,NON_ST,pit,5,,166,-0.016860668171778975,-0.016860668171778899,7.6327832942979512e-17,True
300,partial_rank,REJECTED_MINUS_ACCEPTED,phase,0,SZ_A,ALL_STATUS,pit,3,,276,0.054532265990541992,0.054532265990541902,9.0205620750793969e-17,True
301,partial_rank,REJECTED_MINUS_ACCEPTED,phase,0,SZ_A,ALL_STATUS,pit,5,,166,0.024759206316798114,0.024759206316798101,1.3877787807814457e-17,True
302,partial_rank,REJECTED_MINUS_ACCEPTED,phase,0,SZ_A,NON_ST,pit,3,,276,0.057528672890547312,0.057528672890547201,1.1102230246251565e-16,True
303,partial_rank,REJECTED_MINUS_ACCEPTED,phase,0,SZ_A,NON_ST,pit,5,,166,0.049451852255781144,0.049451852255781102,4.163336342344337e-17,True
304,partial_rank,REJECTED_MINUS_ACCEPTED,phase,1,ALL_A,ALL_STATUS,pit,3,,277,-0.068895272909688804,-0.068895272909688707,9.7144514654701197e-17,True
305,partial_rank,REJECTED_MINUS_ACCEPTED,phase,1,ALL_A,ALL_STATUS,pit,5,,166,-0.13935331768134135,-0.13935331768134121,1.3877787807814457e-16,True
306,partial_rank,REJECTED_MINUS_ACCEPTED,phase,1,ALL_A,NON_ST,pit,3,,277,-0.056992961317551223,-0.056992961317551202,2.0816681711721685e-17,True
307,partial_rank,REJECTED_MINUS_ACCEPTED,phase,1,ALL_A,NON_ST,pit,5,,166,-0.11430814101950858,-0.11430814101950861,2.7755575615628914e-17,True
308,partial_rank,REJECTED_MINUS_ACCEPTED,phase,1,CHINEXT_BOARD,ALL_STATUS,pit,3,,277,0.039857961245798892,0.039857961245798899,6.9388939039072284e-18,True
309,partial_rank,REJECTED_MINUS_ACCEPTED,phase,1,CHINEXT_BOARD,ALL_STATUS,pit,5,,164,0.027992855153133597,0.027992855153133499,9.7144514654701197e-17,True
310,partial_rank,REJECTED_MINUS_ACCEPTED,phase,1,CHINEXT_BOARD,NON_ST,pit,3,,277,0.04052050380958519,0.040520503809585197,6.9388939039072284e-18,True
311,partial_rank,REJECTED_MINUS_ACCEPTED,phase,1,CHINEXT_BOARD,NON_ST,pit,5,,165,0.03113119182704098,0.0311311918270409,7.9797279894933126e-17,True
312,partial_rank,REJECTED_MINUS_ACCEPTED,phase,1,SH_A,ALL_STATUS,pit,3,,277,-0.070461410548578449,-0.070461410548578296,1.5265566588595902e-16,True
313,partial_rank,REJECTED_MINUS_ACCEPTED,phase,1,SH_A,ALL_STATUS,pit,5,,166,0.051503125161429263,0.0515031251614292,6.2450045135165055e-17,True
314,partial_rank,REJECTED_MINUS_ACCEPTED,phase,1,SH_A,NON_ST,pit,3,,277,-0.059294983200316322,-0.059294983200316301,2.0816681711721685e-17,True
315,partial_rank,REJECTED_MINUS_ACCEPTED,phase,1,SH_A,NON_ST,pit,5,,166,0.049143238702342509,0.049143238702342502,6.9388939039072284e-18,True
316,partial_rank,REJECTED_MINUS_ACCEPTED,phase,1,SZ_A,ALL_STATUS,pit,3,,277,-0.054089101336869658,-0.054089101336869602,5.5511151231257827e-17,True
317,partial_rank,REJECTED_MINUS_ACCEPTED,phase,1,SZ_A,ALL_STATUS,pit,5,,166,-0.11474334910322734,-0.1147433491032273,4.163336342344337e-17,True
318,partial_rank,REJECTED_MINUS_ACCEPTED,phase,1,SZ_A,NON_ST,pit,3,,277,-0.056161870405917441,-0.0561618704059174,4.163336342344337e-17,True
319,partial_rank,REJECTED_MINUS_ACCEPTED,phase,1,SZ_A,NON_ST,pit,5,,166,-0.12416574213354149,-0.1241657421335414,9.7144514654701197e-17,True
320,partial_rank,REJECTED_MINUS_ACCEPTED,phase,2,ALL_A,ALL_STATUS,pit,3,,276,-0.079992511110457756,-0.079992511110457798,4.163336342344337e-17,True
321,partial_rank,REJECTED_MINUS_ACCEPTED,phase,2,ALL_A,ALL_STATUS,pit,5,,165,0.1071937167649467,0.1071937167649467,0,True
322,partial_rank,REJECTED_MINUS_ACCEPTED,phase,2,ALL_A,NON_ST,pit,3,,276,-0.071351027184247642,-0.071351027184247601,4.163336342344337e-17,True
323,partial_rank,REJECTED_MINUS_ACCEPTED,phase,2,ALL_A,NON_ST,pit,5,,165,0.10402223288383394,0.1040222328838339,4.163336342344337e-17,True
324,partial_rank,REJECTED_MINUS_ACCEPTED,phase,2,CHINEXT_BOARD,ALL_STATUS,pit,3,,274,0.0087570417400205502,0.0087570417400204999,5.0306980803327406e-17,True
325,partial_rank,REJECTED_MINUS_ACCEPTED,phase,2,CHINEXT_BOARD,ALL_STATUS,pit,5,,164,0.11988658332857502,0.11988658332857501,1.3877787807814457e-17,True
326,partial_rank,REJECTED_MINUS_ACCEPTED,phase,2,CHINEXT_BOARD,NON_ST,pit,3,,275,0.011579696059000279,0.011579696059000199,7.9797279894933126e-17,True
327,partial_rank,REJECTED_MINUS_ACCEPTED,phase,2,CHINEXT_BOARD,NON_ST,pit,5,,164,0.085892341364753516,0.085892341364753502,1.3877787807814457e-17,True
328,partial_rank,REJECTED_MINUS_ACCEPTED,phase,2,SH_A,ALL_STATUS,pit,3,,276,0.040160189662676135,0.0401601896626761,3.4694469519536142e-17,True
329,partial_rank,REJECTED_MINUS_ACCEPTED,phase,2,SH_A,ALL_STATUS,pit,5,,165,0.094631873828119717,0.094631873828119703,1.3877787807814457e-17,True
330,partial_rank,REJECTED_MINUS_ACCEPTED,phase,2,SH_A,NON_ST,pit,3,,276,0.052336119523320151,0.052336119523320103,4.8572257327350599e-17,True
331,partial_rank,REJECTED_MINUS_ACCEPTED,phase,2,SH_A,NON_ST,pit,5,,165,0.087592513754789506,0.087592513754789506,0,True
332,partial_rank,REJECTED_MINUS_ACCEPTED,phase,2,SZ_A,ALL_STATUS,pit,3,,276,-0.096996089451288237,-0.096996089451288306,6.9388939039072284e-17,True
333,partial_rank,REJECTED_MINUS_ACCEPTED,phase,2,SZ_A,ALL_STATUS,pit,5,,165,0.10270450461722047,0.1027045046172204,6.9388939039072284e-17,True
334,partial_rank,REJECTED_MINUS_ACCEPTED,phase,2,SZ_A,NON_ST,pit,3,,276,-0.11185729472143628,-0.1118572947214363,1.3877787807814457e-17,True
335,partial_rank,REJECTED_MINUS_ACCEPTED,phase,2,SZ_A,NON_ST,pit,5,,165,0.073862345196163581,0.073862345196163498,8.3266726846886741e-17,True
336,partial_rank,REJECTED_MINUS_ACCEPTED,phase,3,ALL_A,ALL_STATUS,pit,5,,166,-0.056436776003328082,-0.056436776003328103,2.0816681711721685e-17,True
337,partial_rank,REJECTED_MINUS_ACCEPTED,phase,3,ALL_A,NON_ST,pit,5,,166,-0.039973502953649792,-0.039973502953649702,9.0205620750793969e-17,True
338,partial_rank,REJECTED_MINUS_ACCEPTED,phase,3,CHINEXT_BOARD,ALL_STATUS,pit,5,,166,0.2143345689855165,0.2143345689855165,0,True
339,partial_rank,REJECTED_MINUS_ACCEPTED,phase,3,CHINEXT_BOARD,NON_ST,pit,5,,166,0.22052927096815605,0.22052927096815611,5.5511151231257827e-17,True
340,partial_rank,REJECTED_MINUS_ACCEPTED,phase,3,SH_A,ALL_STATUS,pit,5,,166,-0.096128931849590427,-0.096128931849590302,1.2490009027033011e-16,True
341,partial_rank,REJECTED_MINUS_ACCEPTED,phase,3,SH_A,NON_ST,pit,5,,166,-0.098020204918006615,-0.098020204918006601,1.3877787807814457e-17,True
342,partial_rank,REJECTED_MINUS_ACCEPTED,phase,3,SZ_A,ALL_STATUS,pit,5,,166,0.076301896560034652,0.076301896560034596,5.5511151231257827e-17,True
343,partial_rank,REJECTED_MINUS_ACCEPTED,phase,3,SZ_A,NON_ST,pit,5,,166,0.10244122284727981,0.1024412228472798,1.3877787807814457e-17,True
344,partial_rank,REJECTED_MINUS_ACCEPTED,phase,4,ALL_A,ALL_STATUS,pit,5,,166,0.030447262642057642,0.030447262642057601,4.163336342344337e-17,True
345,partial_rank,REJECTED_MINUS_ACCEPTED,phase,4,ALL_A,NON_ST,pit,5,,166,0.037337199937068563,0.037337199937068501,6.2450045135165055e-17,True
346,partial_rank,REJECTED_MINUS_ACCEPTED,phase,4,CHINEXT_BOARD,ALL_STATUS,pit,5,,166,0.047667482317467584,0.047667482317467598,1.3877787807814457e-17,True
347,partial_rank,REJECTED_MINUS_ACCEPTED,phase,4,CHINEXT_BOARD,NON_ST,pit,5,,166,0.054295505473861867,0.054295505473861798,6.9388939039072284e-17,True
348,partial_rank,REJECTED_MINUS_ACCEPTED,phase,4,SH_A,ALL_STATUS,pit,5,,166,0.10688059069944449,0.1068805906994444,8.3266726846886741e-17,True
349,partial_rank,REJECTED_MINUS_ACCEPTED,phase,4,SH_A,NON_ST,pit,5,,166,0.11330773147248907,0.113307731472489,6.9388939039072284e-17,True
350,partial_rank,REJECTED_MINUS_ACCEPTED,phase,4,SZ_A,ALL_STATUS,pit,5,,166,0.0012953393372227649,0.0012953393372227,6.4835289914633165e-17,True
351,partial_rank,REJECTED_MINUS_ACCEPTED,phase,4,SZ_A,NON_ST,pit,5,,166,-0.018224407333072148,-0.018224407333072099,4.8572257327350599e-17,True
352,partial_rank,REJECTED_MINUS_ACCEPTED,year,2020,ALL_A,ALL_STATUS,pit,3,,107,-0.12153371157885658,-0.12153371157885649,8.3266726846886741e-17,True
353,partial_rank,REJECTED_MINUS_ACCEPTED,year,2020,ALL_A,NON_ST,pit,3,,107,-0.11772351210665125,-0.1177235121066512,4.163336342344337e-17,True
354,partial_rank,REJECTED_MINUS_ACCEPTED,year,2020,CHINEXT_BOARD,ALL_STATUS,pit,3,,107,0.19184299039779168,0.19184299039779171,2.7755575615628914e-17,True
355,partial_rank,REJECTED_MINUS_ACCEPTED,year,2020,CHINEXT_BOARD,NON_ST,pit,3,,107,0.19291391922885356,0.19291391922885359,2.7755575615628914e-17,True
356,partial_rank,REJECTED_MINUS_ACCEPTED,year,2020,SH_A,ALL_STATUS,pit,3,,107,-0.025639029670589692,-0.025639029670589598,9.3675067702747583e-17,True
357,partial_rank,REJECTED_MINUS_ACCEPTED,year,2020,SH_A,NON_ST,pit,3,,107,-0.053830525658317231,-0.053830525658317203,2.7755575615628914e-17,True
358,partial_rank,REJECTED_MINUS_ACCEPTED,year,2020,SZ_A,ALL_STATUS,pit,3,,107,-0.17051365587780781,-0.1705136558778077,1.1102230246251565e-16,True
359,partial_rank,REJECTED_MINUS_ACCEPTED,year,2020,SZ_A,NON_ST,pit,3,,107,-0.19098135918132342,-0.19098135918132331,1.1102230246251565e-16,True
360,partial_rank,REJECTED_MINUS_ACCEPTED,year,2021,ALL_A,ALL_STATUS,pit,3,,243,-0.14767652773694906,-0.14767652773694889,1.6653345369377348e-16,True
361,partial_rank,REJECTED_MINUS_ACCEPTED,year,2021,ALL_A,NON_ST,pit,3,,243,-0.13336279091489844,-0.1333627909148983,1.3877787807814457e-16,True
362,partial_rank,REJECTED_MINUS_ACCEPTED,year,2021,CHINEXT_BOARD,ALL_STATUS,pit,3,,240,-0.054360277239204891,-0.054360277239204897,6.9388939039072284e-18,True
363,partial_rank,REJECTED_MINUS_ACCEPTED,year,2021,CHINEXT_BOARD,NON_ST,pit,3,,241,-0.049121074644317704,-0.0491210746443176,1.0408340855860843e-16,True
364,partial_rank,REJECTED_MINUS_ACCEPTED,year,2021,SH_A,ALL_STATUS,pit,3,,243,-0.093180189838177482,-0.093180189838177399,8.3266726846886741e-17,True
365,partial_rank,REJECTED_MINUS_ACCEPTED,year,2021,SH_A,NON_ST,pit,3,,243,-0.092424646794890028,-0.092424646794889903,1.2490009027033011e-16,True
366,partial_rank,REJECTED_MINUS_ACCEPTED,year,2021,SZ_A,ALL_STATUS,pit,3,,243,-0.13518998916709302,-0.13518998916709291,1.1102230246251565e-16,True
367,partial_rank,REJECTED_MINUS_ACCEPTED,year,2021,SZ_A,NON_ST,pit,3,,243,-0.14667415809726819,-0.14667415809726811,8.3266726846886741e-17,True
368,partial_rank,REJECTED_MINUS_ACCEPTED,year,2022,ALL_A,ALL_STATUS,pit,3,,242,-0.029252613353439379,-0.029252613353439299,7.9797279894933126e-17,True
369,partial_rank,REJECTED_MINUS_ACCEPTED,year,2022,ALL_A,NON_ST,pit,3,,242,-0.043084134284985802,-0.043084134284985802,0,True
370,partial_rank,REJECTED_MINUS_ACCEPTED,year,2022,CHINEXT_BOARD,ALL_STATUS,pit,3,,242,0.033676822977153027,0.033676822977152999,2.7755575615628914e-17,True
371,partial_rank,REJECTED_MINUS_ACCEPTED,year,2022,CHINEXT_BOARD,NON_ST,pit,3,,242,0.021237186303162663,0.021237186303162601,6.2450045135165055e-17,True
372,partial_rank,REJECTED_MINUS_ACCEPTED,year,2022,SH_A,ALL_STATUS,pit,3,,242,-0.0010076109751571876,-0.0010076109751571999,1.2359904766334751e-17,True
373,partial_rank,REJECTED_MINUS_ACCEPTED,year,2022,SH_A,NON_ST,pit,3,,242,-0.0045670999506206142,-0.0045670999506204997,1.1449174941446927e-16,True
374,partial_rank,REJECTED_MINUS_ACCEPTED,year,2022,SZ_A,ALL_STATUS,pit,3,,242,0.017417029027273007,0.017417029027273,6.9388939039072284e-18,True
375,partial_rank,REJECTED_MINUS_ACCEPTED,year,2022,SZ_A,NON_ST,pit,3,,242,0.0078146870554774463,0.0078146870554773994,4.6837533851373792e-17,True
376,partial_rank,REJECTED_MINUS_ACCEPTED,year,2023,ALL_A,ALL_STATUS,pit,3,,237,0.11447252999249263,0.11447252999249249,1.3877787807814457e-16,True
377,partial_rank,REJECTED_MINUS_ACCEPTED,year,2023,ALL_A,NON_ST,pit,3,,237,0.11251646940162639,0.1125164694016265,1.1102230246251565e-16,True
378,partial_rank,REJECTED_MINUS_ACCEPTED,year,2023,CHINEXT_BOARD,ALL_STATUS,pit,3,,237,0.15709500318481184,0.1570950031848119,5.5511151231257827e-17,True
379,partial_rank,REJECTED_MINUS_ACCEPTED,year,2023,CHINEXT_BOARD,NON_ST,pit,3,,237,0.15505363183586418,0.15505363183586421,2.7755575615628914e-17,True
380,partial_rank,REJECTED_MINUS_ACCEPTED,year,2023,SH_A,ALL_STATUS,pit,3,,237,0.12962657310880346,0.12962657310880341,5.5511151231257827e-17,True
381,partial_rank,REJECTED_MINUS_ACCEPTED,year,2023,SH_A,NON_ST,pit,3,,237,0.13690428608001928,0.13690428608001931,2.7755575615628914e-17,True
382,partial_rank,REJECTED_MINUS_ACCEPTED,year,2023,SZ_A,ALL_STATUS,pit,3,,237,0.097866849738402262,0.097866849738402303,4.163336342344337e-17,True
383,partial_rank,REJECTED_MINUS_ACCEPTED,year,2023,SZ_A,NON_ST,pit,3,,237,0.082733777600697889,0.082733777600697805,8.3266726846886741e-17,True
384,partial_rank,ACCEPTED_CROSSER_DOWNSIDE,block,A,ALL_A,ALL_STATUS,pit,3,,107,-0.22055294384387736,-0.22055294384387741,5.5511151231257827e-17,True
385,partial_rank,ACCEPTED_CROSSER_DOWNSIDE,block,A,ALL_A,NON_ST,pit,3,,107,-0.2203650079376944,-0.2203650079376944,0,True
386,partial_rank,ACCEPTED_CROSSER_DOWNSIDE,block,A,CHINEXT_BOARD,ALL_STATUS,pit,3,,107,-0.20044887933141853,-0.2004488793314185,2.7755575615628914e-17,True
387,partial_rank,ACCEPTED_CROSSER_DOWNSIDE,block,A,CHINEXT_BOARD,NON_ST,pit,3,,107,-0.19591118890343165,-0.19591118890343159,5.5511151231257827e-17,True
388,partial_rank,ACCEPTED_CROSSER_DOWNSIDE,block,A,SH_A,ALL_STATUS,pit,3,,107,-0.1613017341513403,-0.16130173415134019,1.1102230246251565e-16,True
389,partial_rank,ACCEPTED_CROSSER_DOWNSIDE,block,A,SH_A,NON_ST,pit,3,,107,-0.15085720243374998,-0.15085720243375,2.7755575615628914e-17,True
390,partial_rank,ACCEPTED_CROSSER_DOWNSIDE,block,A,SZ_A,ALL_STATUS,pit,3,,107,-0.15795200500712342,-0.1579520050071235,8.3266726846886741e-17,True
391,partial_rank,ACCEPTED_CROSSER_DOWNSIDE,block,A,SZ_A,NON_ST,pit,3,,107,-0.14125226272634198,-0.14125226272634181,1.6653345369377348e-16,True
392,partial_rank,ACCEPTED_CROSSER_DOWNSIDE,block,B,ALL_A,ALL_STATUS,pit,3,,722,-0.35230901234733303,-0.35230901234733297,5.5511151231257827e-17,True
393,partial_rank,ACCEPTED_CROSSER_DOWNSIDE,block,B,ALL_A,NON_ST,pit,3,,722,-0.35780189378452903,-0.3578018937845292,1.6653345369377348e-16,True
394,partial_rank,ACCEPTED_CROSSER_DOWNSIDE,block,B,CHINEXT_BOARD,ALL_STATUS,pit,3,,719,-0.31908402953211773,-0.31908402953211762,1.1102230246251565e-16,True
395,partial_rank,ACCEPTED_CROSSER_DOWNSIDE,block,B,CHINEXT_BOARD,NON_ST,pit,3,,720,-0.31476867188326696,-0.31476867188326701,5.5511151231257827e-17,True
396,partial_rank,ACCEPTED_CROSSER_DOWNSIDE,block,B,SH_A,ALL_STATUS,pit,3,,722,-0.36464900772727871,-0.3646490077272786,1.1102230246251565e-16,True
397,partial_rank,ACCEPTED_CROSSER_DOWNSIDE,block,B,SH_A,NON_ST,pit,3,,722,-0.3749909252272331,-0.37499092522723282,2.7755575615628914e-16,True
398,partial_rank,ACCEPTED_CROSSER_DOWNSIDE,block,B,SZ_A,ALL_STATUS,pit,3,,722,-0.30444854902426072,-0.30444854902426072,0,True
399,partial_rank,ACCEPTED_CROSSER_DOWNSIDE,block,B,SZ_A,NON_ST,pit,3,,722,-0.30243215797257134,-0.30243215797257123,1.1102230246251565e-16,True
400,partial_rank,ACCEPTED_CROSSER_DOWNSIDE,cell,ALL_A:ALL_STATUS,ALL_A,ALL_STATUS,absolute,1,,829,-0.29401071412403945,-0.29401071412403951,5.5511151231257827e-17,True
401,partial_rank,ACCEPTED_CROSSER_DOWNSIDE,cell,ALL_A:ALL_STATUS,ALL_A,ALL_STATUS,absolute,3,,829,-0.33756420664822168,-0.33756420664822162,5.5511151231257827e-17,True
402,partial_rank,ACCEPTED_CROSSER_DOWNSIDE,cell,ALL_A:ALL_STATUS,ALL_A,ALL_STATUS,absolute,5,,829,-0.33899746814326637,-0.33899746814326642,5.5511151231257827e-17,True
403,partial_rank,ACCEPTED_CROSSER_DOWNSIDE,cell,ALL_A:ALL_STATUS,ALL_A,ALL_STATUS,pit,1,,829,-0.28803824094310537,-0.28803824094310532,5.5511151231257827e-17,True
404,partial_rank,ACCEPTED_CROSSER_DOWNSIDE,cell,ALL_A:ALL_STATUS,ALL_A,ALL_STATUS,pit,3,,829,-0.33613743390454365,-0.33613743390454359,5.5511151231257827e-17,True
405,partial_rank,ACCEPTED_CROSSER_DOWNSIDE,cell,ALL_A:ALL_STATUS,ALL_A,ALL_STATUS,pit,5,,829,-0.33731817881880494,-0.3373181788188051,1.6653345369377348e-16,True
406,partial_rank,ACCEPTED_CROSSER_DOWNSIDE,cell,ALL_A:NON_ST,ALL_A,NON_ST,absolute,1,,829,-0.3017284601690321,-0.30172846016903188,2.2204460492503131e-16,True
407,partial_rank,ACCEPTED_CROSSER_DOWNSIDE,cell,ALL_A:NON_ST,ALL_A,NON_ST,absolute,3,,829,-0.34206326599135223,-0.34206326599135228,5.5511151231257827e-17,True
408,partial_rank,ACCEPTED_CROSSER_DOWNSIDE,cell,ALL_A:NON_ST,ALL_A,NON_ST,absolute,5,,829,-0.34372885095834843,-0.34372885095834821,2.2204460492503131e-16,True
409,partial_rank,ACCEPTED_CROSSER_DOWNSIDE,cell,ALL_A:NON_ST,ALL_A,NON_ST,pit,1,,829,-0.29800335439445585,-0.29800335439445569,1.6653345369377348e-16,True
410,partial_rank,ACCEPTED_CROSSER_DOWNSIDE,cell,ALL_A:NON_ST,ALL_A,NON_ST,pit,3,,829,-0.34189013085953052,-0.34189013085953052,0,True
411,partial_rank,ACCEPTED_CROSSER_DOWNSIDE,cell,ALL_A:NON_ST,ALL_A,NON_ST,pit,5,,829,-0.34348201731470396,-0.34348201731470418,2.2204460492503131e-16,True
412,partial_rank,ACCEPTED_CROSSER_DOWNSIDE,cell,CHINEXT_BOARD:ALL_STATUS,CHINEXT_BOARD,ALL_STATUS,absolute,1,,826,-0.24861123283676217,-0.24861123283676209,8.3266726846886741e-17,True
413,partial_rank,ACCEPTED_CROSSER_DOWNSIDE,cell,CHINEXT_BOARD:ALL_STATUS,CHINEXT_BOARD,ALL_STATUS,absolute,3,,826,-0.32018495047851137,-0.3201849504785112,1.6653345369377348e-16,True
414,partial_rank,ACCEPTED_CROSSER_DOWNSIDE,cell,CHINEXT_BOARD:ALL_STATUS,CHINEXT_BOARD,ALL_STATUS,absolute,5,,826,-0.34452123790726075,-0.3445212379072608,5.5511151231257827e-17,True
415,partial_rank,ACCEPTED_CROSSER_DOWNSIDE,cell,CHINEXT_BOARD:ALL_STATUS,CHINEXT_BOARD,ALL_STATUS,pit,1,,826,-0.23099045168677926,-0.2309904516867792,5.5511151231257827e-17,True
416,partial_rank,ACCEPTED_CROSSER_DOWNSIDE,cell,CHINEXT_BOARD:ALL_STATUS,CHINEXT_BOARD,ALL_STATUS,pit,3,,826,-0.3055833498349913,-0.3055833498349913,0,True
417,partial_rank,ACCEPTED_CROSSER_DOWNSIDE,cell,CHINEXT_BOARD:ALL_STATUS,CHINEXT_BOARD,ALL_STATUS,pit,5,,826,-0.33079697066031633,-0.33079697066031621,1.1102230246251565e-16,True
418,partial_rank,ACCEPTED_CROSSER_DOWNSIDE,cell,CHINEXT_BOARD:NON_ST,CHINEXT_BOARD,NON_ST,absolute,1,,827,-0.24952821030461897,-0.24952821030461891,5.5511151231257827e-17,True
419,partial_rank,ACCEPTED_CROSSER_DOWNSIDE,cell,CHINEXT_BOARD:NON_ST,CHINEXT_BOARD,NON_ST,absolute,3,,827,-0.31486860862429894,-0.314868608624299,5.5511151231257827e-17,True
420,partial_rank,ACCEPTED_CROSSER_DOWNSIDE,cell,CHINEXT_BOARD:NON_ST,CHINEXT_BOARD,NON_ST,absolute,5,,827,-0.33998543342963672,-0.33998543342963661,1.1102230246251565e-16,True
421,partial_rank,ACCEPTED_CROSSER_DOWNSIDE,cell,CHINEXT_BOARD:NON_ST,CHINEXT_BOARD,NON_ST,pit,1,,827,-0.23214144041025889,-0.23214144041025889,0,True
422,partial_rank,ACCEPTED_CROSSER_DOWNSIDE,cell,CHINEXT_BOARD:NON_ST,CHINEXT_BOARD,NON_ST,pit,3,,827,-0.30086647486911372,-0.3008664748691135,2.2204460492503131e-16,True
423,partial_rank,ACCEPTED_CROSSER_DOWNSIDE,cell,CHINEXT_BOARD:NON_ST,CHINEXT_BOARD,NON_ST,pit,5,,827,-0.32658366246278969,-0.32658366246278953,1.6653345369377348e-16,True
424,partial_rank,ACCEPTED_CROSSER_DOWNSIDE,cell,SH_A:ALL_STATUS,SH_A,ALL_STATUS,absolute,1,,829,-0.30142912001172067,-0.30142912001172067,0,True
425,partial_rank,ACCEPTED_CROSSER_DOWNSIDE,cell,SH_A:ALL_STATUS,SH_A,ALL_STATUS,absolute,3,,829,-0.33535224761668503,-0.33535224761668508,5.5511151231257827e-17,True
426,partial_rank,ACCEPTED_CROSSER_DOWNSIDE,cell,SH_A:ALL_STATUS,SH_A,ALL_STATUS,absolute,5,,829,-0.3260502644703932,-0.3260502644703932,0,True
427,partial_rank,ACCEPTED_CROSSER_DOWNSIDE,cell,SH_A:ALL_STATUS,SH_A,ALL_STATUS,pit,1,,829,-0.29897625777318126,-0.2989762577731811,1.6653345369377348e-16,True
428,partial_rank,ACCEPTED_CROSSER_DOWNSIDE,cell,SH_A:ALL_STATUS,SH_A,ALL_STATUS,pit,3,,829,-0.34081314141170793,-0.34081314141170799,5.5511151231257827e-17,True
429,partial_rank,ACCEPTED_CROSSER_DOWNSIDE,cell,SH_A:ALL_STATUS,SH_A,ALL_STATUS,pit,5,,829,-0.32991904238984543,-0.32991904238984532,1.1102230246251565e-16,True
430,partial_rank,ACCEPTED_CROSSER_DOWNSIDE,cell,SH_A:NON_ST,SH_A,NON_ST,absolute,1,,829,-0.30715515655619785,-0.30715515655619768,1.6653345369377348e-16,True
431,partial_rank,ACCEPTED_CROSSER_DOWNSIDE,cell,SH_A:NON_ST,SH_A,NON_ST,absolute,3,,829,-0.34184805333302076,-0.34184805333302082,5.5511151231257827e-17,True
432,partial_rank,ACCEPTED_CROSSER_DOWNSIDE,cell,SH_A:NON_ST,SH_A,NON_ST,absolute,5,,829,-0.32923882777232244,-0.32923882777232238,5.5511151231257827e-17,True
433,partial_rank,ACCEPTED_CROSSER_DOWNSIDE,cell,SH_A:NON_ST,SH_A,NON_ST,pit,1,,829,-0.30559011842721556,-0.30559011842721551,5.5511151231257827e-17,True
434,partial_rank,ACCEPTED_CROSSER_DOWNSIDE,cell,SH_A:NON_ST,SH_A,NON_ST,pit,3,,829,-0.34866249226123414,-0.34866249226123391,2.2204460492503131e-16,True
435,partial_rank,ACCEPTED_CROSSER_DOWNSIDE,cell,SH_A:NON_ST,SH_A,NON_ST,pit,5,,829,-0.33406678900526304,-0.33406678900526299,5.5511151231257827e-17,True
436,partial_rank,ACCEPTED_CROSSER_DOWNSIDE,cell,SZ_A:ALL_STATUS,SZ_A,ALL_STATUS,absolute,1,,829,-0.22827067855372773,-0.22827067855372779,5.5511151231257827e-17,True
437,partial_rank,ACCEPTED_CROSSER_DOWNSIDE,cell,SZ_A:ALL_STATUS,SZ_A,ALL_STATUS,absolute,3,,829,-0.29125322808779708,-0.29125322808779708,0,True
438,partial_rank,ACCEPTED_CROSSER_DOWNSIDE,cell,SZ_A:ALL_STATUS,SZ_A,ALL_STATUS,absolute,5,,829,-0.3078380123866693,-0.3078380123866693,0,True
439,partial_rank,ACCEPTED_CROSSER_DOWNSIDE,cell,SZ_A:ALL_STATUS,SZ_A,ALL_STATUS,pit,1,,829,-0.22109525237313654,-0.2210952523731364,1.3877787807814457e-16,True
440,partial_rank,ACCEPTED_CROSSER_DOWNSIDE,cell,SZ_A:ALL_STATUS,SZ_A,ALL_STATUS,pit,3,,829,-0.28850196556707269,-0.28850196556707258,1.1102230246251565e-16,True
441,partial_rank,ACCEPTED_CROSSER_DOWNSIDE,cell,SZ_A:ALL_STATUS,SZ_A,ALL_STATUS,pit,5,,829,-0.30502349009792773,-0.30502349009792762,1.1102230246251565e-16,True
442,partial_rank,ACCEPTED_CROSSER_DOWNSIDE,cell,SZ_A:NON_ST,SZ_A,NON_ST,absolute,1,,829,-0.22611872339560887,-0.2261187233956089,2.7755575615628914e-17,True
443,partial_rank,ACCEPTED_CROSSER_DOWNSIDE,cell,SZ_A:NON_ST,SZ_A,NON_ST,absolute,3,,829,-0.28866144000571009,-0.2886614400057102,1.1102230246251565e-16,True
444,partial_rank,ACCEPTED_CROSSER_DOWNSIDE,cell,SZ_A:NON_ST,SZ_A,NON_ST,absolute,5,,829,-0.30632503698786462,-0.30632503698786462,0,True
445,partial_rank,ACCEPTED_CROSSER_DOWNSIDE,cell,SZ_A:NON_ST,SZ_A,NON_ST,pit,1,,829,-0.22211794410504873,-0.2221179441050487,2.7755575615628914e-17,True
446,partial_rank,ACCEPTED_CROSSER_DOWNSIDE,cell,SZ_A:NON_ST,SZ_A,NON_ST,pit,3,,829,-0.28710543408220407,-0.2871054340822039,1.6653345369377348e-16,True
447,partial_rank,ACCEPTED_CROSSER_DOWNSIDE,cell,SZ_A:NON_ST,SZ_A,NON_ST,pit,5,,829,-0.3041240636913945,-0.3041240636913945,0,True
448,partial_rank,ACCEPTED_CROSSER_DOWNSIDE,leave_one_year_out,2020,ALL_A,ALL_STATUS,pit,3,,722,-0.35230901234733303,-0.35230901234733297,5.5511151231257827e-17,True
449,partial_rank,ACCEPTED_CROSSER_DOWNSIDE,leave_one_year_out,2020,ALL_A,NON_ST,pit,3,,722,-0.35780189378452903,-0.3578018937845292,1.6653345369377348e-16,True
450,partial_rank,ACCEPTED_CROSSER_DOWNSIDE,leave_one_year_out,2020,CHINEXT_BOARD,ALL_STATUS,pit,3,,719,-0.31908402953211773,-0.31908402953211762,1.1102230246251565e-16,True
451,partial_rank,ACCEPTED_CROSSER_DOWNSIDE,leave_one_year_out,2020,CHINEXT_BOARD,NON_ST,pit,3,,720,-0.31476867188326696,-0.31476867188326701,5.5511151231257827e-17,True
452,partial_rank,ACCEPTED_CROSSER_DOWNSIDE,leave_one_year_out,2020,SH_A,ALL_STATUS,pit,3,,722,-0.36464900772727871,-0.3646490077272786,1.1102230246251565e-16,True
453,partial_rank,ACCEPTED_CROSSER_DOWNSIDE,leave_one_year_out,2020,SH_A,NON_ST,pit,3,,722,-0.3749909252272331,-0.37499092522723282,2.7755575615628914e-16,True
454,partial_rank,ACCEPTED_CROSSER_DOWNSIDE,leave_one_year_out,2020,SZ_A,ALL_STATUS,pit,3,,722,-0.30444854902426072,-0.30444854902426072,0,True
455,partial_rank,ACCEPTED_CROSSER_DOWNSIDE,leave_one_year_out,2020,SZ_A,NON_ST,pit,3,,722,-0.30243215797257134,-0.30243215797257123,1.1102230246251565e-16,True
456,partial_rank,ACCEPTED_CROSSER_DOWNSIDE,leave_one_year_out,2021,ALL_A,ALL_STATUS,pit,3,,586,-0.41518614737297427,-0.41518614737297438,1.1102230246251565e-16,True
457,partial_rank,ACCEPTED_CROSSER_DOWNSIDE,leave_one_year_out,2021,ALL_A,NON_ST,pit,3,,586,-0.41493090129539134,-0.41493090129539151,1.6653345369377348e-16,True
458,partial_rank,ACCEPTED_CROSSER_DOWNSIDE,leave_one_year_out,2021,CHINEXT_BOARD,ALL_STATUS,pit,3,,586,-0.36695845390432302,-0.3669584539043228,2.2204460492503131e-16,True
459,partial_rank,ACCEPTED_CROSSER_DOWNSIDE,leave_one_year_out,2021,CHINEXT_BOARD,NON_ST,pit,3,,586,-0.36201921480143778,-0.36201921480143773,5.5511151231257827e-17,True
460,partial_rank,ACCEPTED_CROSSER_DOWNSIDE,leave_one_year_out,2021,SH_A,ALL_STATUS,pit,3,,586,-0.39127085464017042,-0.39127085464017031,1.1102230246251565e-16,True
461,partial_rank,ACCEPTED_CROSSER_DOWNSIDE,leave_one_year_out,2021,SH_A,NON_ST,pit,3,,586,-0.39742334234343274,-0.39742334234343241,3.3306690738754696e-16,True
462,partial_rank,ACCEPTED_CROSSER_DOWNSIDE,leave_one_year_out,2021,SZ_A,ALL_STATUS,pit,3,,586,-0.36181179805989788,-0.36181179805989772,1.6653345369377348e-16,True
463,partial_rank,ACCEPTED_CROSSER_DOWNSIDE,leave_one_year_out,2021,SZ_A,NON_ST,pit,3,,586,-0.35483477655204365,-0.3548347765520436,5.5511151231257827e-17,True
464,partial_rank,ACCEPTED_CROSSER_DOWNSIDE,leave_one_year_out,2022,ALL_A,ALL_STATUS,pit,3,,587,-0.3678488623003594,-0.3678488623003594,0,True
465,partial_rank,ACCEPTED_CROSSER_DOWNSIDE,leave_one_year_out,2022,ALL_A,NON_ST,pit,3,,587,-0.37464437974201725,-0.37464437974201731,5.5511151231257827e-17,True
466,partial_rank,ACCEPTED_CROSSER_DOWNSIDE,leave_one_year_out,2022,CHINEXT_BOARD,ALL_STATUS,pit,3,,584,-0.31122544354007026,-0.31122544354007031,5.5511151231257827e-17,True
467,partial_rank,ACCEPTED_CROSSER_DOWNSIDE,leave_one_year_out,2022,CHINEXT_BOARD,NON_ST,pit,3,,585,-0.30418044519297854,-0.30418044519297832,2.2204460492503131e-16,True
468,partial_rank,ACCEPTED_CROSSER_DOWNSIDE,leave_one_year_out,2022,SH_A,ALL_STATUS,pit,3,,587,-0.3873866277511317,-0.38738662775113181,1.1102230246251565e-16,True
469,partial_rank,ACCEPTED_CROSSER_DOWNSIDE,leave_one_year_out,2022,SH_A,NON_ST,pit,3,,587,-0.39432166489575504,-0.39432166489575471,3.3306690738754696e-16,True
470,partial_rank,ACCEPTED_CROSSER_DOWNSIDE,leave_one_year_out,2022,SZ_A,ALL_STATUS,pit,3,,587,-0.28276512223428302,-0.28276512223428307,5.5511151231257827e-17,True
471,partial_rank,ACCEPTED_CROSSER_DOWNSIDE,leave_one_year_out,2022,SZ_A,NON_ST,pit,3,,587,-0.28125297415005429,-0.2812529741500544,1.1102230246251565e-16,True
472,partial_rank,ACCEPTED_CROSSER_DOWNSIDE,leave_one_year_out,2023,ALL_A,ALL_STATUS,pit,3,,592,-0.21643938504005181,-0.21643938504005181,0,True
473,partial_rank,ACCEPTED_CROSSER_DOWNSIDE,leave_one_year_out,2023,ALL_A,NON_ST,pit,3,,592,-0.22465938887976677,-0.22465938887976669,8.3266726846886741e-17,True
474,partial_rank,ACCEPTED_CROSSER_DOWNSIDE,leave_one_year_out,2023,CHINEXT_BOARD,ALL_STATUS,pit,3,,589,-0.20683737196492866,-0.20683737196492871,5.5511151231257827e-17,True
475,partial_rank,ACCEPTED_CROSSER_DOWNSIDE,leave_one_year_out,2023,CHINEXT_BOARD,NON_ST,pit,3,,590,-0.20212245723568723,-0.20212245723568709,1.3877787807814457e-16,True
476,partial_rank,ACCEPTED_CROSSER_DOWNSIDE,leave_one_year_out,2023,SH_A,ALL_STATUS,pit,3,,592,-0.22198524713063619,-0.22198524713063611,8.3266726846886741e-17,True
477,partial_rank,ACCEPTED_CROSSER_DOWNSIDE,leave_one_year_out,2023,SH_A,NON_ST,pit,3,,592,-0.22901460160809639,-0.2290146016080962,1.9428902930940239e-16,True
478,partial_rank,ACCEPTED_CROSSER_DOWNSIDE,leave_one_year_out,2023,SZ_A,ALL_STATUS,pit,3,,592,-0.2057361515338314,-0.20573615153383129,1.1102230246251565e-16,True
479,partial_rank,ACCEPTED_CROSSER_DOWNSIDE,leave_one_year_out,2023,SZ_A,NON_ST,pit,3,,592,-0.20801037519065216,-0.2080103751906521,5.5511151231257827e-17,True
480,partial_rank,ACCEPTED_CROSSER_DOWNSIDE,phase,0,ALL_A,ALL_STATUS,pit,3,,276,-0.37429922089420409,-0.3742992208942037,3.8857805861880479e-16,True
481,partial_rank,ACCEPTED_CROSSER_DOWNSIDE,phase,0,ALL_A,ALL_STATUS,pit,5,,166,-0.31998175939084422,-0.31998175939084411,1.1102230246251565e-16,True
482,partial_rank,ACCEPTED_CROSSER_DOWNSIDE,phase,0,ALL_A,NON_ST,pit,3,,276,-0.37507211861886158,-0.37507211861886158,0,True
483,partial_rank,ACCEPTED_CROSSER_DOWNSIDE,phase,0,ALL_A,NON_ST,pit,5,,166,-0.32974489681075342,-0.3297448968107532,2.2204460492503131e-16,True
484,partial_rank,ACCEPTED_CROSSER_DOWNSIDE,phase,0,CHINEXT_BOARD,ALL_STATUS,pit,3,,275,-0.3328037387582492,-0.33280373875824892,2.7755575615628914e-16,True
485,partial_rank,ACCEPTED_CROSSER_DOWNSIDE,phase,0,CHINEXT_BOARD,ALL_STATUS,pit,5,,166,-0.36755781409169935,-0.3675578140916993,5.5511151231257827e-17,True
486,partial_rank,ACCEPTED_CROSSER_DOWNSIDE,phase,0,CHINEXT_BOARD,NON_ST,pit,3,,275,-0.32569684711839592,-0.32569684711839569,2.2204460492503131e-16,True
487,partial_rank,ACCEPTED_CROSSER_DOWNSIDE,phase,0,CHINEXT_BOARD,NON_ST,pit,5,,166,-0.37034515984131477,-0.37034515984131472,5.5511151231257827e-17,True
488,partial_rank,ACCEPTED_CROSSER_DOWNSIDE,phase,0,SH_A,ALL_STATUS,pit,3,,276,-0.39438420109001709,-0.39438420109001698,1.1102230246251565e-16,True
489,partial_rank,ACCEPTED_CROSSER_DOWNSIDE,phase,0,SH_A,ALL_STATUS,pit,5,,166,-0.25775119487906945,-0.25775119487906922,2.2204460492503131e-16,True
490,partial_rank,ACCEPTED_CROSSER_DOWNSIDE,phase,0,SH_A,NON_ST,pit,3,,276,-0.39766931399522654,-0.39766931399522631,2.2204460492503131e-16,True
491,partial_rank,ACCEPTED_CROSSER_DOWNSIDE,phase,0,SH_A,NON_ST,pit,5,,166,-0.25898452411481132,-0.25898452411481132,0,True
492,partial_rank,ACCEPTED_CROSSER_DOWNSIDE,phase,0,SZ_A,ALL_STATUS,pit,3,,276,-0.28625608721751339,-0.28625608721751322,1.6653345369377348e-16,True
493,partial_rank,ACCEPTED_CROSSER_DOWNSIDE,phase,0,SZ_A,ALL_STATUS,pit,5,,166,-0.28952189453693233,-0.28952189453693222,1.1102230246251565e-16,True
494,partial_rank,ACCEPTED_CROSSER_DOWNSIDE,phase,0,SZ_A,NON_ST,pit,3,,276,-0.28963915994035927,-0.28963915994035921,5.5511151231257827e-17,True
495,partial_rank,ACCEPTED_CROSSER_DOWNSIDE,phase,0,SZ_A,NON_ST,pit,5,,166,-0.30499580533568621,-0.3049958053356861,1.1102230246251565e-16,True
496,partial_rank,ACCEPTED_CROSSER_DOWNSIDE,phase,1,ALL_A,ALL_STATUS,pit,3,,277,-0.33373573806222567,-0.33373573806222551,1.6653345369377348e-16,True
497,partial_rank,ACCEPTED_CROSSER_DOWNSIDE,phase,1,ALL_A,ALL_STATUS,pit,5,,166,-0.37132350092278865,-0.3713235009227886,5.5511151231257827e-17,True
498,partial_rank,ACCEPTED_CROSSER_DOWNSIDE,phase,1,ALL_A,NON_ST,pit,3,,277,-0.34530238410700231,-0.34530238410700198,3.3306690738754696e-16,True
499,partial_rank,ACCEPTED_CROSSER_DOWNSIDE,phase,1,ALL_A,NON_ST,pit,5,,166,-0.38520829303905502,-0.38520829303905513,1.1102230246251565e-16,True
500,partial_rank,ACCEPTED_CROSSER_DOWNSIDE,phase,1,CHINEXT_BOARD,ALL_STATUS,pit,3,,277,-0.19866830756709855,-0.1986683075670985,5.5511151231257827e-17,True
501,partial_rank,ACCEPTED_CROSSER_DOWNSIDE,phase,1,CHINEXT_BOARD,ALL_STATUS,pit,5,,164,-0.33198332710212963,-0.33198332710212958,5.5511151231257827e-17,True
502,partial_rank,ACCEPTED_CROSSER_DOWNSIDE,phase,1,CHINEXT_BOARD,NON_ST,pit,3,,277,-0.19309187117589588,-0.19309187117589591,2.7755575615628914e-17,True
503,partial_rank,ACCEPTED_CROSSER_DOWNSIDE,phase,1,CHINEXT_BOARD,NON_ST,pit,5,,165,-0.32145735167798967,-0.32145735167798972,5.5511151231257827e-17,True
504,partial_rank,ACCEPTED_CROSSER_DOWNSIDE,phase,1,SH_A,ALL_STATUS,pit,3,,277,-0.31014370637444844,-0.31014370637444832,1.1102230246251565e-16,True
505,partial_rank,ACCEPTED_CROSSER_DOWNSIDE,phase,1,SH_A,ALL_STATUS,pit,5,,166,-0.46083228561471151,-0.46083228561471112,3.8857805861880479e-16,True
506,partial_rank,ACCEPTED_CROSSER_DOWNSIDE,phase,1,SH_A,NON_ST,pit,3,,277,-0.32847076440860379,-0.32847076440860379,0,True
507,partial_rank,ACCEPTED_CROSSER_DOWNSIDE,phase,1,SH_A,NON_ST,pit,5,,166,-0.46103939814020606,-0.46103939814020628,2.2204460492503131e-16,True
508,partial_rank,ACCEPTED_CROSSER_DOWNSIDE,phase,1,SZ_A,ALL_STATUS,pit,3,,277,-0.29856145806125028,-0.2985614580612504,1.1102230246251565e-16,True
509,partial_rank,ACCEPTED_CROSSER_DOWNSIDE,phase,1,SZ_A,ALL_STATUS,pit,5,,166,-0.30348467845831661,-0.3034846784583165,1.1102230246251565e-16,True
510,partial_rank,ACCEPTED_CROSSER_DOWNSIDE,phase,1,SZ_A,NON_ST,pit,3,,277,-0.2883945745972295,-0.28839457459722972,2.2204460492503131e-16,True
511,partial_rank,ACCEPTED_CROSSER_DOWNSIDE,phase,1,SZ_A,NON_ST,pit,5,,166,-0.29804293686155287,-0.29804293686155292,5.5511151231257827e-17,True
512,partial_rank,ACCEPTED_CROSSER_DOWNSIDE,phase,2,ALL_A,ALL_STATUS,pit,3,,276,-0.28555549484546139,-0.2855554948454615,1.1102230246251565e-16,True
513,partial_rank,ACCEPTED_CROSSER_DOWNSIDE,phase,2,ALL_A,ALL_STATUS,pit,5,,165,-0.31790760593869194,-0.317907605938692,5.5511151231257827e-17,True
514,partial_rank,ACCEPTED_CROSSER_DOWNSIDE,phase,2,ALL_A,NON_ST,pit,3,,276,-0.29170379113123618,-0.29170379113123612,5.5511151231257827e-17,True
515,partial_rank,ACCEPTED_CROSSER_DOWNSIDE,phase,2,ALL_A,NON_ST,pit,5,,165,-0.313333314002256,-0.31333331400225578,2.2204460492503131e-16,True
516,partial_rank,ACCEPTED_CROSSER_DOWNSIDE,phase,2,CHINEXT_BOARD,ALL_STATUS,pit,3,,274,-0.37351758336413421,-0.37351758336413449,2.7755575615628914e-16,True
517,partial_rank,ACCEPTED_CROSSER_DOWNSIDE,phase,2,CHINEXT_BOARD,ALL_STATUS,pit,5,,164,-0.23997449933300849,-0.2399744993330086,1.1102230246251565e-16,True
518,partial_rank,ACCEPTED_CROSSER_DOWNSIDE,phase,2,CHINEXT_BOARD,NON_ST,pit,3,,275,-0.3691618773388145,-0.36916187733881461,1.1102230246251565e-16,True
519,partial_rank,ACCEPTED_CROSSER_DOWNSIDE,phase,2,CHINEXT_BOARD,NON_ST,pit,5,,164,-0.22528923349756366,-0.22528923349756369,2.7755575615628914e-17,True
520,partial_rank,ACCEPTED_CROSSER_DOWNSIDE,phase,2,SH_A,ALL_STATUS,pit,3,,276,-0.31916354567954763,-0.31916354567954758,5.5511151231257827e-17,True
521,partial_rank,ACCEPTED_CROSSER_DOWNSIDE,phase,2,SH_A,ALL_STATUS,pit,5,,165,-0.33178376966632189,-0.331783769666322,1.1102230246251565e-16,True
522,partial_rank,ACCEPTED_CROSSER_DOWNSIDE,phase,2,SH_A,NON_ST,pit,3,,276,-0.32477342679541993,-0.32477342679542032,3.8857805861880479e-16,True
523,partial_rank,ACCEPTED_CROSSER_DOWNSIDE,phase,2,SH_A,NON_ST,pit,5,,165,-0.34211943275562257,-0.34211943275562268,1.1102230246251565e-16,True
524,partial_rank,ACCEPTED_CROSSER_DOWNSIDE,phase,2,SZ_A,ALL_STATUS,pit,3,,276,-0.279532386221089,-0.27953238622108889,1.1102230246251565e-16,True
525,partial_rank,ACCEPTED_CROSSER_DOWNSIDE,phase,2,SZ_A,ALL_STATUS,pit,5,,165,-0.263862861433174,-0.26386286143317389,1.1102230246251565e-16,True
526,partial_rank,ACCEPTED_CROSSER_DOWNSIDE,phase,2,SZ_A,NON_ST,pit,3,,276,-0.27676189496088527,-0.27676189496088538,1.1102230246251565e-16,True
527,partial_rank,ACCEPTED_CROSSER_DOWNSIDE,phase,2,SZ_A,NON_ST,pit,5,,165,-0.25294318504355151,-0.25294318504355118,3.3306690738754696e-16,True
528,partial_rank,ACCEPTED_CROSSER_DOWNSIDE,phase,3,ALL_A,ALL_STATUS,pit,5,,166,-0.26542475919738678,-0.26542475919738678,0,True
529,partial_rank,ACCEPTED_CROSSER_DOWNSIDE,phase,3,ALL_A,NON_ST,pit,5,,166,-0.26944862748352799,-0.26944862748352799,0,True
530,partial_rank,ACCEPTED_CROSSER_DOWNSIDE,phase,3,CHINEXT_BOARD,ALL_STATUS,pit,5,,166,-0.36299294082575362,-0.36299294082575362,0,True
531,partial_rank,ACCEPTED_CROSSER_DOWNSIDE,phase,3,CHINEXT_BOARD,NON_ST,pit,5,,166,-0.36731497614265407,-0.36731497614265401,5.5511151231257827e-17,True
532,partial_rank,ACCEPTED_CROSSER_DOWNSIDE,phase,3,SH_A,ALL_STATUS,pit,5,,166,-0.23543616131988881,-0.23543616131988879,2.7755575615628914e-17,True
533,partial_rank,ACCEPTED_CROSSER_DOWNSIDE,phase,3,SH_A,NON_ST,pit,5,,166,-0.23446825170344393,-0.2344682517034439,2.7755575615628914e-17,True
534,partial_rank,ACCEPTED_CROSSER_DOWNSIDE,phase,3,SZ_A,ALL_STATUS,pit,5,,166,-0.30863545964665462,-0.30863545964665468,5.5511151231257827e-17,True
535,partial_rank,ACCEPTED_CROSSER_DOWNSIDE,phase,3,SZ_A,NON_ST,pit,5,,166,-0.30529506285701286,-0.3052950628570128,5.5511151231257827e-17,True
536,partial_rank,ACCEPTED_CROSSER_DOWNSIDE,phase,4,ALL_A,ALL_STATUS,pit,5,,166,-0.37118032764069164,-0.37118032764069159,5.5511151231257827e-17,True
537,partial_rank,ACCEPTED_CROSSER_DOWNSIDE,phase,4,ALL_A,NON_ST,pit,5,,166,-0.38519104725443404,-0.38519104725443398,5.5511151231257827e-17,True
538,partial_rank,ACCEPTED_CROSSER_DOWNSIDE,phase,4,CHINEXT_BOARD,ALL_STATUS,pit,5,,166,-0.33081757748431567,-0.33081757748431551,1.6653345369377348e-16,True
539,partial_rank,ACCEPTED_CROSSER_DOWNSIDE,phase,4,CHINEXT_BOARD,NON_ST,pit,5,,166,-0.32350394688416217,-0.3235039468841619,2.7755575615628914e-16,True
540,partial_rank,ACCEPTED_CROSSER_DOWNSIDE,phase,4,SH_A,ALL_STATUS,pit,5,,166,-0.36881693028725138,-0.36881693028725149,1.1102230246251565e-16,True
541,partial_rank,ACCEPTED_CROSSER_DOWNSIDE,phase,4,SH_A,NON_ST,pit,5,,166,-0.3694171163932386,-0.36941711639323838,2.2204460492503131e-16,True
542,partial_rank,ACCEPTED_CROSSER_DOWNSIDE,phase,4,SZ_A,ALL_STATUS,pit,5,,166,-0.32634691936805393,-0.32634691936805388,5.5511151231257827e-17,True
543,partial_rank,ACCEPTED_CROSSER_DOWNSIDE,phase,4,SZ_A,NON_ST,pit,5,,166,-0.33527580463216172,-0.33527580463216178,5.5511151231257827e-17,True
544,partial_rank,ACCEPTED_CROSSER_DOWNSIDE,year,2020,ALL_A,ALL_STATUS,pit,3,,107,-0.22055294384387736,-0.22055294384387741,5.5511151231257827e-17,True
545,partial_rank,ACCEPTED_CROSSER_DOWNSIDE,year,2020,ALL_A,NON_ST,pit,3,,107,-0.2203650079376944,-0.2203650079376944,0,True
546,partial_rank,ACCEPTED_CROSSER_DOWNSIDE,year,2020,CHINEXT_BOARD,ALL_STATUS,pit,3,,107,-0.20044887933141853,-0.2004488793314185,2.7755575615628914e-17,True
547,partial_rank,ACCEPTED_CROSSER_DOWNSIDE,year,2020,CHINEXT_BOARD,NON_ST,pit,3,,107,-0.19591118890343165,-0.19591118890343159,5.5511151231257827e-17,True
548,partial_rank,ACCEPTED_CROSSER_DOWNSIDE,year,2020,SH_A,ALL_STATUS,pit,3,,107,-0.1613017341513403,-0.16130173415134019,1.1102230246251565e-16,True
549,partial_rank,ACCEPTED_CROSSER_DOWNSIDE,year,2020,SH_A,NON_ST,pit,3,,107,-0.15085720243374998,-0.15085720243375,2.7755575615628914e-17,True
550,partial_rank,ACCEPTED_CROSSER_DOWNSIDE,year,2020,SZ_A,ALL_STATUS,pit,3,,107,-0.15795200500712342,-0.1579520050071235,8.3266726846886741e-17,True
551,partial_rank,ACCEPTED_CROSSER_DOWNSIDE,year,2020,SZ_A,NON_ST,pit,3,,107,-0.14125226272634198,-0.14125226272634181,1.6653345369377348e-16,True
552,partial_rank,ACCEPTED_CROSSER_DOWNSIDE,year,2021,ALL_A,ALL_STATUS,pit,3,,243,-0.1817839829784407,-0.18178398297844051,1.9428902930940239e-16,True
553,partial_rank,ACCEPTED_CROSSER_DOWNSIDE,year,2021,ALL_A,NON_ST,pit,3,,243,-0.19891282000653535,-0.19891282000653529,5.5511151231257827e-17,True
554,partial_rank,ACCEPTED_CROSSER_DOWNSIDE,year,2021,CHINEXT_BOARD,ALL_STATUS,pit,3,,240,-0.091413267923655048,-0.091413267923655006,4.163336342344337e-17,True
555,partial_rank,ACCEPTED_CROSSER_DOWNSIDE,year,2021,CHINEXT_BOARD,NON_ST,pit,3,,241,-0.082940795818884333,-0.082940795818884194,1.3877787807814457e-16,True
556,partial_rank,ACCEPTED_CROSSER_DOWNSIDE,year,2021,SH_A,ALL_STATUS,pit,3,,243,-0.25862998942407656,-0.25862998942407628,2.7755575615628914e-16,True
557,partial_rank,ACCEPTED_CROSSER_DOWNSIDE,year,2021,SH_A,NON_ST,pit,3,,243,-0.26916766592538105,-0.26916766592538111,5.5511151231257827e-17,True
558,partial_rank,ACCEPTED_CROSSER_DOWNSIDE,year,2021,SZ_A,ALL_STATUS,pit,3,,243,-0.08975129722129975,-0.089751297221299695,5.5511151231257827e-17,True
559,partial_rank,ACCEPTED_CROSSER_DOWNSIDE,year,2021,SZ_A,NON_ST,pit,3,,243,-0.10889804996229058,-0.10889804996229049,8.3266726846886741e-17,True
560,partial_rank,ACCEPTED_CROSSER_DOWNSIDE,year,2022,ALL_A,ALL_STATUS,pit,3,,242,-0.33222526363049598,-0.3322252636304962,2.2204460492503131e-16,True
561,partial_rank,ACCEPTED_CROSSER_DOWNSIDE,year,2022,ALL_A,NON_ST,pit,3,,242,-0.33193334657339096,-0.33193334657339091,5.5511151231257827e-17,True
562,partial_rank,ACCEPTED_CROSSER_DOWNSIDE,year,2022,CHINEXT_BOARD,ALL_STATUS,pit,3,,242,-0.29173109610120457,-0.2917310961012044,1.6653345369377348e-16,True
563,partial_rank,ACCEPTED_CROSSER_DOWNSIDE,year,2022,CHINEXT_BOARD,NON_ST,pit,3,,242,-0.28503778903302768,-0.28503778903302762,5.5511151231257827e-17,True
564,partial_rank,ACCEPTED_CROSSER_DOWNSIDE,year,2022,SH_A,ALL_STATUS,pit,3,,242,-0.30982550254692082,-0.30982550254692037,4.4408920985006262e-16,True
565,partial_rank,ACCEPTED_CROSSER_DOWNSIDE,year,2022,SH_A,NON_ST,pit,3,,242,-0.31700759454695809,-0.31700759454695793,1.6653345369377348e-16,True
566,partial_rank,ACCEPTED_CROSSER_DOWNSIDE,year,2022,SZ_A,ALL_STATUS,pit,3,,242,-0.32115593812375309,-0.3211559381237532,1.1102230246251565e-16,True
567,partial_rank,ACCEPTED_CROSSER_DOWNSIDE,year,2022,SZ_A,NON_ST,pit,3,,242,-0.31898773193047231,-0.31898773193047247,1.6653345369377348e-16,True
568,partial_rank,ACCEPTED_CROSSER_DOWNSIDE,year,2023,ALL_A,ALL_STATUS,pit,3,,237,-0.55541556543386528,-0.55541556543386505,2.2204460492503131e-16,True
569,partial_rank,ACCEPTED_CROSSER_DOWNSIDE,year,2023,ALL_A,NON_ST,pit,3,,237,-0.5425772629096095,-0.54257726290960995,4.4408920985006262e-16,True
570,partial_rank,ACCEPTED_CROSSER_DOWNSIDE,year,2023,CHINEXT_BOARD,ALL_STATUS,pit,3,,237,-0.49084643095387637,-0.49084643095387609,2.7755575615628914e-16,True
571,partial_rank,ACCEPTED_CROSSER_DOWNSIDE,year,2023,CHINEXT_BOARD,NON_ST,pit,3,,237,-0.48358461618891457,-0.48358461618891391,6.6613381477509392e-16,True
572,partial_rank,ACCEPTED_CROSSER_DOWNSIDE,year,2023,SH_A,ALL_STATUS,pit,3,,237,-0.55138410693112794,-0.55138410693112816,2.2204460492503131e-16,True
573,partial_rank,ACCEPTED_CROSSER_DOWNSIDE,year,2023,SH_A,NON_ST,pit,3,,237,-0.56076101855500671,-0.5607610185550066,1.1102230246251565e-16,True
574,partial_rank,ACCEPTED_CROSSER_DOWNSIDE,year,2023,SZ_A,ALL_STATUS,pit,3,,237,-0.46436382103886908,-0.46436382103886881,2.7755575615628914e-16,True
575,partial_rank,ACCEPTED_CROSSER_DOWNSIDE,year,2023,SZ_A,NON_ST,pit,3,,237,-0.44051997237035995,-0.44051997237035972,2.2204460492503131e-16,True
576,tail_residual_gap,REJECTED_CROSSER_DOWNSIDE,cell,ALL_A:ALL_STATUS,ALL_A,ALL_STATUS,pit,3,,829,-0.016986489169061796,-0.0169864891690618,3.4694469519536142e-18,True
577,tail_residual_gap,REJECTED_CROSSER_DOWNSIDE,cell,ALL_A:NON_ST,ALL_A,NON_ST,pit,3,,829,-0.016552825427304192,-0.016552825427304099,9.3675067702747583e-17,True
578,tail_residual_gap,REJECTED_CROSSER_DOWNSIDE,cell,CHINEXT_BOARD:ALL_STATUS,CHINEXT_BOARD,ALL_STATUS,pit,3,,826,-0.013798835370698398,-0.013798835370698301,9.7144514654701197e-17,True
579,tail_residual_gap,REJECTED_CROSSER_DOWNSIDE,cell,CHINEXT_BOARD:NON_ST,CHINEXT_BOARD,NON_ST,pit,3,,827,-0.01329856799177518,-0.0132985679917751,7.9797279894933126e-17,True
580,tail_residual_gap,REJECTED_CROSSER_DOWNSIDE,cell,SH_A:ALL_STATUS,SH_A,ALL_STATUS,pit,3,,829,-0.015718133402542626,-0.015718133402542599,2.7755575615628914e-17,True
581,tail_residual_gap,REJECTED_CROSSER_DOWNSIDE,cell,SH_A:NON_ST,SH_A,NON_ST,pit,3,,829,-0.015642074257581556,-0.0156420742575815,5.5511151231257827e-17,True
582,tail_residual_gap,REJECTED_CROSSER_DOWNSIDE,cell,SZ_A:ALL_STATUS,SZ_A,ALL_STATUS,pit,3,,829,-0.015832144369020543,-0.015832144369020501,4.163336342344337e-17,True
583,tail_residual_gap,REJECTED_CROSSER_DOWNSIDE,cell,SZ_A:NON_ST,SZ_A,NON_ST,pit,3,,829,-0.016145859827075809,-0.016145859827075799,1.0408340855860843e-17,True
584,tail_residual_gap,REJECTED_MINUS_ACCEPTED,cell,ALL_A:ALL_STATUS,ALL_A,ALL_STATUS,pit,3,,829,-5.2616158293217298e-05,-5.2616158293224657e-05,7.3590222457453613e-18,True
585,tail_residual_gap,REJECTED_MINUS_ACCEPTED,cell,ALL_A:NON_ST,ALL_A,NON_ST,pit,3,,829,0.00032735627305384055,0.0003273562730538,4.0549161250957866e-17,True
586,tail_residual_gap,REJECTED_MINUS_ACCEPTED,cell,CHINEXT_BOARD:ALL_STATUS,CHINEXT_BOARD,ALL_STATUS,pit,3,,826,0.0027762698821387063,0.0027762698821386998,6.5052130349130266e-18,True
587,tail_residual_gap,REJECTED_MINUS_ACCEPTED,cell,CHINEXT_BOARD:NON_ST,CHINEXT_BOARD,NON_ST,pit,3,,827,0.0024218390515264514,0.0024218390515264002,5.1174342541315809e-17,True
588,tail_residual_gap,REJECTED_MINUS_ACCEPTED,cell,SH_A:ALL_STATUS,SH_A,ALL_STATUS,pit,3,,829,-0.00013416040586082932,-0.00013416040586079999,2.9327668765732895e-17,True
589,tail_residual_gap,REJECTED_MINUS_ACCEPTED,cell,SH_A:NON_ST,SH_A,NON_ST,pit,3,,829,0.0010435413584381755,0.0010435413584381,7.5460471204991109e-17,True
590,tail_residual_gap,REJECTED_MINUS_ACCEPTED,cell,SZ_A:ALL_STATUS,SZ_A,ALL_STATUS,pit,3,,829,-5.1712221799992363e-05,-5.1712221800002066e-05,9.7036094437452647e-18,True
591,tail_residual_gap,REJECTED_MINUS_ACCEPTED,cell,SZ_A:NON_ST,SZ_A,NON_ST,pit,3,,829,-0.00026853398096624118,-0.00026853398096619998,4.1199682554449168e-17,True
592,tail_residual_gap,ACCEPTED_CROSSER_DOWNSIDE,cell,ALL_A:ALL_STATUS,ALL_A,ALL_STATUS,pit,3,,829,-0.016933873010768569,-0.016933873010768499,6.9388939039072284e-17,True
593,tail_residual_gap,ACCEPTED_CROSSER_DOWNSIDE,cell,ALL_A:NON_ST,ALL_A,NON_ST,pit,3,,829,-0.01688018170035803,-0.016880181700357998,3.1225022567582528e-17,True
594,tail_residual_gap,ACCEPTED_CROSSER_DOWNSIDE,cell,CHINEXT_BOARD:ALL_STATUS,CHINEXT_BOARD,ALL_STATUS,pit,3,,826,-0.016575105252837112,-0.016575105252837001,1.1102230246251565e-16,True
595,tail_residual_gap,ACCEPTED_CROSSER_DOWNSIDE,cell,CHINEXT_BOARD:NON_ST,CHINEXT_BOARD,NON_ST,pit,3,,827,-0.015720407043301635,-0.015720407043301601,3.4694469519536142e-17,True
596,tail_residual_gap,ACCEPTED_CROSSER_DOWNSIDE,cell,SH_A:ALL_STATUS,SH_A,ALL_STATUS,pit,3,,829,-0.015583972996681792,-0.0155839729966817,9.1940344226770776e-17,True
597,tail_residual_gap,ACCEPTED_CROSSER_DOWNSIDE,cell,SH_A:NON_ST,SH_A,NON_ST,pit,3,,829,-0.016685615616019743,-0.016685615616019701,4.163336342344337e-17,True
598,tail_residual_gap,ACCEPTED_CROSSER_DOWNSIDE,cell,SZ_A:ALL_STATUS,SZ_A,ALL_STATUS,pit,3,,829,-0.015780432147220545,-0.0157804321472205,4.5102810375396984e-17,True
599,tail_residual_gap,ACCEPTED_CROSSER_DOWNSIDE,cell,SZ_A:NON_ST,SZ_A,NON_ST,pit,3,,829,-0.015877325846109566,-0.0158773258461095,6.591949208711867e-17,True
600,terminal_diagnostic,REJECTED_CROSSER_DOWNSIDE,cell,ALL_A:ALL_STATUS,ALL_A,ALL_STATUS,pit,1,,829,-0.070906308244349875,-0.070906308244349806,6.9388939039072284e-17,True
601,terminal_diagnostic,REJECTED_CROSSER_DOWNSIDE,cell,ALL_A:ALL_STATUS,ALL_A,ALL_STATUS,pit,3,,829,-0.067583902578459032,-0.067583902578459004,2.7755575615628914e-17,True
602,terminal_diagnostic,REJECTED_CROSSER_DOWNSIDE,cell,ALL_A:ALL_STATUS,ALL_A,ALL_STATUS,pit,5,,829,-0.045231205404074104,-0.045231205404074097,6.9388939039072284e-18,True
603,terminal_diagnostic,REJECTED_CROSSER_DOWNSIDE,cell,ALL_A:NON_ST,ALL_A,NON_ST,pit,1,,829,-0.076694880016513756,-0.0766948800165137,5.5511151231257827e-17,True
604,terminal_diagnostic,REJECTED_CROSSER_DOWNSIDE,cell,ALL_A:NON_ST,ALL_A,NON_ST,pit,3,,829,-0.067918029433842772,-0.067918029433842703,6.9388939039072284e-17,True
605,terminal_diagnostic,REJECTED_CROSSER_DOWNSIDE,cell,ALL_A:NON_ST,ALL_A,NON_ST,pit,5,,829,-0.048466488433886623,-0.048466488433886602,2.0816681711721685e-17,True
606,terminal_diagnostic,REJECTED_CROSSER_DOWNSIDE,cell,CHINEXT_BOARD:ALL_STATUS,CHINEXT_BOARD,ALL_STATUS,pit,1,,826,-0.036241019226932326,-0.036241019226932299,2.7755575615628914e-17,True
607,terminal_diagnostic,REJECTED_CROSSER_DOWNSIDE,cell,CHINEXT_BOARD:ALL_STATUS,CHINEXT_BOARD,ALL_STATUS,pit,3,,826,-0.088958535433595803,-0.088958535433595803,0,True
608,terminal_diagnostic,REJECTED_CROSSER_DOWNSIDE,cell,CHINEXT_BOARD:ALL_STATUS,CHINEXT_BOARD,ALL_STATUS,pit,5,,826,-0.11198342987152343,-0.1119834298715234,2.7755575615628914e-17,True
609,terminal_diagnostic,REJECTED_CROSSER_DOWNSIDE,cell,CHINEXT_BOARD:NON_ST,CHINEXT_BOARD,NON_ST,pit,1,,827,-0.033424355841541936,-0.033424355841541901,3.4694469519536142e-17,True
610,terminal_diagnostic,REJECTED_CROSSER_DOWNSIDE,cell,CHINEXT_BOARD:NON_ST,CHINEXT_BOARD,NON_ST,pit,3,,827,-0.079650431298582486,-0.079650431298582403,8.3266726846886741e-17,True
611,terminal_diagnostic,REJECTED_CROSSER_DOWNSIDE,cell,CHINEXT_BOARD:NON_ST,CHINEXT_BOARD,NON_ST,pit,5,,827,-0.1048728570763707,-0.1048728570763706,9.7144514654701197e-17,True
612,terminal_diagnostic,REJECTED_CROSSER_DOWNSIDE,cell,SH_A:ALL_STATUS,SH_A,ALL_STATUS,pit,1,,829,-0.038336568720284188,-0.038336568720284098,9.0205620750793969e-17,True
613,terminal_diagnostic,REJECTED_CROSSER_DOWNSIDE,cell,SH_A:ALL_STATUS,SH_A,ALL_STATUS,pit,3,,829,-0.047916759253439745,-0.047916759253439703,4.163336342344337e-17,True
614,terminal_diagnostic,REJECTED_CROSSER_DOWNSIDE,cell,SH_A:ALL_STATUS,SH_A,ALL_STATUS,pit,5,,829,-0.025725226494853329,-0.025725226494853301,2.7755575615628914e-17,True
615,terminal_diagnostic,REJECTED_CROSSER_DOWNSIDE,cell,SH_A:NON_ST,SH_A,NON_ST,pit,1,,829,-0.035141762708823236,-0.035141762708823202,3.4694469519536142e-17,True
616,terminal_diagnostic,REJECTED_CROSSER_DOWNSIDE,cell,SH_A:NON_ST,SH_A,NON_ST,pit,3,,829,-0.045806298356715944,-0.045806298356715902,4.163336342344337e-17,True
617,terminal_diagnostic,REJECTED_CROSSER_DOWNSIDE,cell,SH_A:NON_ST,SH_A,NON_ST,pit,5,,829,-0.022489784935008257,-0.022489784935008202,5.5511151231257827e-17,True
618,terminal_diagnostic,REJECTED_CROSSER_DOWNSIDE,cell,SZ_A:ALL_STATUS,SZ_A,ALL_STATUS,pit,1,,829,-0.067923426549150387,-0.067923426549150304,8.3266726846886741e-17,True
619,terminal_diagnostic,REJECTED_CROSSER_DOWNSIDE,cell,SZ_A:ALL_STATUS,SZ_A,ALL_STATUS,pit,3,,829,-0.062481913886116257,-0.062481913886116201,5.5511151231257827e-17,True
620,terminal_diagnostic,REJECTED_CROSSER_DOWNSIDE,cell,SZ_A:ALL_STATUS,SZ_A,ALL_STATUS,pit,5,,829,-0.060568801302363001,-0.060568801302363001,0,True
621,terminal_diagnostic,REJECTED_CROSSER_DOWNSIDE,cell,SZ_A:NON_ST,SZ_A,NON_ST,pit,1,,829,-0.071140387301321814,-0.0711403873013218,1.3877787807814457e-17,True
622,terminal_diagnostic,REJECTED_CROSSER_DOWNSIDE,cell,SZ_A:NON_ST,SZ_A,NON_ST,pit,3,,829,-0.061713655052205156,-0.061713655052205101,5.5511151231257827e-17,True
623,terminal_diagnostic,REJECTED_CROSSER_DOWNSIDE,cell,SZ_A:NON_ST,SZ_A,NON_ST,pit,5,,829,-0.065213254959334249,-0.065213254959334194,5.5511151231257827e-17,True
624,terminal_diagnostic,ACCEPTED_CROSSER_DOWNSIDE,cell,ALL_A:ALL_STATUS,ALL_A,ALL_STATUS,pit,1,,829,-0.024022869855089283,-0.0240228698550892,8.3266726846886741e-17,True
625,terminal_diagnostic,ACCEPTED_CROSSER_DOWNSIDE,cell,ALL_A:ALL_STATUS,ALL_A,ALL_STATUS,pit,3,,829,-0.030346676941471605,-0.030346676941471602,3.4694469519536142e-18,True
626,terminal_diagnostic,ACCEPTED_CROSSER_DOWNSIDE,cell,ALL_A:ALL_STATUS,ALL_A,ALL_STATUS,pit,5,,829,-0.021493559604110257,-0.021493559604110299,4.163336342344337e-17,True
627,terminal_diagnostic,ACCEPTED_CROSSER_DOWNSIDE,cell,ALL_A:NON_ST,ALL_A,NON_ST,pit,1,,829,-0.03309650104514935,-0.033096501045149301,4.8572257327350599e-17,True
628,terminal_diagnostic,ACCEPTED_CROSSER_DOWNSIDE,cell,ALL_A:NON_ST,ALL_A,NON_ST,pit,3,,829,-0.037174278278965654,-0.037174278278965599,5.5511151231257827e-17,True
629,terminal_diagnostic,ACCEPTED_CROSSER_DOWNSIDE,cell,ALL_A:NON_ST,ALL_A,NON_ST,pit,5,,829,-0.030449424901522734,-0.030449424901522699,3.4694469519536142e-17,True
630,terminal_diagnostic,ACCEPTED_CROSSER_DOWNSIDE,cell,CHINEXT_BOARD:ALL_STATUS,CHINEXT_BOARD,ALL_STATUS,pit,1,,826,-0.021843637386119191,-0.021843637386119101,9.0205620750793969e-17,True
631,terminal_diagnostic,ACCEPTED_CROSSER_DOWNSIDE,cell,CHINEXT_BOARD:ALL_STATUS,CHINEXT_BOARD,ALL_STATUS,pit,3,,826,-0.089032244328063018,-0.089032244328063004,1.3877787807814457e-17,True
632,terminal_diagnostic,ACCEPTED_CROSSER_DOWNSIDE,cell,CHINEXT_BOARD:ALL_STATUS,CHINEXT_BOARD,ALL_STATUS,pit,5,,826,-0.12020255397673124,-0.1202025539767312,4.163336342344337e-17,True
633,terminal_diagnostic,ACCEPTED_CROSSER_DOWNSIDE,cell,CHINEXT_BOARD:NON_ST,CHINEXT_BOARD,NON_ST,pit,1,,827,-0.023004804624173411,-0.0230048046241733,1.1102230246251565e-16,True
634,terminal_diagnostic,ACCEPTED_CROSSER_DOWNSIDE,cell,CHINEXT_BOARD:NON_ST,CHINEXT_BOARD,NON_ST,pit,3,,827,-0.083874547449845155,-0.083874547449845099,5.5511151231257827e-17,True
635,terminal_diagnostic,ACCEPTED_CROSSER_DOWNSIDE,cell,CHINEXT_BOARD:NON_ST,CHINEXT_BOARD,NON_ST,pit,5,,827,-0.11522688493259646,-0.1152268849325964,5.5511151231257827e-17,True
636,terminal_diagnostic,ACCEPTED_CROSSER_DOWNSIDE,cell,SH_A:ALL_STATUS,SH_A,ALL_STATUS,pit,1,,829,-0.002760051843338121,-0.0027600518433380998,2.1250362580715887e-17,True
637,terminal_diagnostic,ACCEPTED_CROSSER_DOWNSIDE,cell,SH_A:ALL_STATUS,SH_A,ALL_STATUS,pit,3,,829,-0.0085253122006463955,-0.0085253122006463001,9.540979117872439e-17,True
638,terminal_diagnostic,ACCEPTED_CROSSER_DOWNSIDE,cell,SH_A:ALL_STATUS,SH_A,ALL_STATUS,pit,5,,829,0.0074311308396828452,0.0074311308396828001,4.5102810375396984e-17,True
639,terminal_diagnostic,ACCEPTED_CROSSER_DOWNSIDE,cell,SH_A:NON_ST,SH_A,NON_ST,pit,1,,829,-0.0063184498852800796,-0.0063184498852799998,7.9797279894933126e-17,True
640,terminal_diagnostic,ACCEPTED_CROSSER_DOWNSIDE,cell,SH_A:NON_ST,SH_A,NON_ST,pit,3,,829,-0.012821222008517409,-0.0128212220085173,1.0928757898653885e-16,True
641,terminal_diagnostic,ACCEPTED_CROSSER_DOWNSIDE,cell,SH_A:NON_ST,SH_A,NON_ST,pit,5,,829,0.0032445477429042641,0.0032445477429041999,6.4184768611141862e-17,True
642,terminal_diagnostic,ACCEPTED_CROSSER_DOWNSIDE,cell,SZ_A:ALL_STATUS,SZ_A,ALL_STATUS,pit,1,,829,-0.0056585639088382496,-0.0056585639088382001,4.9439619065339002e-17,True
643,terminal_diagnostic,ACCEPTED_CROSSER_DOWNSIDE,cell,SZ_A:ALL_STATUS,SZ_A,ALL_STATUS,pit,3,,829,-0.0078544034420541305,-0.0078544034420540993,3.1225022567582528e-17,True
644,terminal_diagnostic,ACCEPTED_CROSSER_DOWNSIDE,cell,SZ_A:ALL_STATUS,SZ_A,ALL_STATUS,pit,5,,829,-0.039817664717622152,-0.039817664717621999,1.5265566588595902e-16,True
645,terminal_diagnostic,ACCEPTED_CROSSER_DOWNSIDE,cell,SZ_A:NON_ST,SZ_A,NON_ST,pit,1,,829,-0.014481621259735594,-0.014481621259735501,9.3675067702747583e-17,True
646,terminal_diagnostic,ACCEPTED_CROSSER_DOWNSIDE,cell,SZ_A:NON_ST,SZ_A,NON_ST,pit,3,,829,-0.012506676201229874,-0.0125066762012298,7.4593109467002705e-17,True
647,terminal_diagnostic,ACCEPTED_CROSSER_DOWNSIDE,cell,SZ_A:NON_ST,SZ_A,NON_ST,pit,5,,829,-0.044348627077992184,-0.0443486270779921,8.3266726846886741e-17,True
