trade_id,pnl_rank,winner_group,win_loss_group,symbol,entry_signal_date,entry_execution_date,exit_signal_date,exit_execution_date,entry_price,weighted_average_buy_price,exit_price,entry_target_weight,capital,realized_return,realized_pnl,holding_trading_days,entry_reason,exit_reason,buy_fill_count,sell_fill_count,mom20,mom60,mom120,r20,r60,r120,final_rs_score,entry_cross_section_rank,entry_cross_section_percentile,entry_cross_section_size,previous_60_close_high,signal_close,b60_breakout_margin,previous_60_high_distance_pct,box_width,ma5,ma10,ma20,ma30,ma_dispersion,direction_efficiency,vol10,vol60,vol_ratio_10_60,box_width_margin,ma_dispersion_margin,direction_efficiency_margin,vol_ratio_margin,minvol_location,minimum_volume,average_volume,minimum_volume_ratio,min_volume_day_close,30d_low_close,30d_high_close,minimum_volume_ratio_hard_filter,turnover20_mean,signal_day_volume,previous20_volume_mean,signal_day_volume_ratio,breakout_volume_shadow_passed,MFE,MAE,peak_return_during_hold,trough_return_during_hold,giveback_from_peak,days_to_MFE,days_to_MAE,excursion_basis
300377.SZ-001,1,GROUP_A,WINNERS,300377.SZ,2024-09-24,2024-09-25,2024-11-18,2024-11-19,7.23,7.23,25.2,0.1,95531.436,2.26696219661,216566.154,34,SET_CHANGE_ENTRY_OR_INDIVIDUAL_EXIT,MARKET_MA20_X2,1,2,0.224199288256,0.365079365079,0.0903328050713,0.908376963351,0.947643979058,0.837696335079,0.906806282723,13,0.968586387435,382,6.29,6.88,0.093799682035,0.0857558139535,0.191287878788,6.05,6.014,5.86,5.76166666667,0.0500433902227,0.0983899821109,0.0278635506666,0.0405166310343,0.687706503607,0.00871212121212,0.0299566097773,0.351610017889,0.162293496393,0.0693069306931,9412100,28595968.7667,0.329140798719,5.35,5.28,6.29,True,201486439.521,82555260,30191561.1,2.73438195947,True,3.84094052559,-0.0179806362379,3.36652835408,0.0221300138313,1.09956615747,27,1,first-entry-open gross underlying total-return path; corporate-action adjusted; exit day open only
300497.SZ-001,2,GROUP_A,WINNERS,300497.SZ,2025-11-06,2025-11-07,2025-11-17,2025-11-18,11.27,11.27,20.11,0.1,165834.669,0.780818117109,129486.714,7,SET_CHANGE_ENTRY_OR_INDIVIDUAL_EXIT,MARKET_MA20_X2,1,1,0.133668341709,0.108055009823,0.331759149941,0.862604540024,0.611708482676,0.626045400239,0.666188769415,236,0.719235364397,837,11.11,11.28,0.015301530153,0.0150709219858,0.139487179487,10.574,10.367,10.235,10.327,0.0331216414265,0.131075110457,0.0205311676714,0.0243552191724,0.842988417639,0.0605128205128,0.0468783585735,0.318924889543,0.00701158236068,0.323529411765,8450296,14035187.5333,0.602079308162,10.19,9.75,11.11,True,159841515.736,33472092,14211377.75,2.35530239142,True,1.00798580302,-0.0141969831411,0.876663708962,0.141082519965,0.0958455918527,6,0,first-entry-open gross underlying total-return path; corporate-action adjusted; exit day open only
300033.SZ-001,3,GROUP_A,WINNERS,300033.SZ,2024-09-24,2024-09-25,2024-11-18,2024-11-19,118.51,118.51,266.88,0.1,94902.808,1.24746243546,118387.688,34,SET_CHANGE_ENTRY_OR_INDIVIDUAL_EXIT,MARKET_MA20_X2,1,1,0.198435870699,0.108293153327,-0.133388629166,0.88219895288,0.759162303665,0.442408376963,0.688743455497,85,0.780104712042,382,106.91,114.93,0.0750163689084,0.0697816061951,0.125605390609,101.444,100.786,99.5435,99.937,0.0190921556907,0.0600169061708,0.0156554030776,0.0242078109968,0.646708745356,0.0743946093915,0.0609078443093,0.389983093829,0.203291254644,0.0611764705882,2818754,4703010.3,0.599351015668,95.5,94.98,103.48,True,590356382.015,22029345,4900866.1,4.49499018143,True,1.87317525947,-0.01139144376,1.76440806683,0.00818496329424,0.516945631366,27,1,first-entry-open gross underlying total-return path; corporate-action adjusted; exit day open only
300437.SZ-001,4,GROUP_A,WINNERS,300437.SZ,2025-11-06,2025-11-07,2025-11-17,2025-11-18,12.12,12.12,20.03,0.1,168636.468,0.649338285477,109502.115,7,SET_CHANGE_ENTRY_OR_INDIVIDUAL_EXIT,MARKET_MA20_X2,1,1,0.385487528345,0.304162219851,0.566666666667,0.983273596177,0.831541218638,0.816009557945,0.857228195938,67,0.92054958184,837,10.18,12.22,0.200392927308,0.166939443535,0.197647058824,9.93,9.832,9.6465,9.37,0.059765208111,0.247803163445,0.0165033351659,0.0194406628892,0.84890804701,0.00235294117647,0.020234791889,0.202196836555,0.00109195299007,0.119047619048,4091600,7602907.96667,0.538162505444,8.7,8.5,10.18,True,111046098.746,48071863,8805820.5,5.45910094352,True,0.708745874587,-0.0107260726073,0.652640264026,0.209570957096,0.0033019785495,2,0,first-entry-open gross underlying total-return path; corporate-action adjusted; exit day open only
300803.SZ-001,5,GROUP_A,WINNERS,300803.SZ,2024-09-24,2024-09-25,2024-11-18,2024-11-19,47,46.8961904762,91.3,0.1,98580.482,0.956340099859,94276.468,34,SET_CHANGE_ENTRY_OR_INDIVIDUAL_EXIT,MARKET_MA20_X2,2,2,0.237264283704,0.207360615216,0.00457038391225,0.924083769634,0.866492146597,0.693717277487,0.826178010471,35,0.910994764398,382,40.38,43.96,0.0886577513621,0.0814376706096,0.197864135271,35.632,35.157,35.0275,35.7363333333,0.0202364808603,0.0582350839586,0.0230450262086,0.032011618378,0.719895693383,0.00213586472857,0.0597635191397,0.391764916041,0.130104306617,0.248259860789,3859114,7826002.1,0.493114357841,34.78,33.71,38.02,True,340539364.004,36951369,7820170.3,4.72513610094,True,1.6570212766,-0.0636170212766,1.56042553191,-0.0170212765957,0.604085432056,26,1,first-entry-open gross underlying total-return path; corporate-action adjusted; exit day open only
300348.SZ-001,6,GROUP_A,WINNERS,300348.SZ,2024-09-24,2024-09-25,2024-11-18,2024-11-19,8.35,8.35,15.36,0.1,95285.19,0.885646090437,84388.956,34,SET_CHANGE_ENTRY_OR_INDIVIDUAL_EXIT,MARKET_MA20_X2,1,2,0.15,0.214076246334,0.0247524752475,0.819371727749,0.88219895288,0.746073298429,0.828795811518,33,0.916230366492,382,8.08,8.28,0.0247524752475,0.024154589372,0.134670487106,7.736,7.682,7.5465,7.41233333333,0.0436659621352,0.0968921389397,0.0224348569454,0.0356740413679,0.628884647916,0.065329512894,0.0363340378648,0.35310786106,0.221115352084,0.127659574468,4520600,12742824.1667,0.354756523426,7.1,6.98,7.92,True,118023329.856,35622124,14084935.45,2.52909387668,True,1.63473053892,-0.00718562874252,1.4251497006,0.0275449101796,0.539503610162,12,0,first-entry-open gross underlying total-return path; corporate-action adjusted; exit day open only
301165.SZ-001,7,GROUP_A,WINNERS,301165.SZ,2025-06-24,2025-06-25,2025-09-30,2025-10-09,59.64,60.8680769231,90.2,0.1,158415.257,0.469366028299,74354.74,70,SET_CHANGE_ENTRY_OR_INDIVIDUAL_EXIT,SET_CHANGE_ENTRY_OR_INDIVIDUAL_EXIT,3,3,0.185194130789,0.178788060777,0.0900810840831,0.852752880922,0.787451984635,0.619718309859,0.75019206146,133,0.830985915493,781,53.4742857143,56.08,0.0487283607608,0.0464642347667,0.148326533117,50.856,51.169,49.9430714286,49.5968095238,0.0316994276706,0.0641810918775,0.0132455999335,0.0313538751392,0.422454955716,0.0516734668835,0.0483005723294,0.385818908123,0.427545044284,0,2797307.8,5078682.52,0.550793988201,46.5671428571,46.5671428571,52.22,True,323001878.887,19349253,5471926.26,3.53609534936,True,0.790744466801,-0.0610328638498,0.737256874581,-0.0585177733065,0.267890846282,48,8,first-entry-open gross underlying total-return path; corporate-action adjusted; exit day open only
301093.SZ-001,8,GROUP_A,WINNERS,301093.SZ,2025-06-23,2025-06-24,2025-10-14,2025-10-15,33.2,33.4375,37.33,0.1,174048.875,0.402698973492,70089.3033,75,SET_CHANGE_ENTRY_OR_INDIVIDUAL_EXIT,MARKET_MA20_X2,7,6,0.212341197822,0.17110799439,0.475265017668,0.875647668394,0.805699481865,0.89378238342,0.846113989637,72,0.908031088083,772,32.3,33.4,0.0340557275542,0.0329341317365,0.193643754619,31.388,31.108,30.8045,29.932,0.0486435921422,0.228684359119,0.0130557678048,0.0346621526491,0.376657732052,0.00635624538064,0.0313564078578,0.221315640881,0.473342267948,0.122105263158,761703,3088190.06667,0.246650297927,28.13,27.55,32.3,True,131936790.978,10288927,3786239.45,2.71745280135,True,0.807228915663,-0.0542168674699,0.75984939759,-0.0478915662651,0.357150424098,67,2,first-entry-open gross underlying total-return path; corporate-action adjusted; exit day open only
300779.SZ-001,9,GROUP_A,WINNERS,300779.SZ,2025-02-12,2025-02-13,2025-03-24,2025-03-25,98,98,148.53,0.1,147147,0.453226691676,66690.948,28,SET_CHANGE_ENTRY_OR_INDIVIDUAL_EXIT,MARKET_MA20_X2,1,4,0.0859668508287,0.0690742956597,1.38370118846,0.33488372093,0.657364341085,0.906976744186,0.667751937984,178,0.725581395349,645,98.12,98.28,0.00163065633918,0.001628001628,0.192948328267,93.264,90.304,88.3485,90.4846666667,0.0556376169375,0.081284350593,0.0198202655399,0.027735360768,0.714620794218,0.00705167173252,0.0243623830625,0.368715649407,0.135379205782,0.248897290485,1735617,2916460.3,0.595110792353,86.2,82.25,98.12,True,235472769.396,3847672,2647483.6,1.45333176002,True,0.539591836735,-0.0101020408163,0.530612244898,0.0723469387755,0.0773855532223,27,0,first-entry-open gross underlying total-return path; corporate-action adjusted; exit day open only
301141.SZ-001,10,GROUP_A,WINNERS,301141.SZ,2025-06-04,2025-06-05,2025-06-20,2025-06-23,41,41.4324324324,55.02,0.1,153453.3,0.342693529562,52587.453,12,SET_CHANGE_ENTRY_OR_INDIVIDUAL_EXIT,MARKET_MA20_X2,2,4,0.0652453120986,0.0416980658126,-0.028122802906,0.647925033467,0.61311914324,0.427041499331,0.564257028112,288,0.615796519411,747,40.73,41.47,0.0181684262215,0.0178442247408,0.11976711949,37.46,37.792,38.5275,37.8996666667,0.0284970635344,0.0453427065026,0.0175003591712,0.0251244057887,0.696548181812,0.0802328805101,0.0515029364656,0.404657293497,0.153451818188,0.219907407407,1079860,2880365.8,0.374903770903,37.02,36.07,40.39,True,138629311.764,10626602,3269994.7,3.24973064941,True,0.728780487805,-0.0170731707317,0.661707317073,-0.0146341463415,0.319013787511,5,1,first-entry-open gross underlying total-return path; corporate-action adjusted; exit day open only
300128.SZ-001,11,GROUP_B,WINNERS,300128.SZ,2024-09-25,2024-09-26,2024-11-18,2024-11-19,3.56,3.56,5.48,0.1,95503.408,0.536250266587,51213.728,33,SET_CHANGE_ENTRY_OR_INDIVIDUAL_EXIT,MARKET_MA20_X2,1,1,0.0437317784257,0.185430463576,-0.0701298701299,0.490147783251,0.822660098522,0.559113300493,0.677093596059,94,0.770935960591,406,3.49,3.58,0.025787965616,0.0251396648045,0.11858974359,3.252,3.255,3.3185,3.317,0.0204489544895,0.0441767068273,0.0185911975755,0.0342527733544,0.542764738586,0.0814102564103,0.0595510455105,0.405823293173,0.307235261414,0.351351351351,7861600,27050051.5333,0.290631608975,3.25,3.12,3.49,True,105532745.758,68423212,28752384.1,2.3797404682,True,0.949438202247,-0.00842696629213,0.820224719101,0.0533707865169,0.283974452514,15,0,first-entry-open gross underlying total-return path; corporate-action adjusted; exit day open only
300324.SZ-001,12,GROUP_B,WINNERS,300324.SZ,2024-09-24,2024-09-25,2024-11-18,2024-11-19,2.39,2.39,3.63,0.1,95695.6,0.517725109618,49544.015,34,SET_CHANGE_ENTRY_OR_INDIVIDUAL_EXIT,MARKET_MA20_X2,1,3,0.0909090909091,0.269841269841,-0.2,0.67277486911,0.916230366492,0.329842931937,0.691623036649,82,0.787958115183,382,2.36,2.4,0.0169491525424,0.0166666666667,0.131067961165,2.252,2.258,2.205,2.20066666667,0.0260527112996,0.118181818182,0.0283561516876,0.0404248566379,0.701453364242,0.068932038835,0.0539472887004,0.331818181818,0.148546635758,0.185185185185,30651900,60827088.8,0.503918576488,2.11,2.06,2.33,True,150822412.868,111816868,64312824.05,1.73864030466,True,0.987447698745,-0.00418410041841,0.866108786611,0.0167364016736,0.348383676992,25,0,first-entry-open gross underlying total-return path; corporate-action adjusted; exit day open only
300490.SZ-001,13,GROUP_B,WINNERS,300490.SZ,2025-09-25,2025-09-26,2025-10-14,2025-10-15,10.87,10.87,13.88,0.1,176270.094,0.268633543703,47352.06,7,SET_CHANGE_ENTRY_OR_INDIVIDUAL_EXIT,MARKET_MA20_X2,1,3,0.207547169811,0.260718424102,0.363408521303,0.913525498891,0.688470066519,0.675166297118,0.729490022173,205,0.773835920177,902,10.72,10.88,0.0149253731343,0.0147058823529,0.134593993326,9.62,9.782,9.64,9.624,0.0168399168399,0.100323624595,0.0214954369872,0.0333443175478,0.644650680176,0.0654060066741,0.0631600831601,0.349676375405,0.205349319824,0,9099500,18071276.3333,0.50353388616,8.99,8.99,10.2,True,221671086.454,78670408,19595673.25,4.01468257795,True,0.347746090156,-0.0147194112236,0.276908923643,0.155473781049,0.00827537994051,6,0,first-entry-open gross underlying total-return path; corporate-action adjusted; exit day open only
300457.SZ-001,14,GROUP_B,WINNERS,300457.SZ,2025-08-28,2025-08-29,2025-10-14,2025-10-15,24.02,24.5694520548,30.3,0.1,179536.357,0.236978953516,42546.338,27,SET_CHANGE_ENTRY_OR_INDIVIDUAL_EXIT,MARKET_MA20_X2,3,5,0.159342535239,0.371372526395,0.0932254058778,0.722328244275,0.800572519084,0.43606870229,0.675572519084,282,0.731870229008,1048,23.35,23.77,0.0179871520343,0.0176693310896,0.156914234752,22.616,22.104,21.47495,21.3486333333,0.0593652364945,0.129301755193,0.0256510005761,0.0346058692067,0.74123266267,0.043085765248,0.0206347635055,0.320698244807,0.10876733733,0.106418357167,13585140,26219861.2,0.518124024242,20.663,20.343,23.35,True,592766767.576,40762285,26137978.35,1.55950412286,True,0.64404662781,-0.00457951706911,0.506244796003,0.0886761032473,0.269265842487,21,0,first-entry-open gross underlying total-return path; corporate-action adjusted; exit day open only
300763.SZ-001,15,GROUP_B,WINNERS,300763.SZ,2025-08-29,2025-09-01,2025-10-14,2025-10-15,67.76,67.76,80,0.1,162786.624,0.189447727597,30839.556,26,SET_CHANGE_ENTRY_OR_INDIVIDUAL_EXIT,MARKET_MA20_X2,1,4,0.16885585897,0.301578137028,0.35639791416,0.770773638968,0.734479465138,0.757402101242,0.748615090735,213,0.797516714422,1047,67.26,67.63,0.00550104073744,0.00547094484696,0.182697379989,66.12,65.454,62.8575,61.551,0.0742311254082,0.238742138365,0.0176277725439,0.0215930819782,0.816362044179,0.0173026200106,0.0057688745918,0.211257861635,0.033637955821,0.192492781521,5606722,13511287.7667,0.414965775049,58.87,56.87,67.26,True,1054410831.3,29072393,15454181.5,1.88119914342,True,0.47373081464,-0.0134297520661,0.446280991736,0.00324675324675,0.256833264138,22,0,first-entry-open gross underlying total-return path; corporate-action adjusted; exit day open only
300459.SZ-001,16,GROUP_B,WINNERS,300459.SZ,2024-09-25,2024-09-26,2024-11-18,2024-11-19,3.65,3.8435483871,4.82,0.1,119269.15,0.251543923974,30001.43,33,SET_CHANGE_ENTRY_OR_INDIVIDUAL_EXIT,MARKET_MA20_X2,2,1,0.0674486803519,0.0674486803519,-0.19646799117,0.571428571429,0.630541871921,0.330049261084,0.528571428571,190,0.534482758621,406,3.6,3.64,0.0111111111111,0.010989010989,0.0746268656716,3.49,3.479,3.4615,3.46466666667,0.00823342481583,0.08,0.0146125852544,0.019337361439,0.755665932005,0.125373134328,0.0717665751842,0.37,0.0943340679947,0.12,34111513,77949187.2667,0.437612170135,3.38,3.35,3.6,True,260148526.705,187885549,67220293.95,2.79507181477,True,0.695890410959,-0.00547945205479,0.608219178082,0.027397260274,0.356675254109,27,0,first-entry-open gross underlying total-return path; corporate-action adjusted; exit day open only
300357.SZ-002,17,GROUP_B,WINNERS,300357.SZ,2025-07-16,2025-07-17,2025-09-19,2025-09-22,24.56,24.6935,29.08,0.1,148309.161,0.190521588886,28256.097,47,SET_CHANGE_ENTRY_OR_INDIVIDUAL_EXIT,SET_CHANGE_ENTRY_OR_INDIVIDUAL_EXIT,2,4,0.246261216351,0.263264274886,0.30005200208,0.932714617169,0.670533642691,0.686774941995,0.727842227378,173,0.800464037123,862,21.86,25,0.143641354071,0.1256,0.134994807892,21.524,21.374,20.8325,20.8113333333,0.0342441618349,0.146113989637,0.0110567989678,0.0149828133122,0.737965476666,0.065005192108,0.0457558381651,0.303886010363,0.112034523334,0,3054900,6004561.63333,0.50876320147,19.79,19.79,21.86,True,185635888.53,54789565,5819224.05,9.41526989324,True,0.424267100977,-0.0126221498371,0.38151465798,-0.00203583061889,0.190993069095,33,4,first-entry-open gross underlying total-return path; corporate-action adjusted; exit day open only
300182.SZ-001,18,GROUP_B,WINNERS,300182.SZ,2024-09-24,2024-09-25,2024-11-18,2024-11-19,4.2,4.43880866426,5.44,0.1,123077.955,0.220232055367,27105.711,34,SET_CHANGE_ENTRY_OR_INDIVIDUAL_EXIT,MARKET_MA20_X2,2,2,0.130790190736,0.118598382749,-0.278260869565,0.782722513089,0.774869109948,0.167539267016,0.594240837696,134,0.651832460733,382,4.1,4.15,0.0121951219512,0.0120481927711,0.148459383754,3.972,4.009,3.908,3.84033333333,0.0439197986286,0.140845070423,0.0183064049688,0.024273958984,0.754158189887,0.0515406162465,0.0360802013714,0.309154929577,0.0958418101135,0.0943396226415,25985000,67128545.4333,0.38709314841,3.62,3.57,4.1,True,301455881.248,94324693,73485146.5,1.28358855487,True,0.566666666667,-0.00238095238095,0.497619047619,0.0190476190476,0.277386992252,4,0,first-entry-open gross underlying total-return path; corporate-action adjusted; exit day open only
300938.SZ-001,19,GROUP_B,WINNERS,300938.SZ,2025-10-29,2025-10-30,2025-11-17,2025-11-18,27.53,27.53,32,0.1,170856.686,0.15360835806,26245.015,13,SET_CHANGE_ENTRY_OR_INDIVIDUAL_EXIT,MARKET_MA20_X2,1,3,0.0955794504182,0.179168452636,0.27698938992,0.78739184178,0.652657601978,0.466007416564,0.623609394314,276,0.660074165637,809,27.28,27.51,0.00843108504399,0.00836059614686,0.172324881822,26.9,26.452,25.2925,25.3663333333,0.0635563902343,0.0667948101874,0.0194022798179,0.0267101409308,0.726401252175,0.0276751181779,0.0164436097657,0.383205189813,0.123598747825,0.0972568578554,4979015,10384494.1667,0.479466300437,23.66,23.27,27.28,True,238238044.055,7165920,9448871,0.758389018117,False,0.175444969125,-0.0108972030512,0.162368325463,-0.000726480203414,0.00875996740332,12,2,first-entry-open gross underlying total-return path; corporate-action adjusted; exit day open only
300442.SZ-001,20,GROUP_B,WINNERS,300442.SZ,2024-09-24,2024-09-25,2024-11-18,2024-11-19,24.95,26.2804347826,31.43,0.1,121010.89,0.206102376406,24940.632,34,SET_CHANGE_ENTRY_OR_INDIVIDUAL_EXIT,MARKET_MA20_X2,2,1,0.0603410581548,0.017923855098,-0.199220684873,0.557591623037,0.560209424084,0.335078534031,0.492146596859,201,0.476439790576,382,23.953,24.25,0.0123992819271,0.0122474226804,0.155297532656,23.146,22.872,22.8935,22.4856666667,0.029366855923,0.0516039051604,0.0163481954154,0.022373295271,0.73070127656,0.044702467344,0.050633144077,0.39839609484,0.11929872344,0.0309278350515,5322300,11196984.4,0.475333340645,21.06,20.97,23.88,True,249726449.574,18647009,10940343.65,1.70442625904,True,0.541482965932,0,0.541482965932,0.00801603206413,0.335380589526,4,0,first-entry-open gross underlying total-return path; corporate-action adjusted; exit day open only
300733.SZ-002,21,GROUP_C,WINNERS,300733.SZ,2025-02-06,2025-02-07,2025-03-24,2025-03-25,14.8,14.8529807692,17.2,0.1,154625.471,0.149726780784,23151.574,32,SET_CHANGE_ENTRY_OR_INDIVIDUAL_EXIT,MARKET_MA20_X2,4,5,0.278491859469,0.216965742251,0.400938967136,0.940397350993,0.796357615894,0.460264900662,0.724337748344,132,0.783112582781,604,13.7,14.92,0.0890510948905,0.0817694369973,0.173950299914,13.37,13.252,12.8505,12.71,0.0519276160504,0.109797297297,0.0248612006052,0.0293347058509,0.847501274824,0.0260497000857,0.0280723839496,0.340202702703,0.00249872517605,0.0394088669951,7084020,13928583.8333,0.508595854738,11.75,11.67,13.7,True,212183925.136,31745976,14966975.9,2.1210681578,True,0.27027027027,-0.0216216216216,0.249324324324,-0.00337837837838,0.0995975435406,29,4,first-entry-open gross underlying total-return path; corporate-action adjusted; exit day open only
300057.SZ-001,22,GROUP_C,WINNERS,300057.SZ,2025-06-23,2025-06-24,2025-09-24,2025-09-25,5.31,5.37470198675,6.16,0.1,162478.316,0.138932059094,22573.447,67,SET_CHANGE_ENTRY_OR_INDIVIDUAL_EXIT,SET_CHANGE_ENTRY_OR_INDIVIDUAL_EXIT,7,7,0.145299145299,0.0428015564202,0.0229007633588,0.804404145078,0.626943005181,0.497409326425,0.623575129534,236,0.695595854922,772,5.21,5.36,0.0287907869482,0.0279850746269,0.134657836645,4.99,4.948,4.8555,4.83566666667,0.0319156269387,0.253333333333,0.0205431505546,0.0305201435356,0.673101374201,0.0653421633554,0.0480843730613,0.196666666667,0.176898625799,0.152173913043,10010030,16051613.1,0.623615205378,4.75,4.68,5.14,True,101523645.457,64364521,18013042.45,3.5732176382,True,0.318267419962,-0.015065913371,0.286252354049,-0.0112994350282,0.147320294955,42,0,first-entry-open gross underlying total-return path; corporate-action adjusted; exit day open only
301301.SZ-001,23,GROUP_C,WINNERS,301301.SZ,2024-04-29,2024-04-30,2024-05-24,2024-05-27,11.76,11.9751685393,13.8,0.1,106685.579,0.203841587156,21746.95775,16,SET_CHANGE_ENTRY_OR_INDIVIDUAL_EXIT,MARKET_MA20_X2,3,5,0.179377013963,0.307142857143,0.192182410423,0.900207900208,0.889812889813,0.877338877339,0.88814968815,33,0.934511434511,481,9.87,10.98,0.112462006079,0.101092896175,0.0728260869565,9.53,9.455,9.439,9.45833333333,0.00964085178515,0.100775193798,0.0180769468232,0.028653889536,0.630872356803,0.127173913043,0.0703591482149,0.349224806202,0.219127643197,0.0746268656716,6844224,15374449.8333,0.445168710048,9.25,9.2,9.87,True,192960552.54,56759957,17512453.75,3.24111959468,True,0.558673469388,-0.0246598639456,0.509353741497,0.12074829932,0.305512154341,3,0,first-entry-open gross underlying total-return path; corporate-action adjusted; exit day open only
300267.SZ-001,24,GROUP_C,WINNERS,300267.SZ,2025-07-16,2025-07-17,2025-08-28,2025-08-29,3.47,3.52019313305,3.89,0.1,164205.041,0.129893935473,21329.239,31,SET_CHANGE_ENTRY_OR_INDIVIDUAL_EXIT,SET_CHANGE_ENTRY_OR_INDIVIDUAL_EXIT,3,3,0.104761904762,0.46835443038,0.308270676692,0.72505800464,0.877030162413,0.696055684455,0.792343387471,124,0.857308584687,862,3.44,3.48,0.0116279069767,0.0114942528736,0.135313531353,3.374,3.36,3.2485,3.267,0.0386332153302,0.064,0.0200792189459,0.0360473282626,0.557023777173,0.0646864686469,0.0413667846698,0.386,0.292976222827,0.268292682927,26244700,58956466.5,0.445153883162,3.14,3.03,3.44,True,179542214.238,92879772,52341027.3,1.77451182736,True,0.391930835735,-0.0259365994236,0.351585014409,-0.0172910662824,0.221691078936,9,1,first-entry-open gross underlying total-return path; corporate-action adjusted; exit day open only
300910.SZ-001,25,GROUP_C,WINNERS,300910.SZ,2025-01-23,2025-01-24,2025-03-24,2025-03-25,48.51,48.4632258065,55.2,0.1,150386.236,0.133875775706,20133.074,36,SET_CHANGE_ENTRY_OR_INDIVIDUAL_EXIT,MARKET_MA20_X2,2,2,0.0899955337204,0.13511627907,0.268121590023,0.869218500797,0.754385964912,0.377990430622,0.664433811802,174,0.724082934609,627,47.9,48.81,0.0189979123173,0.0186437205491,0.120729995321,47.124,45.95,46.0715,45.6473333333,0.032349461816,0.144516569867,0.0154480085234,0.0215259416388,0.717646121255,0.0792700046795,0.047650538184,0.305483430133,0.132353878745,0.269320843091,1115010,2442004.86667,0.456596141646,44.78,43.63,47.9,True,131338892.111,3177779,2724397.1,1.16641549795,False,0.16120387549,-0.0412286126572,0.140177283034,-0.0336013193156,0.00630150732846,35,4,first-entry-open gross underlying total-return path; corporate-action adjusted; exit day open only
301361.SZ-001,26,GROUP_C,WINNERS,301361.SZ,2025-02-12,2025-02-13,2025-03-24,2025-03-25,31.35,31.2916666667,34.3,0.1,169143.975,0.104532325198,17681.013,28,SET_CHANGE_ENTRY_OR_INDIVIDUAL_EXIT,MARKET_MA20_X2,3,5,0.0345389377647,0.0933195592287,0.339097427246,0.172093023256,0.693023255814,0.297674418605,0.47023255814,343,0.46976744186,645,30.89,31.75,0.0278407251538,0.0270866141732,0.146622123237,29.474,29.114,29.055,28.9266666667,0.0189214104632,0.0288564303527,0.0220042683857,0.0303848281972,0.724186039259,0.0533778767632,0.0610785895368,0.421143569647,0.125813960741,0.296202531646,2583500,5599205.8,0.461404722791,28.11,26.94,30.89,True,149120580.211,11853100,4964909,2.38737507576,True,0.368102073365,-0.0510366826156,0.31961722488,-0.0446570972887,0.215084899682,19,1,first-entry-open gross underlying total-return path; corporate-action adjusted; exit day open only
301083.SZ-001,27,GROUP_C,WINNERS,301083.SZ,2025-11-05,2025-11-06,2025-11-17,2025-11-18,18.44,18.44,20.25,0.1,167971.804,0.0941421513815,15813.227,8,SET_CHANGE_ENTRY_OR_INDIVIDUAL_EXIT,MARKET_MA20_X2,1,2,0.0860341779611,0.0585870189546,0.209317585302,0.799519807923,0.484993997599,0.475390156062,0.545018007203,362,0.56662665066,833,18.4,18.43,0.00163043478261,0.00162778079219,0.173469387755,18.124,18.191,17.8905,17.544,0.0368787049704,0.200376293509,0.0137325247869,0.0187996798632,0.730465884887,0.0265306122449,0.0431212950296,0.249623706491,0.119534115113,0.190721649485,2044100,4745811.53333,0.430716640482,16.83,16.46,18.4,True,102018751.837,4495700,5638051.9,0.797385352199,False,0.136659436009,-0.0130151843818,0.118763557484,0.0330802603037,0.0246214061022,3,0,first-entry-open gross underlying total-return path; corporate-action adjusted; exit day open only
300171.SZ-001,28,GROUP_C,WINNERS,300171.SZ,2025-10-28,2025-10-29,2025-11-17,2025-11-18,16.44,16.44,17.72,0.1,169501.332,0.0747976776961,12678.306,14,SET_CHANGE_ENTRY_OR_INDIVIDUAL_EXIT,MARKET_MA20_X2,1,3,0.149147727273,0.152421652422,0.396754143646,0.895320197044,0.618226600985,0.602216748768,0.668842364532,232,0.715517241379,812,15.7,16.18,0.0305732484076,0.0296662546354,0.102601156069,14.858,14.741,14.528,14.4816666667,0.0259868799632,0.0479616306954,0.0162225790999,0.0206194565016,0.786760751848,0.0973988439306,0.0540131200368,0.402038369305,0.0632392481523,0.354545454545,5199400,9431211.46667,0.551297149722,14.23,13.84,14.94,True,167078868.097,47635421,9195435.8,5.1803331605,True,0.160583941606,-0.0139902676399,0.107055961071,0.0133819951338,0.0322582833744,12,0,first-entry-open gross underlying total-return path; corporate-action adjusted; exit day open only
300035.SZ-002,29,GROUP_C,WINNERS,300035.SZ,2025-08-29,2025-09-01,2025-10-14,2025-10-15,21.24,21.2927710843,22.67,0.1,176906.73,0.062491234788,11055.12,26,SET_CHANGE_ENTRY_OR_INDIVIDUAL_EXIT,MARKET_MA20_X2,4,4,0.315136476427,0.455044612217,0.272509003601,0.906399235912,0.853868194842,0.680993314231,0.812511938873,152,0.855778414518,1047,18.64,21.2,0.137339055794,0.120754716981,0.156327543424,18.332,18.328,17.6755,17.4166666667,0.0525550239234,0.2079002079,0.0169104757388,0.0218488304117,0.773976245876,0.0436724565757,0.0274449760766,0.2420997921,0.0760237541241,0.170634920635,17138196,38949394.5333,0.440011871952,16.55,16.12,18.64,True,863512961.567,155930637,40312624.25,3.86803488736,True,0.177024482109,-0.0404896421846,0.152542372881,-0.0291902071563,0.0900511380934,4,2,first-entry-open gross underlying total-return path; corporate-action adjusted; exit day open only
300576.SZ-001,30,GROUP_C,WINNERS,300576.SZ,2025-12-01,2025-12-02,2025-12-03,2025-12-04,38.54,38.54,40.76,0.1,192892.7,0.0554893990286,10703.5,2,SET_CHANGE_ENTRY_OR_INDIVIDUAL_EXIT,MARKET_MA20_X2,1,1,0.1220914317,0.0250062515629,0.20064440539,0.876905041032,0.590855803048,0.512309495897,0.624501758499,268,0.686987104338,853,40.92,40.99,0.00171065493646,0.00170773359356,0.191266375546,35.176,35.263,35.6745,36.072,0.0254719126677,0.173002990175,0.0155831981056,0.0223972352074,0.695764363832,0.00873362445415,0.0545280873323,0.276997009825,0.154235636168,0.114058355438,3066341,6531905.83333,0.469440478513,34.78,34.35,38.12,True,327877941.336,67185077,5705136.45,11.776243669,True,0.101971977167,-0.0108977685522,0.0700570835496,0.0179034769071,0.014567684521,1,1,first-entry-open gross underlying total-return path; corporate-action adjusted; exit day open only
300487.SZ-001,31,GROUP_C,WINNERS,300487.SZ,2024-09-24,2024-09-25,2024-10-30,2024-10-31,43.86,43.86,48.7,0.1,92198.106,0.10813263344,9969.624,21,SET_CHANGE_ENTRY_OR_INDIVIDUAL_EXIT,SET_CHANGE_ENTRY_OR_INDIVIDUAL_EXIT,1,1,0.140837696335,0.0579724218295,-0.0118361979049,0.801047120419,0.641361256545,0.649214659686,0.675654450262,97,0.748691099476,382,42.6,43.58,0.0230046948357,0.0224873795319,0.156665761607,41.624,41.271,40.7725,40.1786666667,0.0359726554722,0.135050741608,0.0127861148471,0.0248080208764,0.515402454345,0.0433342383926,0.0440273445278,0.314949258392,0.334597545655,0.156504065041,621700,2275510.16667,0.273213457407,38.45,37.68,42.6,True,119395762.092,4314000,2734095.3,1.57785282759,True,0.550843593251,-0.00455996352029,0.422024623803,0.00113999088007,0.313891990363,4,0,first-entry-open gross underlying total-return path; corporate-action adjusted; exit day open only
300138.SZ-002,32,GROUP_C,WINNERS,300138.SZ,2025-06-24,2025-06-25,2025-08-08,2025-08-11,12.41,12.44352,13.21,0.1,155699.544,0.0615929934901,9590.001,33,SET_CHANGE_ENTRY_OR_INDIVIDUAL_EXIT,SET_CHANGE_ENTRY_OR_INDIVIDUAL_EXIT,4,2,0.143911439114,0.297071129707,0.382385730212,0.791293213828,0.877080665813,0.866837387964,0.856850192061,71,0.910371318822,781,12.25,12.4,0.0122448979592,0.0120967741935,0.149155722326,12.064,11.595,11.422,11.3196666667,0.065755764304,0.173216885007,0.0266167456547,0.0375934504069,0.708015501813,0.0508442776735,0.014244235696,0.276783114993,0.141984498187,0.268965517241,6642406,13023511.8667,0.510031861452,11.19,10.8,12.25,True,152107716.355,11379800,13173736.8,0.863824757756,False,0.157131345689,-0.0386784850927,0.11361804996,-0.0290088638195,0.0520250564696,10,1,first-entry-open gross underlying total-return path; corporate-action adjusted; exit day open only
300286.SZ-001,33,GROUP_C,WINNERS,300286.SZ,2025-02-17,2025-02-18,2025-03-24,2025-03-25,21.9,21.9276056338,23.05,0.1,155841.686,0.0544130920144,8479.828,25,SET_CHANGE_ENTRY_OR_INDIVIDUAL_EXIT,MARKET_MA20_X2,3,3,0.129429892142,0.070593962999,0.249431818182,0.361639824305,0.579795021962,0.188872620791,0.418887262079,409,0.402635431918,683,21.84,21.99,0.00686813186813,0.00682128240109,0.179902755267,20.644,20.184,19.9435,20.002,0.0351242259383,0.00747384155456,0.0256318154307,0.0313876454736,0.816621159181,0.0200972447326,0.0448757740617,0.442526158445,0.0333788408186,0.264264264264,3366427,6262069.4,0.537590177458,19.39,18.51,21.84,True,114790071.239,12056774,5541326.05,2.1757922005,True,0.223744292237,-0.0369863013699,0.201826484018,-0.0278538812785,0.147413392004,16,2,first-entry-open gross underlying total-return path; corporate-action adjusted; exit day open only
300627.SZ-002,34,GROUP_C,WINNERS,300627.SZ,2025-06-24,2025-06-25,2025-09-03,2025-09-04,33.58,33.9228571429,35.33,0.1,166388.222,0.0410208782687,6825.391,51,SET_CHANGE_ENTRY_OR_INDIVIDUAL_EXIT,SET_CHANGE_ENTRY_OR_INDIVIDUAL_EXIT,3,3,0.108045977011,0.19403437816,0.176195219124,0.719590268886,0.801536491677,0.718309859155,0.760179257362,124,0.842509603073,781,32.5357142857,33.74,0.0370142700329,0.0356931154204,0.135061051582,32.2037142857,31.7254285714,31.6830714286,31.2725238095,0.0297766333751,0.232408524326,0.00902047212671,0.021897999829,0.411931326931,0.0649389484176,0.0502233666249,0.217591475674,0.438068673069,0.0986301369863,4049928.4,8660991.84667,0.46760561281,30.1857142857,29.9285714286,32.5357142857,True,330934015.792,15806817,9827177.39,1.60847986891,True,0.155151876117,-0.0092316855271,0.146515783204,0.000595592614652,0.105494904936,47,0,first-entry-open gross underlying total-return path; corporate-action adjusted; exit day open only
300827.SZ-001,35,GROUP_C,WINNERS,300827.SZ,2025-09-03,2025-09-04,2025-10-14,2025-10-15,31,31.1027586207,31.73,0.1,180576.396,0.0278044147032,5020.821,23,SET_CHANGE_ENTRY_OR_INDIVIDUAL_EXIT,MARKET_MA20_X2,2,3,0.27855626327,0.524005784526,0.363324708926,0.930409914204,0.904671115348,0.80266920877,0.879218303146,84,0.920877025739,1049,25.09,30.11,0.200079713033,0.166722019263,0.0999561595791,24.712,24.661,24.41,24.0916666667,0.0257488758215,0.0814510609172,0.0134045024696,0.0231897004609,0.57803689583,0.100043840421,0.0542511241785,0.368548939083,0.27196310417,0.214912280702,10971923,22889502.2667,0.479343013761,23.3,22.81,25.09,True,766513206.905,104514955,26217433.95,3.98646775269,True,0.236451612903,-0.0322580645161,0.192580645161,0.0164516129032,0.164776230458,3,21,first-entry-open gross underlying total-return path; corporate-action adjusted; exit day open only
300092.SZ-002,36,GROUP_C,WINNERS,300092.SZ,2025-09-02,2025-09-03,2025-10-13,2025-10-14,16.65,16.7990350877,17.14,0.1,191700.509,0.0251526301373,4821.772,23,SET_CHANGE_ENTRY_OR_INDIVIDUAL_EXIT,SET_CHANGE_ENTRY_OR_INDIVIDUAL_EXIT,5,2,0.207686622321,0.290679304897,0.347962382445,0.878211227402,0.752616555661,0.774500475737,0.784300666032,167,0.842055185538,1051,14.9,16.34,0.096644295302,0.0881272949816,0.138204924543,13.184,13.442,13.4905,13.516,0.025182038835,0.0267260579065,0.0276142762563,0.0327340345609,0.843595255725,0.0617950754567,0.054817961165,0.423273942094,0.00640474427542,0.322784810127,5907701,12730917.2,0.464043627587,13.26,12.75,14.33,True,202461141.47,78131404,10848745.5,7.20188375697,True,0.281681681682,-0.039039039039,0.22042042042,0,0.195267790283,4,22,first-entry-open gross underlying total-return path; corporate-action adjusted; exit day open only
300670.SZ-001,37,GROUP_C,WINNERS,300670.SZ,2025-09-30,2025-10-09,2025-10-14,2025-10-15,8.73,8.73,8.97,0.1,178270.092,0.0261949996638,4669.785,4,SET_CHANGE_ENTRY_OR_INDIVIDUAL_EXIT,MARKET_MA20_X2,1,2,0.196378830084,0.0552825552826,0.633079847909,0.887981330222,0.362893815636,0.696616102684,0.568028004667,345,0.598599766628,857,8.3,8.59,0.0349397590361,0.0337601862631,0.185714285714,8.16,8.121,7.7775,7.72566666667,0.0562195279803,0.143338954469,0.0175914471822,0.0246698319083,0.713075275405,0.0142857142857,0.0237804720197,0.306661045531,0.136924724595,0.353846153846,7622100,17523562.6667,0.434962920782,7.46,7,8.3,True,136228292.994,23226930,16771587.75,1.38489750322,True,0.108820160367,-0.0584192439863,0.0297823596793,-0.0332187857961,0.0035873600155,3,2,first-entry-open gross underlying total-return path; corporate-action adjusted; exit day open only
300259.SZ-001,38,GROUP_C,WINNERS,300259.SZ,2025-11-04,2025-11-05,2025-11-17,2025-11-18,4.48,4.48835543767,4.58,0.1,169380.211,0.0272028649203,4607.627,9,SET_CHANGE_ENTRY_OR_INDIVIDUAL_EXIT,MARKET_MA20_X2,2,2,0.188630490956,0.236559139785,0.318051575931,0.914841849148,0.757907542579,0.597323600973,0.741119221411,161,0.805352798054,822,4.11,4.6,0.119221411192,0.10652173913,0.093085106383,4.024,4.005,3.947,3.936,0.0223577235772,0.103092783505,0.0122835648616,0.0147889566628,0.830590361556,0.106914893617,0.0576422764228,0.346907216495,0.0194096384439,0.323529411765,11508820,20097707.1333,0.572643432589,3.88,3.77,4.11,True,109040971.341,143675468,19831399,7.24484782944,True,0.205357142857,-0.0223214285714,0.183035714286,0.0223214285714,0.155832849365,0,0,first-entry-open gross underlying total-return path; corporate-action adjusted; exit day open only
300035.SZ-001,39,GROUP_C,WINNERS,300035.SZ,2025-02-27,2025-02-28,2025-03-24,2025-03-25,16.6,16.621443299,17.05,0.1,161389.228,0.0283020685866,4567.649,17,SET_CHANGE_ENTRY_OR_INDIVIDUAL_EXIT,MARKET_MA20_X2,3,3,0.0866089273817,0.0695081967213,1.17177097204,0.313144329897,0.452319587629,0.835051546392,0.539304123711,341,0.561855670103,776,16.07,16.31,0.0149346608587,0.0147148988351,0.187263078089,15.192,14.988,15.0215,14.7746666667,0.0282465481455,0.0989345509893,0.0175149828672,0.0254914121424,0.687093471688,0.0127369219105,0.0517534518545,0.351065449011,0.162906528312,0.085020242915,11181734,30363755,0.368259261742,13.4,13.19,15.66,True,524278802.506,80636589,32136212.35,2.50921260171,True,0.192771084337,-0.0156626506024,0.171686746988,-0.00301204819277,0.143384678401,1,0,first-entry-open gross underlying total-return path; corporate-action adjusted; exit day open only
301096.SZ-001,40,GROUP_C,WINNERS,301096.SZ,2025-07-30,2025-07-31,2025-08-28,2025-08-29,53.5,53.5,54.99,0.1,149949.8,0.0276822309866,4150.945,21,SET_CHANGE_ENTRY_OR_INDIVIDUAL_EXIT,SET_CHANGE_ENTRY_OR_INDIVIDUAL_EXIT,1,2,0.231220392511,0.566140602582,0.586627906977,0.89966923925,0.926130099228,0.862183020948,0.901653803749,56,0.938809261301,907,50.7,54.58,0.0765285996055,0.0710883107365,0.19971604354,48.842,48.897,47.6845,46.4613333333,0.0524235206336,0.212759368225,0.0171816672224,0.0222209510562,0.773219255058,0.000283956460009,0.0275764793664,0.237240631775,0.0767807449424,0.104265402844,1930882,3402638.5,0.567466100204,43.14,42.26,50.7,True,199087007.669,11381789,3623457.4,3.14114055819,True,0.308598130841,-0.0164485981308,0.194579439252,0.0216822429907,0.166897208266,12,0,first-entry-open gross underlying total-return path; corporate-action adjusted; exit day open only
300801.SZ-001,41,GROUP_C,WINNERS,300801.SZ,2025-06-23,2025-06-24,2025-07-24,2025-07-25,22.78,22.7629166667,22.87,0.1,164056.893,0.0245211214624,4022.859,23,SET_CHANGE_ENTRY_OR_INDIVIDUAL_EXIT,SET_CHANGE_ENTRY_OR_INDIVIDUAL_EXIT,3,2,0.373968253968,0.348286604361,0.304400241109,0.95725388601,0.910621761658,0.827720207254,0.895077720207,45,0.943005181347,772,18.03,21.64,0.200221852468,0.166820702403,0.17997382199,17.046,16.878,16.3985,16.3013333333,0.0456813348601,0.330532212885,0.0212003929571,0.0336205338392,0.630578712953,0.0200261780105,0.0343186651399,0.119467787115,0.219421287047,0.114406779661,1510713,3948018.2,0.382650971568,15.94,15.67,18.03,True,115915159.236,38050178,4747716.85,8.01441602399,True,0.367866549605,-0.0254609306409,0.367866549605,-0.0109745390694,0.343345428142,1,0,first-entry-open gross underlying total-return path; corporate-action adjusted; exit day open only
300595.SZ-001,42,GROUP_C,WINNERS,300595.SZ,2025-07-23,2025-07-24,2025-08-29,2025-09-01,17.61,17.6213253012,18.06,0.1,146403.257,0.0233244469418,3414.775,27,SET_CHANGE_ENTRY_OR_INDIVIDUAL_EXIT,SET_CHANGE_ENTRY_OR_INDIVIDUAL_EXIT,2,2,0.19035202086,0.263143331489,0.0891089108911,0.891498881432,0.706935123043,0.354586129754,0.638143176734,268,0.701342281879,894,16,18.26,0.14125,0.123767798467,0.0914051841746,15.846,15.714,15.5165,15.339,0.0330530021514,0.19465648855,0.00700890480307,0.0104597791011,0.67008153187,0.108594815825,0.0469469978486,0.25534351145,0.17991846813,0,3235005,6440815.53333,0.502266364136,14.66,14.66,16,True,169191541.345,75960056,6845172.25,11.0968801406,True,0.134582623509,-0.00511073253833,0.100511073254,0.0170357751278,0.0771866263121,18,0,first-entry-open gross underlying total-return path; corporate-action adjusted; exit day open only
300702.SZ-001,43,GROUP_C,WINNERS,300702.SZ,2025-04-25,2025-04-28,2025-05-28,2025-05-29,21.36,21.36,21.8,0.1,151807.656,0.0187180282923,2841.54,20,SET_CHANGE_ENTRY_OR_INDIVIDUAL_EXIT,MARKET_MA20_X2,1,2,0.0484581497797,0.269709543568,0.26670609107,0.877118644068,0.860169491525,0.806497175141,0.847457627119,73,0.898305084746,708,20.54,21.42,0.0428432327167,0.0410830999066,0.19976635514,20.196,19.41,19.254,19.1726666667,0.0533745957787,0.149867374005,0.0129160315628,0.0281366181809,0.459047049642,0.000233644859813,0.0266254042213,0.300132625995,0.390952950358,0.388888888889,1267500,4855926.93333,0.26102122569,18.45,17.12,20.54,True,104640342.602,9465679,5229259.9,1.81013741543,True,0.0524344569288,-0.0407303370787,0.0421348314607,-0.00374531835206,0.0234168031683,2,0,first-entry-open gross underlying total-return path; corporate-action adjusted; exit day open only
301285.SZ-001,44,GROUP_C,WINNERS,301285.SZ,2025-10-29,2025-10-30,2025-11-17,2025-11-18,52.4,52.3854545455,52.9,0.1,173044.872,0.00780466929988,1350.558,13,SET_CHANGE_ENTRY_OR_INDIVIDUAL_EXIT,MARKET_MA20_X2,2,1,0.083093377211,0.193833597824,0.824670824671,0.757725587145,0.673671199011,0.8739184178,0.750556242274,162,0.800988875155,809,51.63,52.66,0.0199496416812,0.0195594379035,0.131492439185,48.958,48.586,48.7795,48.6443333333,0.00765652657144,0.0288735258235,0.0314022525039,0.0386018021274,0.813491877924,0.0685075608153,0.0723434734286,0.421126474176,0.0365081220756,0.445692883895,2160150,4594280.16667,0.470182470732,48.67,46.29,51.63,True,210996302.752,4398850,4351855.35,1.01079876196,False,0.110305343511,-0.0698473282443,0.0700381679389,-0.0301526717557,0.0622334986391,10,4,first-entry-open gross underlying total-return path; corporate-action adjusted; exit day open only
301213.SZ-001,45,GROUP_C,WINNERS,301213.SZ,2024-12-20,2024-12-23,2024-12-24,2024-12-25,45.11,45.11,45.6,0.1,149011.863,0.0088426315427,1317.657,2,SET_CHANGE_ENTRY_OR_INDIVIDUAL_EXIT,MARKET_MA20_X2,1,1,0.107246376812,0.591666666667,0.697777777778,0.663182346109,0.624854819977,0.779326364692,0.678861788618,236,0.72706155633,861,45.47,45.84,0.00813723334066,0.00807155322862,0.16829393628,44.064,43.391,41.961,42.0483333333,0.0501179666833,0.0232158211522,0.0359891909033,0.0528640780653,0.680787260848,0.0317060637205,0.0298820333167,0.426784178848,0.169212739152,0,1517983,3486387.7,0.435402809619,38.99,38.99,45.47,True,151265348.211,4693600,3478269,1.34940684576,True,0.0795832409665,0,0.0682775437819,0.0108623365108,0.0594349122392,1,0,first-entry-open gross underlying total-return path; corporate-action adjusted; exit day open only
300138.SZ-001,46,GROUP_C,WINNERS,300138.SZ,2025-06-18,2025-06-19,2025-06-20,2025-06-23,11.91,11.91,12.04,0.1,146639.493,0.00889538672914,1304.415,2,SET_CHANGE_ENTRY_OR_INDIVIDUAL_EXIT,MARKET_MA20_X2,1,1,0.061170212766,0.288482238967,0.268008474576,0.681578947368,0.897368421053,0.806578947368,0.826973684211,89,0.884210526316,760,11.95,11.97,0.00167364016736,0.00167084377611,0.150144369586,11.26,11.313,11.235,11.2006666667,0.0100291649307,0.221590909091,0.0305094312042,0.0385059023939,0.792331287088,0.0498556304139,0.0699708350693,0.228409090909,0.0576687129124,0.339130434783,6642406,13188643.1,0.503645898189,11.19,10.8,11.95,True,141947887.082,14990102,12759814.85,1.17478993044,False,0.0738874895046,-0.0176322418136,0.0285474391268,0.00755667506297,0.0196520523976,1,0,first-entry-open gross underlying total-return path; corporate-action adjusted; exit day open only
300195.SZ-001,47,GROUP_C,WINNERS,300195.SZ,2025-11-06,2025-11-07,2025-11-17,2025-11-18,8.81,8.81,8.89,0.1,169321.152,0.00706444520292,1196.16,7,SET_CHANGE_ENTRY_OR_INDIVIDUAL_EXIT,MARKET_MA20_X2,1,1,0.122940430925,0.0992555831266,0.360983102919,0.855436081243,0.597371565114,0.658303464755,0.667264038232,234,0.721624850657,837,8.74,8.86,0.0137299771167,0.0135440180587,0.183310533516,8.182,8.099,7.9175,7.95366666667,0.0334070097884,0.173652694611,0.0178076990836,0.0220273823401,0.808434647779,0.0166894664843,0.0465929902116,0.276347305389,0.0415653522208,0.470149253731,8159600,14824699,0.550405778896,7.94,7.31,8.65,True,108965526.911,37641121,12049134.8,3.12396878488,True,0.049943246311,-0.0192962542565,0.0170261066969,-0.011350737798,0.00996166149401,5,1,first-entry-open gross underlying total-return path; corporate-action adjusted; exit day open only
300863.SZ-001,48,GROUP_C,WINNERS,300863.SZ,2025-06-23,2025-06-24,2025-07-16,2025-07-17,34.78,34.78,35.11,0.1,142740.598,0.0074712521521,1066.451,17,SET_CHANGE_ENTRY_OR_INDIVIDUAL_EXIT,SET_CHANGE_ENTRY_OR_INDIVIDUAL_EXIT,1,1,0.0824774354186,0.0039587628866,0.068979143798,0.642487046632,0.528497409326,0.588082901554,0.569170984456,292,0.623056994819,772,34.6428571429,34.78,0.0039587628866,0.00394315287932,0.113954028326,33.922,33.683,33.0405,32.8911428571,0.0313414814236,0.122715752968,0.021905130631,0.0344018900343,0.636742068797,0.086045971674,0.0486585185764,0.327284247032,0.213257931203,0.106617647059,1819258,3236919.70667,0.562033712561,31.84,31.55,34.27,True,109157638.566,3685744,3224895.25,1.1429034788,False,0.123921794135,-0.00345025876941,0.108108108108,0.00287521564117,0.100636855956,5,0,first-entry-open gross underlying total-return path; corporate-action adjusted; exit day open only
300092.SZ-001,49,GROUP_C,WINNERS,300092.SZ,2025-03-17,2025-03-18,2025-03-24,2025-03-25,13.16,13.16,13.25,0.1,158077.92,0.00482723962967,763.08,5,SET_CHANGE_ENTRY_OR_INDIVIDUAL_EXIT,MARKET_MA20_X2,1,1,0.112416107383,0.052380952381,0.46357615894,0.705471478463,0.618160651921,0.37601862631,0.562980209546,329,0.618160651921,859,12.81,13.26,0.0351288056206,0.0339366515837,0.168795620438,12.548,12.376,12.137,12.0216666667,0.0437820601691,0.282218597064,0.0167165425513,0.0228474779015,0.731658112258,0.031204379562,0.0362179398309,0.167781402936,0.118341887742,0.0522388059701,3838800,7665736.5,0.500773800404,11.54,11.47,12.81,True,120916610.272,24221565,8798536.25,2.75290847384,True,0.0372340425532,-0.0303951367781,0.0220364741641,-0.00683890577508,0.0172092345345,3,4,first-entry-open gross underlying total-return path; corporate-action adjusted; exit day open only
300433.SZ-001,50,GROUP_C,LOSERS,300433.SZ,2024-05-06,2024-05-07,2024-05-24,2024-05-27,14.71,14.7056338028,14.72,0.1,104514.41,-0.00110906237714,-115.913,14,SET_CHANGE_ENTRY_OR_INDIVIDUAL_EXIT,MARKET_MA20_X2,2,3,0.0423131170663,0.250423011844,0.128244274809,0.721649484536,0.835051546392,0.810309278351,0.804948453608,76,0.845360824742,485,14.34,14.78,0.0306834030683,0.0297699594046,0.176374077112,13.918,13.775,13.7,13.6053333333,0.0229811838495,0.207373271889,0.0183894287411,0.0255605346662,0.719446168916,0.0236259228876,0.0570188161505,0.242626728111,0.130553831084,0.149606299213,24667349,38107602.0667,0.647307824744,13.26,13.07,14.34,True,505509294.507,45808917,37343005.6,1.22670674907,True,0.043507817811,-0.043507817811,0.0380693405846,-0.0244731475187,0.0391784029618,12,4,first-entry-open gross underlying total-return path; corporate-action adjusted; exit day open only
300003.SZ-001,51,GROUP_C,LOSERS,300003.SZ,2024-05-09,2024-05-10,2024-05-24,2024-05-27,15.45,15.45,15.4,0.1,103618.515,-0.00152558642633,-158.079,11,SET_CHANGE_ENTRY_OR_INDIVIDUAL_EXIT,MARKET_MA20_X2,1,2,0.124454148472,0.179389312977,-0.111558366878,0.742125984252,0.435039370079,0.527559055118,0.524212598425,229,0.551181102362,508,15.26,15.45,0.0124508519004,0.0122977346278,0.146506386176,14.814,14.434,14.0075,14.0396666667,0.0575762984116,0.0524934383202,0.01664423496,0.0236103125037,0.704956148181,0.0534936138242,0.0224237015884,0.39750656168,0.145043851819,0.203703703704,7003823,14910432.4,0.469726350793,13.64,13.31,14.93,True,248350377.317,31046096,16499908.65,1.88159199294,True,0.0763754045307,-0.0084142394822,0.0660194174757,-0.0084142394822,0.0675450039021,1,10,first-entry-open gross underlying total-return path; corporate-action adjusted; exit day open only
301498.SZ-002,52,GROUP_C,LOSERS,301498.SZ,2024-12-20,2024-12-23,2024-12-24,2024-12-25,74,74,74.03,0.1,148148,-0.00159340659341,-236.06,2,SET_CHANGE_ENTRY_OR_INDIVIDUAL_EXIT,MARKET_MA20_X2,1,1,0.210931107838,0.475279106858,0.358296622614,0.87456445993,0.425087108014,0.448315911731,0.521951219512,393,0.544715447154,861,70.99,74,0.0424003380758,0.0406756756757,0.162246234447,69.63,68.568,66.6485,65.6546666667,0.0605491358827,0.156152554569,0.020222490008,0.0350323335356,0.577252154424,0.0377537655534,0.0194508641173,0.293847445431,0.272747845576,0.174571140262,1099460,2577901.66667,0.426494157716,62.81,61.08,70.99,True,178152850.127,2984692,2579527.55,1.15706924704,False,0.0331081081081,-0.01,0.0102702702703,0.000405405405405,0.0118636768637,0,1,first-entry-open gross underlying total-return path; corporate-action adjusted; exit day open only
301498.SZ-001,53,GROUP_C,LOSERS,301498.SZ,2024-12-02,2024-12-03,2024-12-18,2024-12-19,68.28,68.1608,68.01,0.1,170572.402,-0.00420599693496,-717.427,12,SET_CHANGE_ENTRY_OR_INDIVIDUAL_EXIT,MARKET_MA20_X2,2,1,0.0517965468969,0.374110953058,0.289965661961,0.446878422782,0.323110624315,0.407447973713,0.373165388828,598,0.346111719606,913,67.25,67.62,0.00550185873606,0.00547175391896,0.190054857547,63.772,62.732,63.8105,63.8756666667,0.0182309932198,0.0875493362038,0.0277976044202,0.0350008804432,0.794197290703,0.00994514245266,0.0617690067802,0.362450663796,0.0558027092967,0.383333333333,1099460,2452489.36667,0.448303676641,62.81,60.05,67.25,True,161464485.209,3925033,2401100.35,1.63468094951,True,0.0587287639133,-0.0577035735208,0.0288517867604,-0.0434973637961,0.0330577836954,9,1,first-entry-open gross underlying total-return path; corporate-action adjusted; exit day open only
300710.SZ-001,54,GROUP_C,LOSERS,300710.SZ,2025-11-03,2025-11-04,2025-11-17,2025-11-18,25.39,25.3752941176,25.3,0.1,172724.552,-0.00452551181027,-781.667,10,SET_CHANGE_ENTRY_OR_INDIVIDUAL_EXIT,MARKET_MA20_X2,2,3,0.308784850079,0.245868803205,0.266802443992,0.966992665037,0.723716381418,0.544009779951,0.718459657702,182,0.778728606357,818,22.39,24.88,0.111210361769,0.100080385852,0.198608137045,21.694,21.794,21.0995,20.4706666667,0.0646453461864,0.0817064352856,0.016686068447,0.0212222245197,0.786254449033,0.00139186295503,0.0153546538136,0.368293564714,0.0637455509671,0.148247978437,1873440,4938004.96667,0.379392084991,19.23,18.68,22.39,True,143195586.8,23684594,5497283.95,4.30841743221,True,0.0870421425758,-0.0610476565577,0.0405671524222,-0.0515951161875,0.0450926642325,4,1,first-entry-open gross underlying total-return path; corporate-action adjusted; exit day open only
301611.SZ-001,55,GROUP_C,LOSERS,301611.SZ,2025-09-24,2025-09-25,2025-10-14,2025-10-15,59.7,59.7510344828,59.04,0.1,173451.278,-0.00574170459557,-995.906,8,SET_CHANGE_ENTRY_OR_INDIVIDUAL_EXIT,MARKET_MA20_X2,2,2,0.076732234627,0.151848341232,0.0513929745631,0.732026143791,0.522875816993,0.246187363834,0.481699346405,455,0.505446623094,918,59.58,60.76,0.0198053037932,0.0194206714944,0.144888547271,54.85,53.752,54.752,55.3673333333,0.0300515949794,0.0900876959872,0.0152287930722,0.0214106523958,0.711271790823,0.0551114527287,0.0499484050206,0.359912304013,0.138728209177,0.0106100795756,2556473,7560300.7,0.338144354496,52.12,52.04,59.58,True,412737380.862,21054678,6818647.2,3.08780867853,True,0.108877721943,-0.0283082077052,0.0804020100503,-0.0247906197655,0.0861437146458,7,2,first-entry-open gross underlying total-return path; corporate-action adjusted; exit day open only
300119.SZ-001,56,GROUP_C,LOSERS,300119.SZ,2024-04-30,2024-05-06,2024-05-24,2024-05-27,16.6,16.5914285714,15.97,0.1,104630.526,-0.0107499507362,-1124.773,15,SET_CHANGE_ENTRY_OR_INDIVIDUAL_EXIT,MARKET_MA20_X2,2,2,0.135828135828,0.113451086957,-0.048199767712,0.887063655031,0.739219712526,0.634496919918,0.737371663244,106,0.784394250513,487,16.35,16.39,0.00244648318043,0.00244051250763,0.195175438596,15.822,15.813,15.821,15.341,0.0313538882733,0.118257261411,0.0180882653867,0.0302459511399,0.598039231863,0.00482456140351,0.0486461117267,0.331742738589,0.251960768137,0.194331983806,2812940,5180091.53333,0.543029014429,14.36,13.88,16.35,True,101433118.167,11456700,5995734.4,1.91080845743,True,0.124096385542,-0.0355421686747,0.083734939759,-0.0138554216867,0.0944848904952,2,0,first-entry-open gross underlying total-return path; corporate-action adjusted; exit day open only
300054.SZ-001,57,GROUP_C,LOSERS,300054.SZ,2024-04-26,2024-04-29,2024-05-24,2024-05-27,22.33,22.3515555556,22.09,0.1,100682.582,-0.0125751443283,-1266.098,17,SET_CHANGE_ENTRY_OR_INDIVIDUAL_EXIT,MARKET_MA20_X2,2,2,0.066028708134,0.193997856377,-0.0587241233629,0.704781704782,0.798336798337,0.665280665281,0.739708939709,108,0.777546777547,481,22.2,22.28,0.0036036036036,0.00359066427289,0.118951612903,20.772,20.614,20.9245,21.1856666667,0.027731962097,0.109440267335,0.0133037467083,0.0283052350049,0.470010113183,0.0810483870968,0.052268037903,0.340559732665,0.379989886817,0.149038461538,3668665,6573963.33333,0.558059851262,20.43,20.12,22.2,True,132962314.472,14830481,5897198.15,2.51483511708,True,0.0859829825347,-0.012987012987,0.0671742051052,-0.0116435288849,0.0797493494336,3,16,first-entry-open gross underlying total-return path; corporate-action adjusted; exit day open only
300919.SZ-001,58,GROUP_C,LOSERS,300919.SZ,2024-03-11,2024-03-12,2024-03-27,2024-03-28,53,53,52.23,0.1,95495.4,-0.0164972763086,-1575.414,12,SET_CHANGE_ENTRY_OR_INDIVIDUAL_EXIT,MARKET_MA20_X2,1,1,0.264769193973,0.0943708609272,-0.0458318296644,0.594495412844,0.891743119266,0.695412844037,0.773394495413,96,0.825688073394,545,49.13,52.88,0.0763281090983,0.070915279879,0.179647938269,47.24,46.893,45.792,45.8206666667,0.0316212438854,0.00760233918129,0.0175456618968,0.0230169353586,0.762293573118,0.0203520617314,0.0483787561146,0.442397660819,0.0877064268818,0.222701149425,2289152,3863393.93333,0.592523578879,43.02,41.47,48.43,True,194776114.924,11354785,3861163.65,2.9407676103,True,0.0603773584906,-0.0254716981132,0.0532075471698,-0.0203773584906,0.0697048234784,5,9,first-entry-open gross underlying total-return path; corporate-action adjusted; exit day open only
300001.SZ-001,59,GROUP_C,LOSERS,300001.SZ,2025-02-11,2025-02-12,2025-03-10,2025-03-11,24,23.9955555556,23.66,0.1,151323.172,-0.0144885411205,-2192.452,19,SET_CHANGE_ENTRY_OR_INDIVIDUAL_EXIT,SET_CHANGE_ENTRY_OR_INDIVIDUAL_EXIT,2,3,0.182352941176,0.0294494238156,0.242658423493,0.567610062893,0.567610062893,0.221698113208,0.463836477987,344,0.460691823899,636,24.06,24.12,0.00249376558604,0.00248756218905,0.180699162974,23.75,23.764,22.588,22.4283333333,0.0595526491789,0.139588100686,0.0136256899855,0.019903360108,0.684592446277,0.0193008370261,0.0204473508211,0.310411899314,0.165407553723,0.0762942779292,9665356,17597484.4333,0.5492464583,20.59,20.31,23.98,True,434654146.286,22228493,18372110.35,1.20990417413,True,0.06375,-0.0158333333333,0.0504166666667,-0.0141666666667,0.0649052077871,5,9,first-entry-open gross underlying total-return path; corporate-action adjusted; exit day open only
300014.SZ-001,60,GROUP_C,LOSERS,300014.SZ,2025-03-03,2025-03-04,2025-03-24,2025-03-25,49.82,49.7967741935,48.92,0.1,154524.37,-0.0195698710825,-3024.022,15,SET_CHANGE_ENTRY_OR_INDIVIDUAL_EXIT,MARKET_MA20_X2,2,1,0.195779601407,0.062942892872,0.595245542696,0.792191435768,0.574307304786,0.541561712846,0.608060453401,256,0.678211586902,794,49.9,51,0.0220440881764,0.021568627451,0.145587541293,46.108,45.444,44.5835,44.347,0.0397095632174,0.00706297822248,0.0182163820931,0.0219540928861,0.829748793887,0.0544124587069,0.0402904367826,0.442937021778,0.0202512061131,0.140461215933,12579910,29251065.4667,0.430066727461,43.05,42.38,47.15,True,1713089211.71,94384344,33780730.35,2.79402911133,True,0.0537936571658,-0.0365315134484,0.0377358490566,-0.023083099157,0.0573057201391,11,14,first-entry-open gross underlying total-return path; corporate-action adjusted; exit day open only
300440.SZ-001,61,GROUP_C,LOSERS,300440.SZ,2025-06-16,2025-06-17,2025-06-20,2025-06-23,10.6,10.6,10.32,0.1,154914.76,-0.0283022805574,-4384.441,4,SET_CHANGE_ENTRY_OR_INDIVIDUAL_EXIT,MARKET_MA20_X2,1,2,0.212707811432,0.211328480437,0.225264611137,0.879689521345,0.846054333765,0.789133247089,0.835705045278,87,0.889391979301,773,9.542,10.65,0.116118214211,0.104037558685,0.138663484487,9.246,9.108,8.8502,8.90613333333,0.0447221531717,0.117193523516,0.0141957397824,0.0315077004307,0.450548265612,0.0613365155131,0.0352778468283,0.332806476484,0.399451734388,0.0774526678141,4203000,11345250.1,0.370463406532,8.47,8.38,9.542,True,102592834.647,43196667,9393441.85,4.59859843599,True,0.0207547169811,-0.0377358490566,-0.0169811320755,-0.0283018867925,0.0113211484819,3,0,first-entry-open gross underlying total-return path; corporate-action adjusted; exit day open only
300760.SZ-001,62,GROUP_C,LOSERS,300760.SZ,2024-03-11,2024-03-12,2024-03-21,2024-03-22,304.74,304.74,290.03,0.1,91513.422,-0.0501722140824,-4591.431,8,SET_CHANGE_ENTRY_OR_INDIVIDUAL_EXIT,SET_CHANGE_ENTRY_OR_INDIVIDUAL_EXIT,1,1,0.138952249187,0.0762897526502,0.16835443038,0.139449541284,0.878899082569,0.891743119266,0.734862385321,115,0.790825688073,545,301.35,304.59,0.0107516177203,0.0106372500739,0.12683692929,295.108,292.501,292.641,286.975,0.0283404477742,0.0580366191474,0.0105687079664,0.0171402910313,0.616600263503,0.0731630707101,0.0516595522258,0.391963380853,0.233399736497,0.0100235849057,2810149,4239342.9,0.662873720359,267.77,267.43,301.35,True,1363576312.58,5644731,4541366.6,1.2429586724,True,0.00735052831922,-0.0512239942246,0.00223141038262,-0.0483691015292,0.0524036244651,2,4,first-entry-open gross underlying total-return path; corporate-action adjusted; exit day open only
300479.SZ-002,63,GROUP_C,LOSERS,300479.SZ,2025-06-23,2025-06-24,2025-07-23,2025-07-24,21.51,21.5144117647,20.85,0.1,146444.298,-0.0328184713617,-4806.078,22,SET_CHANGE_ENTRY_OR_INDIVIDUAL_EXIT,SET_CHANGE_ENTRY_OR_INDIVIDUAL_EXIT,2,1,0.116219008264,0.006052141527,-0.0404085257549,0.74481865285,0.531088082902,0.376943005181,0.527590673575,343,0.556994818653,772,21.5,21.61,0.00511627906977,0.00509023600185,0.1460554371,21.034,20.836,20.4215,20.2513333333,0.0386476610594,0.031185031185,0.0211532076466,0.0321527924403,0.657896438882,0.0539445628998,0.0413523389406,0.418814968815,0.192103561118,0.199134199134,4040400,8882473.83333,0.454873279203,19.65,19.19,21.5,True,211226192.792,14359843,10121198.35,1.41878881368,True,0.069270106927,-0.0306834030683,0.0529986052999,-0.0306834030683,0.0858170766616,2,22,first-entry-open gross underlying total-return path; corporate-action adjusted; exit day open only
300043.SZ-001,64,GROUP_C,LOSERS,300043.SZ,2024-08-30,2024-09-02,2024-09-03,2024-09-04,2.69,2.69,2.56,0.1,96398.302,-0.0502285818271,-4841.95,2,SET_CHANGE_ENTRY_OR_INDIVIDUAL_EXIT,MARKET_MA20_X2,1,1,0.17094017094,0.256880733945,-0.0385964912281,0.883610451306,0.857482185273,0.577197149644,0.778622327791,58,0.86460807601,421,2.66,2.74,0.0300751879699,0.029197080292,0.166666666667,2.306,2.399,2.398,2.37,0.0403295750217,0.0392156862745,0.0230559105884,0.0385995063249,0.597311022436,0.0333333333333,0.0396704249783,0.410784313725,0.252688977564,0.243243243243,16459300,43123575.3333,0.381677536539,2.31,2.22,2.59,True,141602186.926,198763538,48796249.25,4.0733363948,True,0.0111524163569,-0.0631970260223,-0.0408921933086,-0.0483271375465,0.00933638851854,0,1,first-entry-open gross underlying total-return path; corporate-action adjusted; exit day open only
301188.SZ-001,65,GROUP_C,LOSERS,301188.SZ,2025-05-19,2025-05-20,2025-05-28,2025-05-29,20.52,20.52,19.77,0.1,149945.796,-0.0336062572905,-5039.117,7,SET_CHANGE_ENTRY_OR_INDIVIDUAL_EXIT,MARKET_MA20_X2,1,1,0.251330573625,0.35728030789,0.339240506329,0.858156028369,0.88085106383,0.812765957447,0.855886524823,67,0.906382978723,705,18.7,21.16,0.131550802139,0.116257088847,0.155747836836,18.24,17.933,17.769,17.654,0.0331936105132,0.095785440613,0.0166558842778,0.0256875718943,0.648402439373,0.0442521631644,0.0468063894868,0.354214559387,0.201597560627,0.313492063492,1389000,4842609.16667,0.286828846226,16.97,16.18,18.7,True,109610352.058,28765186,4603716.9,6.24825258043,True,0.110623781676,-0.0355750487329,0.0321637426901,-0.0316764132554,0.0657699999805,2,4,first-entry-open gross underlying total-return path; corporate-action adjusted; exit day open only
300733.SZ-001,66,GROUP_C,LOSERS,300733.SZ,2024-12-20,2024-12-23,2024-12-24,2024-12-25,12.95,12.95,12.51,0.1,150370.22,-0.0359069501927,-5399.336,2,SET_CHANGE_ENTRY_OR_INDIVIDUAL_EXIT,MARKET_MA20_X2,1,1,0.154929577465,0.443344334433,0.290068829892,0.785133565621,0.355400696864,0.341463414634,0.437166085947,495,0.4262485482,861,12.91,13.12,0.0162664601084,0.016006097561,0.146536412078,12.562,12.548,12.192,12.1986666667,0.0303477690289,0.020366598778,0.0201296659096,0.040452245156,0.497615542276,0.0534635879218,0.0496522309711,0.429633401222,0.352384457724,0,3976400,8611568.66667,0.461750948511,11.26,11.26,12.91,True,103580109.97,16502300,7849249.85,2.10240472852,True,0.00772200772201,-0.0532818532819,-0.027027027027,-0.0370656370656,0.00887992316564,0,1,first-entry-open gross underlying total-return path; corporate-action adjusted; exit day open only
300775.SZ-001,67,GROUP_C,LOSERS,300775.SZ,2024-05-09,2024-05-10,2024-05-24,2024-05-27,33,32.965,31.09,0.1,105593.488,-0.0523105932442,-5523.658,11,SET_CHANGE_ENTRY_OR_INDIVIDUAL_EXIT,MARKET_MA20_X2,2,2,0.377216312057,0.36391571554,0.0806956521739,0.956692913386,0.775590551181,0.820866141732,0.825393700787,62,0.879921259843,508,26.21,31.07,0.185425410149,0.156420984873,0.173231871083,25.68,25.033,24.0715,24.0746666667,0.0668217601728,0.0796460176991,0.0245584497027,0.0307943039206,0.7974997508,0.0267681289167,0.0131782398272,0.370353982301,0.0525002491999,0.423772609819,6420210,12309175.4667,0.521579208728,23.98,22.34,26.21,True,424524003.807,57724335,14387506.55,4.01211528901,True,0.0893939393939,-0.0924242424242,0.0548484848485,-0.0666666666667,0.107159078093,6,4,first-entry-open gross underlying total-return path; corporate-action adjusted; exit day open only
301052.SZ-001,68,GROUP_C,LOSERS,301052.SZ,2025-06-10,2025-06-11,2025-06-20,2025-06-23,40.61,40.61,39,0.1,150407.257,-0.0415641979296,-6251.557,8,SET_CHANGE_ENTRY_OR_INDIVIDUAL_EXIT,MARKET_MA20_X2,1,1,0.150390460996,0.368768108702,0.323799400908,0.843582887701,0.919786096257,0.830213903743,0.877673796791,62,0.918449197861,748,38.367,41.1,0.0712330909375,0.066496350365,0.192744116641,37.018,36.6411,35.90955,35.4487,0.0442696065018,0.0438409707435,0.0330943036647,0.0458303669451,0.722104269955,0.00725588335872,0.0357303934982,0.406159029256,0.127895730045,0.316821284789,3548533,7697907.86667,0.460973690704,33.977,32.167,37.88,True,273024123.454,15155014,6969499.9,2.17447653597,True,0.0957892144792,-0.0519576459,0.0635311499631,-0.0398916523024,0.105095347893,1,7,first-entry-open gross underlying total-return path; corporate-action adjusted; exit day open only
300357.SZ-001,69,GROUP_C,LOSERS,300357.SZ,2024-05-08,2024-05-09,2024-05-24,2024-05-27,26,25.9497560976,24.45,0.1,106500.394,-0.0587297357792,-6254.74,12,SET_CHANGE_ENTRY_OR_INDIVIDUAL_EXIT,MARKET_MA20_X2,2,2,0.113983050847,0.19445706497,-0.110622462788,0.809900990099,0.637623762376,0.534653465347,0.641188118812,162,0.681188118812,505,26.15,26.29,0.00535372848948,0.00532521871434,0.178733031674,24.374,23.659,23.2075,23.3993333333,0.0502639233007,0.0108138873079,0.0183111399915,0.0372179045139,0.491998145264,0.0212669683258,0.0297360766993,0.439186112692,0.358001854736,0.0695652173913,2141333,4467284.63333,0.479336593872,22.34,22.1,25.55,True,140268110.086,21321103,4916792.45,4.33638458748,True,0.0665384615385,-0.0611538461538,0.03,-0.0596153846154,0.0887297357792,0,5,first-entry-open gross underlying total-return path; corporate-action adjusted; exit day open only
300452.SZ-001,70,GROUP_C,LOSERS,300452.SZ,2025-06-03,2025-06-04,2025-06-16,2025-06-17,13.08,13.0686885246,12.58,0.1,159597.438,-0.0393171349029,-6274.914,9,SET_CHANGE_ENTRY_OR_INDIVIDUAL_EXIT,SET_CHANGE_ENTRY_OR_INDIVIDUAL_EXIT,5,1,0.0963956412406,0.128559102675,0.0202808112324,0.654986522911,0.746630727763,0.487870619946,0.650673854447,209,0.719676549865,742,13.07,13.08,0.000765110941086,0.000764525993884,0.199082568807,12.78,12.689,12.4485,12.3973333333,0.0308668530867,0.0820045558087,0.0149618247433,0.0285037723839,0.524906827834,0.000917431192661,0.0491331469133,0.367995444191,0.325093172166,0,4282835,8955416.4,0.478239627138,11.84,11.84,13,True,102636898.751,9715353,7934843.55,1.22439124839,True,0.00611620795107,-0.0504587155963,-0.00535168195719,-0.0481651376147,0.0339654529457,4,8,first-entry-open gross underlying total-return path; corporate-action adjusted; exit day open only
300790.SZ-001,71,GROUP_C,LOSERS,300790.SZ,2024-12-09,2024-12-10,2024-12-18,2024-12-19,19.24,19.2324418605,18.53,0.1,165564.399,-0.0384488273956,-6365.757,7,SET_CHANGE_ENTRY_OR_INDIVIDUAL_EXIT,MARKET_MA20_X2,2,1,0.0442477876106,0.428139183056,0.429220287661,0.733560090703,0.443310657596,0.57029478458,0.539455782313,375,0.575963718821,882,18.64,18.88,0.0128755364807,0.0127118644068,0.156549520767,17.73,16.986,17.1425,17.026,0.0438007771106,0.101754385965,0.0248295576014,0.0462069764405,0.537355168291,0.0434504792332,0.0361992228894,0.348245614035,0.312644831709,0,8255969,20260108.6,0.407498753486,15.87,15.87,18.1,True,369366188.321,33416441,21270643.35,1.57101223739,True,0.0561330561331,-0.0706860706861,0.022869022869,-0.0654885654886,0.0613178502646,3,5,first-entry-open gross underlying total-return path; corporate-action adjusted; exit day open only
300679.SZ-001,72,GROUP_C,LOSERS,300679.SZ,2024-04-26,2024-04-29,2024-05-24,2024-05-27,43,42.9533333333,40.33,0.1,103191.088,-0.0629500097915,-6495.88,17,SET_CHANGE_ENTRY_OR_INDIVIDUAL_EXIT,MARKET_MA20_X2,2,1,0.10179028133,0.256709451575,0.0252260828177,0.785862785863,0.862785862786,0.762993762994,0.817463617464,66,0.864864864865,481,42.31,43.08,0.0181990073269,0.0178737233055,0.187815833801,41.07,40.321,40.1175,40.1946666667,0.0237427556553,0.243949289282,0.0221191826302,0.0337655176131,0.655081994704,0.0121841661988,0.0562572443447,0.206050710718,0.194918005296,0.0588235294118,2769514,5712632.56667,0.48480520455,38.63,38.4,42.31,True,232192439.606,7964778,5515331.1,1.44411602052,True,0.0616279069767,-0.0688372093023,0.0558139534884,-0.0653488372093,0.11876396328,2,16,first-entry-open gross underlying total-return path; corporate-action adjusted; exit day open only
301238.SZ-001,73,GROUP_C,LOSERS,301238.SZ,2025-06-23,2025-06-24,2025-07-16,2025-07-17,19.12,19.12,18.19,0.1,143543.4,-0.0505409862104,-7254.825,17,SET_CHANGE_ENTRY_OR_INDIVIDUAL_EXIT,SET_CHANGE_ENTRY_OR_INDIVIDUAL_EXIT,1,1,0.129279811098,0.0235420010701,0.183055040198,0.781088082902,0.571243523316,0.739637305699,0.663730569948,202,0.739637305699,772,18.69,19.13,0.0235420010701,0.0230005227392,0.141692789969,17.574,17.562,17.33,17.3633333333,0.0140796306982,0.131008482564,0.0195083731135,0.0326191525282,0.598064989476,0.0583072100313,0.0659203693018,0.318991517436,0.251935010524,0,4312800,9733473.13333,0.44308952631,16.77,16.77,18.21,True,187368638.568,31382078,9489313.45,3.30709678475,True,0.0617154811715,-0.0601464435146,0.0339958158996,-0.0507322175732,0.08453680211,2,15,first-entry-open gross underlying total-return path; corporate-action adjusted; exit day open only
300285.SZ-001,74,GROUP_C,LOSERS,300285.SZ,2024-05-09,2024-05-10,2024-05-24,2024-05-27,20.8,20.7858,19.36,0.1,104032.929,-0.0704558553763,-7329.729,11,SET_CHANGE_ENTRY_OR_INDIVIDUAL_EXIT,MARKET_MA20_X2,2,1,0.198630136986,0.185101580135,-0.189189189189,0.870078740157,0.450787401575,0.32874015748,0.498031496063,247,0.515748031496,508,20.37,21,0.0309278350515,0.03,0.179334916865,19.6,19.156,18.4645,18.1743333333,0.07844395943,0.0609597924773,0.0233170760509,0.0335937671178,0.694089352024,0.0206650831354,0.00155604057003,0.389040207523,0.155910647976,0.112582781457,5062969,15042759.2,0.336571830519,17.18,16.84,19.86,True,334192572.553,27207480,17225271.45,1.57950950608,True,0.0225961538462,-0.0735576923077,0.0197115384615,-0.0721153846154,0.0901673938379,2,9,first-entry-open gross underlying total-return path; corporate-action adjusted; exit day open only
300003.SZ-002,75,GROUP_C,LOSERS,300003.SZ,2025-06-04,2025-06-05,2025-06-20,2025-06-23,13.68,13.5990082645,12.83,0.1,164712.548,-0.0460518587813,-7585.319,12,SET_CHANGE_ENTRY_OR_INDIVIDUAL_EXIT,MARKET_MA20_X2,4,3,0.236634531113,0.209083119109,0.161316872428,0.914323962517,0.815261044177,0.722891566265,0.807362784471,101,0.866131191432,747,12.11,14.11,0.165152766309,0.141743444366,0.141074856046,11.414,11.345,11.3485,11.265,0.0132268086995,0.0245746691871,0.0144936782092,0.0205813721069,0.704213408804,0.0589251439539,0.0667731913005,0.425425330813,0.145786591196,0.388888888889,7207348,13076388,0.551172693866,11.1,10.68,11.76,True,294082420.786,221064092,13253151.8,16.6801146879,True,0.0540935672515,-0.0716374269006,0.0102339181287,-0.0650584795322,0.0562857769099,8,2,first-entry-open gross underlying total-return path; corporate-action adjusted; exit day open only
300072.SZ-001,76,GROUP_C,LOSERS,300072.SZ,2025-06-23,2025-06-24,2025-07-30,2025-07-31,3.64,3.63786924939,3.46,0.1,150394.244,-0.050475269519,-7591.19,27,SET_CHANGE_ENTRY_OR_INDIVIDUAL_EXIT,SET_CHANGE_ENTRY_OR_INDIVIDUAL_EXIT,3,2,0.253378378378,0.148606811146,-0.0794044665012,0.90932642487,0.781088082902,0.29792746114,0.661787564767,203,0.738341968912,772,3.34,3.71,0.110778443114,0.099730458221,0.148409893993,3.18,3.14,3.084,3.06933333333,0.0360556038228,0.118421052632,0.0173301661264,0.0273497027429,0.633650986604,0.0515901060071,0.0439443961772,0.331578947368,0.216349013396,0.137931034483,11223412,22138060.4,0.506973591959,3,2.96,3.25,True,106107023.64,168448325,25214971.25,6.68048848162,True,0.0604395604396,-0.0741758241758,0.0302197802198,-0.0659340659341,0.0806950497387,12,9,first-entry-open gross underlying total-return path; corporate-action adjusted; exit day open only
300770.SZ-002,77,GROUP_C,LOSERS,300770.SZ,2025-06-09,2025-06-10,2025-06-20,2025-06-23,41.18,41.2051351351,39.05,0.1,152611.459,-0.0541960875952,-8270.944,9,SET_CHANGE_ENTRY_OR_INDIVIDUAL_EXIT,MARKET_MA20_X2,2,1,0.0643988574396,0.0803900896152,0.00886044794487,0.599732262383,0.682730923695,0.449799196787,0.59625167336,265,0.646586345382,747,40.66,40.99,0.00811608460403,0.00805074408392,0.146967559944,40.308,39.34,39.002,38.668,0.0424123306093,0.382734912147,0.0117698792713,0.0204727166686,0.574905590781,0.0530324400564,0.0375876693907,0.0672650878533,0.275094409219,0,1013700,2431460.03333,0.416909998973,37.06,37.06,40.66,True,107423735.417,4262889,2515063.6,1.69494282371,True,0.0757649344342,-0.051724137931,0.0434677027683,-0.051724137931,0.0976637903636,0,9,first-entry-open gross underlying total-return path; corporate-action adjusted; exit day open only
300254.SZ-001,78,GROUP_C,LOSERS,300254.SZ,2025-06-03,2025-06-04,2025-06-20,2025-06-23,10.5,10.460625,9.82,0.1,167537.37,-0.0532844642362,-8927.139,13,SET_CHANGE_ENTRY_OR_INDIVIDUAL_EXIT,MARKET_MA20_X2,5,3,0.182648401826,0.11879049676,0.0986214209968,0.840970350404,0.739892183288,0.602425876011,0.718867924528,166,0.777628032345,742,10.01,10.36,0.034965034965,0.0337837837838,0.195937873357,9.692,9.599,9.349,9.19633333333,0.0538982927979,0.0104772991851,0.0256770114296,0.0325329181516,0.789262472856,0.00406212664277,0.0261017072021,0.439522700815,0.0607375271439,0.0671641791045,5581100,14638188.0333,0.381269866686,8.67,8.58,9.92,True,154035277.067,39730080,14336936.1,2.77116949695,True,0.138095238095,-0.111428571429,0.0619047619048,-0.101904761905,0.115189226141,7,12,first-entry-open gross underlying total-return path; corporate-action adjusted; exit day open only
300009.SZ-001,79,GROUP_C,LOSERS,300009.SZ,2025-05-29,2025-05-30,2025-06-18,2025-06-19,8.93,8.93084269663,8.43,0.1,159127.969,-0.0567481446332,-9030.217,13,SET_CHANGE_ENTRY_OR_INDIVIDUAL_EXIT,SET_CHANGE_ENTRY_OR_INDIVIDUAL_EXIT,5,3,0.143765903308,0.0727923627685,0.0297823596793,0.712121212121,0.641873278237,0.46694214876,0.603443526171,246,0.662534435262,726,8.85,8.99,0.0158192090395,0.0155728587319,0.174731182796,8.58,8.593,8.3435,8.19933333333,0.0480120334987,0.0315315315315,0.0180850496502,0.0226454106179,0.798618755711,0.0252688172043,0.0319879665013,0.418468468468,0.051381244289,0.261363636364,5891250,15427808.8333,0.381859152109,8.09,7.86,8.74,True,165541014.783,28811206,18165262.65,1.58606052415,True,0.0615901455767,-0.0593505039194,0.0246360582307,-0.0559910414334,0.0813842028639,9,12,first-entry-open gross underlying total-return path; corporate-action adjusted; exit day open only
300142.SZ-001,80,GROUP_C,LOSERS,300142.SZ,2025-07-24,2025-07-25,2025-08-29,2025-09-01,13.48,13.3649612403,12.68,0.1,172580.408,-0.0531461253702,-9171.98,26,SET_CHANGE_ENTRY_OR_INDIVIDUAL_EXIT,SET_CHANGE_ENTRY_OR_INDIVIDUAL_EXIT,3,1,0.215004574565,0.310957551826,0.174182139699,0.895206243032,0.730211817168,0.452619843924,0.679933110368,227,0.748049052397,897,11.58,13.28,0.146804835924,0.128012048193,0.149950347567,11.466,11.44,11.2735,11.0913333333,0.033780128629,0.238546603476,0.0128528030712,0.0191448945487,0.6713436336,0.050049652433,0.046219871371,0.211453396524,0.1786563664,0,22295023,45239886.7333,0.492817834214,10.15,10.15,11.58,True,547457022.154,195824277,39473944.3,4.9608489973,True,0.0571216617211,-0.0919881305638,0.00816023738872,-0.0682492581602,0.0613063627589,7,24,first-entry-open gross underlying total-return path; corporate-action adjusted; exit day open only
301577.SZ-001,81,GROUP_C,LOSERS,301577.SZ,2025-11-04,2025-11-05,2025-11-17,2025-11-18,66.5,66.504,62.95,0.1,166426.26,-0.0553316225456,-9208.635,9,SET_CHANGE_ENTRY_OR_INDIVIDUAL_EXIT,MARKET_MA20_X2,2,1,0.111292962357,0.117695473251,0.295307134681,0.844282238443,0.587591240876,0.566909975669,0.632725060827,259,0.686131386861,822,66.37,67.9,0.0230525839988,0.0225331369661,0.120979020979,62.432,61.99,60.892,61.5096666667,0.0252906785785,0.00842481490937,0.0154200555405,0.0223577803822,0.689695277298,0.079020979021,0.0547093214215,0.441575185091,0.160304722702,0.433526011561,698100,1431677.63333,0.48760976895,60.2,57.2,64.12,True,110661783.904,4914430,1587705.05,3.09530413095,True,0.0345864661654,-0.0669172932331,0.0195488721805,-0.0615037593985,0.0748804947261,1,8,first-entry-open gross underlying total-return path; corporate-action adjusted; exit day open only
300522.SZ-001,82,GROUP_C,LOSERS,300522.SZ,2025-05-29,2025-05-30,2025-06-12,2025-06-13,14.13,14.0622222222,13.23,0.1,164692.528,-0.0610611733399,-10056.319,9,SET_CHANGE_ENTRY_OR_INDIVIDUAL_EXIT,SET_CHANGE_ENTRY_OR_INDIVIDUAL_EXIT,5,1,0.14068745004,0.0325615050651,0.13343923749,0.699724517906,0.564738292011,0.608815426997,0.604958677686,240,0.670798898072,726,14.25,14.27,0.00140350877193,0.00140154169587,0.183811129848,13.782,13.555,13.287,13.155,0.0476624857469,0.0311665182547,0.0238866587312,0.0310762682579,0.768646303762,0.0161888701518,0.0323375142531,0.418833481745,0.0813536962385,0,2950400,7666873.3,0.384824410754,12.51,12.51,14.04,True,122180741.963,15194687,8456558,1.79679332892,True,0.0212314225053,-0.0743099787686,-0.0247699929229,-0.06652512385,0.0362911804171,0,8,first-entry-open gross underlying total-return path; corporate-action adjusted; exit day open only
300279.SZ-001,83,GROUP_C,LOSERS,300279.SZ,2024-12-10,2024-12-11,2024-12-18,2024-12-19,7.42,7.42,6.97,0.1,161175.014,-0.0625237296396,-10077.263,6,SET_CHANGE_ENTRY_OR_INDIVIDUAL_EXIT,MARKET_MA20_X2,1,1,0.0450704225352,0.69020501139,0.770883054893,0.659090909091,0.730681818182,0.815909090909,0.741931818182,172,0.805681818182,880,7.3,7.42,0.0164383561644,0.0161725067385,0.192810457516,7.176,7.097,6.8785,6.81,0.0537444933921,0.136597938144,0.0279968111309,0.0509586023182,0.549403042023,0.00718954248366,0.0262555066079,0.313402061856,0.300596957977,0.172413793103,14704120,28121424.6,0.522879626802,6.34,6.14,7.3,True,183858769.197,52917636,25443765.7,2.07978789869,True,0.0714285714286,-0.0795148247978,0.0619946091644,-0.0606469002695,0.124518338804,2,5,first-entry-open gross underlying total-return path; corporate-action adjusted; exit day open only
301048.SZ-001,84,GROUP_C,LOSERS,301048.SZ,2025-06-10,2025-06-11,2025-06-20,2025-06-23,10.91,10.887755102,10.17,0.1,160210.05,-0.0655446334359,-10500.909,8,SET_CHANGE_ENTRY_OR_INDIVIDUAL_EXIT,MARKET_MA20_X2,3,2,0.0521821631879,0.210698689956,0.0756547041707,0.653743315508,0.826203208556,0.601604278075,0.724331550802,157,0.791443850267,748,10.95,11.09,0.0127853881279,0.0126239855726,0.199342825849,10.414,10.277,10.2085,9.913,0.0505396953495,0.0279329608939,0.0231153187433,0.045116818804,0.512343719173,0.00065717415115,0.0294603046505,0.422067039106,0.337656280827,0,5098900,11277984.9333,0.452110907236,9.13,9.13,10.66,True,129967564.398,30172111,12938482.2,2.33196680519,True,0.025664527956,-0.0678276810266,0.0119156736939,-0.0678276810266,0.0774603071298,0,8,first-entry-open gross underlying total-return path; corporate-action adjusted; exit day open only
300770.SZ-001,85,GROUP_C,LOSERS,300770.SZ,2024-05-13,2024-05-14,2024-05-20,2024-05-21,42,42,37.65,0.1,100900.8,-0.105362494648,-10631.16,5,SET_CHANGE_ENTRY_OR_INDIVIDUAL_EXIT,SET_CHANGE_ENTRY_OR_INDIVIDUAL_EXIT,1,1,0.141479099678,0.356687898089,0.076573161486,0.808510638298,0.744680851064,0.829787234043,0.782978723404,86,0.835589941973,517,42.36,42.6,0.0056657223796,0.0056338028169,0.150774246129,40.028,38.904,38.319,38.8546666667,0.04459928495,0.0596797671033,0.0178773545102,0.0266352370014,0.671191869225,0.0492257538712,0.03540071505,0.390320232897,0.178808130775,0.0767790262172,1733999,3889208.76667,0.44584878417,37.22,36.81,42.15,True,154305259.383,8442878,3661257.05,2.30600525576,True,0.0140476190476,-0.106904761905,-0.0280952380952,-0.103571428571,0.077267256553,0,4,first-entry-open gross underlying total-return path; corporate-action adjusted; exit day open only
301213.SZ-002,86,GROUP_C,LOSERS,301213.SZ,2025-02-17,2025-02-18,2025-03-03,2025-03-04,49,48.9677419355,45.4,0.1,151951.8,-0.0747114545534,-11352.54,10,SET_CHANGE_ENTRY_OR_INDIVIDUAL_EXIT,SET_CHANGE_ENTRY_OR_INDIVIDUAL_EXIT,2,1,0.14156626506,0.16175430323,0.630916914929,0.393850658858,0.704245973646,0.573938506589,0.603074670571,252,0.632503660322,683,48.86,49.27,0.0083913221449,0.00832149380962,0.163056415139,47.994,46.967,44.9875,44.6543333333,0.0747893074954,0.100043497173,0.024032582164,0.0325007626464,0.739446714695,0.0369435848607,0.00521069250465,0.349956502827,0.110553285305,0,968700,2152158.86667,0.450106177106,42.01,42.01,48.86,True,100676487.926,4719000,2016994.8,2.3396193188,True,0.122448979592,-0.0851020408163,0.069387755102,-0.0757142857143,0.144099209655,3,9,first-entry-open gross underlying total-return path; corporate-action adjusted; exit day open only
300241.SZ-001,87,GROUP_C,LOSERS,300241.SZ,2024-12-20,2024-12-23,2024-12-24,2024-12-25,6.25,6.25,5.78,0.1,150775.625,-0.0770477522478,-11616.923,2,SET_CHANGE_ENTRY_OR_INDIVIDUAL_EXIT,MARKET_MA20_X2,1,1,0.137362637363,0.580152671756,0.57614213198,0.737514518002,0.607433217189,0.700348432056,0.661324041812,252,0.708478513357,861,6.2,6.21,0.00161290322581,0.00161030595813,0.165413533835,5.88,5.947,5.8255,5.81166666667,0.0232864926871,0.0859232175503,0.0307342203908,0.0471660181015,0.651617872949,0.0345864661654,0.0567135073129,0.36407678245,0.198382127051,0.195402298851,16722300,30982412.5333,0.539735244375,5.49,5.32,6.19,True,194466997.19,78120350,30552850.1,2.55689239283,True,0.0064,-0.096,-0.072,-0.0752,0.00504775224775,0,1,first-entry-open gross underlying total-return path; corporate-action adjusted; exit day open only
300796.SZ-001,88,GROUP_C,LOSERS,300796.SZ,2024-04-26,2024-04-29,2024-05-09,2024-05-10,17.1,16.8813235294,14.95,0.1,114907.793,-0.116175349395,-13349.453,6,SET_CHANGE_ENTRY_OR_INDIVIDUAL_EXIT,SET_CHANGE_ENTRY_OR_INDIVIDUAL_EXIT,5,1,0.196617336152,0.132,0.137307434695,0.904365904366,0.706860706861,0.860706860707,0.792515592516,79,0.837837837838,481,16.7,16.98,0.0167664670659,0.0164899882214,0.177715091678,16.128,15.505,15.103,14.9456666667,0.0791087717733,0.135245901639,0.022969531475,0.0307610044876,0.746709408798,0.0222849083216,0.000891228226688,0.314754098361,0.103290591202,0.162698412698,3056408,5658633.4,0.540131827589,14.59,14.18,16.7,True,104510116.501,13610846,6270060.3,2.17076795896,True,0.00994152046784,-0.134502923977,-0.0169590643275,-0.125730994152,0.0992162850677,0,4,first-entry-open gross underlying total-return path; corporate-action adjusted; exit day open only
300748.SZ-001,89,GROUP_C,LOSERS,300748.SZ,2025-06-11,2025-06-12,2025-06-20,2025-06-23,24.07,24.1346875,22.09,0.1,154616.462,-0.0865485979106,-13381.838,7,SET_CHANGE_ENTRY_OR_INDIVIDUAL_EXIT,MARKET_MA20_X2,2,1,0.149474689589,0.108195211786,0.163926499033,0.828187919463,0.724832214765,0.69932885906,0.737852348993,144,0.808053691275,745,22.31,24.07,0.0788883908561,0.0731200664728,0.165621734587,21.698,20.775,20.736,20.798,0.0463927469136,0.0605095541401,0.0252952304038,0.0327628303498,0.772070975973,0.0343782654127,0.0336072530864,0.38949044586,0.0779290240269,0,11070540,42929041.7667,0.257879969932,19.6,19.6,22.31,True,1082185928.3,160927799,43556726.35,3.69467158085,True,0.058994599086,-0.0822600747819,0.0091400083091,-0.0822600747819,0.0956886062197,0,7,first-entry-open gross underlying total-return path; corporate-action adjusted; exit day open only
300635.SZ-001,90,GROUP_C,LOSERS,300635.SZ,2024-12-06,2024-12-09,2024-12-18,2024-12-19,12.36,12.3576470588,11.3,0.1,168232.064,-0.0821581134498,-13821.629,8,SET_CHANGE_ENTRY_OR_INDIVIDUAL_EXIT,MARKET_MA20_X2,2,2,0.166815343443,0.758064516129,0.709803921569,0.893138357705,0.813273340832,0.809898762655,0.828233970754,89,0.901012373453,889,12.75,13.08,0.0258823529412,0.0252293577982,0.196721311475,11.544,11.449,11.515,11.3423333333,0.0177799982367,0.106690777577,0.0167315846393,0.0581880812656,0.287543157901,0.00327868852459,0.0622200017633,0.343309222423,0.562456842099,0.122549019608,5055034,9988125.23333,0.506104387151,10.62,10.37,12.41,True,134977289.515,33371335,10129281.75,3.29454109616,True,0.0598705501618,-0.10355987055,0.0299352750809,-0.0857605177994,0.112093388531,1,7,first-entry-open gross underlying total-return path; corporate-action adjusted; exit day open only
301230.SZ-001,91,GROUP_C,LOSERS,301230.SZ,2024-12-06,2024-12-09,2024-12-18,2024-12-19,29.5,29.4659649123,27.09,0.1,168123.956,-0.0824711084005,-13865.369,8,SET_CHANGE_ENTRY_OR_INDIVIDUAL_EXIT,MARKET_MA20_X2,2,1,0.111637080868,0.411116675013,0.17567394095,0.817772778403,0.383577052868,0.228346456693,0.423847019123,530,0.404949381327,889,27.97,28.18,0.00750804433321,0.00745209368346,0.182127659574,26.21,25.923,26.1425,25.7353333333,0.0184441623708,0.149881046788,0.0314979442622,0.0498224893346,0.632203341961,0.0178723404255,0.0615558376292,0.300118953212,0.217796658039,0.188095238095,3754305,6841630.5,0.5487441919,24.37,23.58,27.78,True,208333214.053,10329311,7497197.5,1.37775628827,True,0.0237288135593,-0.111525423729,-0.0508474576271,-0.0854237288136,0.0316236507734,0,6,first-entry-open gross underlying total-return path; corporate-action adjusted; exit day open only
300346.SZ-001,92,GROUP_C,LOSERS,300346.SZ,2025-05-06,2025-05-07,2025-05-16,2025-05-19,41,40.0390243902,31,0.1,164324.16,-0.0855881447987,-14064.2,8,SET_CHANGE_ENTRY_OR_INDIVIDUAL_EXIT,SET_CHANGE_ENTRY_OR_INDIVIDUAL_EXIT,2,1,0.0944712828771,0.0959419510884,0.00319803198032,0.846153846154,0.599715099715,0.434472934473,0.59943019943,263,0.626780626781,702,40.52,40.78,0.00641658440276,0.00637567435017,0.127210496292,38.706,38.384,37.9235,37.444,0.0337036641384,0.034064395707,0.0173554082477,0.0218385625533,0.79471385561,0.0727895037079,0.0462963358616,0.415935604293,0.0552861443901,0.150224215247,7170891,22682534.6,0.316141521504,35.73,35.06,39.52,True,1077673794.5,34200227,27286076.4,1.25339482667,True,0.00439024390244,-0.090243902439,-0.0182926829268,-0.090243902439,0.0672954618718,0,7,first-entry-open gross underlying total-return path; corporate-action adjusted; exit day open only
301182.SZ-001,93,GROUP_C,LOSERS,301182.SZ,2025-09-03,2025-09-04,2025-09-22,2025-09-23,39.77,39.652,36.6,0.1,178612.434,-0.0788138523436,-14077.134,13,SET_CHANGE_ENTRY_OR_INDIVIDUAL_EXIT,SET_CHANGE_ENTRY_OR_INDIVIDUAL_EXIT,2,1,0.0605494798613,0.276404494382,-0.0838709677419,0.711153479504,0.775023832221,0.204957102002,0.591229742612,382,0.636320305052,1049,39.5,39.76,0.00658227848101,0.00653923541247,0.104895104895,38.068,37.706,37.4765,37.4426666667,0.016701089666,0.014405360134,0.0284275980306,0.0362795169785,0.783571568703,0.0951048951049,0.063298910334,0.435594639866,0.0664284312971,0.0759493670886,2056540,4785369.43333,0.429755743762,36.26,36.02,39.18,True,202626608.083,10746405,4997832.5,2.15021311739,True,0.0937892884083,-0.0797083228564,0.0837314558713,-0.0797083228564,0.162545308215,2,13,first-entry-open gross underlying total-return path; corporate-action adjusted; exit day open only
300327.SZ-001,94,GROUP_C,LOSERS,300327.SZ,2025-12-10,2025-12-11,2025-12-19,2025-12-22,30.6,30.5057352941,28.35,0.1,207646.439,-0.0725233674727,-15059.219,7,SET_CHANGE_ENTRY_OR_INDIVIDUAL_EXIT,SET_CHANGE_ENTRY_OR_INDIVIDUAL_EXIT,3,1,0.142486085343,0.250101502233,0.281315022888,0.867665418227,0.857677902622,0.627965043695,0.790761548065,122,0.848938826467,801,29.77,30.79,0.0342626805509,0.0331276388438,0.160623781676,29.158,28.944,28.3515,27.9026666667,0.044989726191,0.129303749044,0.0212345716358,0.0289811377644,0.732703174333,0.0393762183236,0.035010273809,0.320696250956,0.117296825667,0.0773333333333,7421765,17517786.2667,0.423670256448,26.31,26.02,29.77,True,572297798.406,39724799,18722876.65,2.12172518906,True,0.00228758169935,-0.100980392157,-0.0300653594771,-0.0807189542484,0.0424580079956,0,4,first-entry-open gross underlying total-return path; corporate-action adjusted; exit day open only
300947.SZ-001,95,GROUP_C,LOSERS,300947.SZ,2025-03-17,2025-03-18,2025-03-24,2025-03-25,20.91,20.91,18.85,0.1,154888.734,-0.100318619687,-15538.224,5,SET_CHANGE_ENTRY_OR_INDIVIDUAL_EXIT,MARKET_MA20_X2,1,1,0.103773584906,0.0657894736842,0.581081081081,0.679860302678,0.649592549476,0.522700814901,0.617578579744,274,0.682188591385,859,20.32,21.06,0.0364173228346,0.0351377018044,0.18320610687,19.374,19.177,18.8945,18.7563333333,0.0329310988288,0.175788795879,0.0282537606349,0.0423160420436,0.66768438801,0.0167938931298,0.0470689011712,0.274211204121,0.18231561199,0.0227272727273,4885172,7993469.1,0.6111454162,17.57,17.51,20.15,True,157158363.539,17123231,7829302.95,2.18706966755,True,0.00430416068867,-0.123385939742,-0.013868962219,-0.0985174557628,0.0864496574683,0,4,first-entry-open gross underlying total-return path; corporate-action adjusted; exit day open only
300788.SZ-001,96,GROUP_C,LOSERS,300788.SZ,2025-02-11,2025-02-12,2025-02-26,2025-02-27,37.52,37.2345454545,33.76,0.1,163995.832,-0.0951266615117,-15600.376,11,SET_CHANGE_ENTRY_OR_INDIVIDUAL_EXIT,SET_CHANGE_ENTRY_OR_INDIVIDUAL_EXIT,3,1,0.138539796529,0.201073232323,0.563912864776,0.427672955975,0.794025157233,0.580188679245,0.656603773585,186,0.709119496855,636,36.71,38.05,0.0365023154454,0.0352168199737,0.186873585516,35.216,33.705,33.282,33.4106666667,0.0581094886125,0.0210249671485,0.0198745972556,0.0368947478845,0.538683644562,0.0131264144843,0.0218905113875,0.428975032852,0.311316355438,0.114186851211,2706930,7533744.7,0.359307370742,31.59,30.93,36.71,True,261723174.591,18261308,7041086.75,2.59353543684,True,0.0634328358209,-0.107142857143,0.0301172707889,-0.100213219616,0.125243932301,1,9,first-entry-open gross underlying total-return path; corporate-action adjusted; exit day open only
300627.SZ-001,97,GROUP_C,LOSERS,300627.SZ,2025-02-07,2025-02-10,2025-03-03,2025-03-04,45.44,45.1969444444,40.73,0.1,162871.709,-0.097707662661,-15913.814,16,SET_CHANGE_ENTRY_OR_INDIVIDUAL_EXIT,SET_CHANGE_ENTRY_OR_INDIVIDUAL_EXIT,4,2,0.177267987487,0.174206968279,0.607117437722,0.805510534846,0.760129659643,0.60453808752,0.722528363047,131,0.789303079417,617,42.31,45.16,0.0673599621839,0.0631089459699,0.146612466125,40.282,39.868,38.776,39.5076666667,0.0388384567774,0.0976814899278,0.0177780880595,0.0239652605398,0.741827447692,0.0533875338753,0.0411615432226,0.352318510072,0.108172552308,0.299445471349,4074367,6957126.4,0.585639352477,38.52,36.9,42.31,True,290731422.133,20738447,7115152.05,2.91468781753,True,0.0266285211268,-0.104753521127,0.00990316901408,-0.103653169014,0.107610831675,11,15,first-entry-open gross underlying total-return path; corporate-action adjusted; exit day open only
301217.SZ-001,98,GROUP_C,LOSERS,301217.SZ,2025-03-14,2025-03-17,2025-03-24,2025-03-25,12.39,12.38953125,11.14,0.1,158744.586,-0.10265029133,-16295.178,6,SET_CHANGE_ENTRY_OR_INDIVIDUAL_EXIT,MARKET_MA20_X2,2,1,0.125454545455,0.0994671403197,0.406818181818,0.717467760844,0.691676436108,0.269636576788,0.570222743259,317,0.629542790152,853,12.07,12.38,0.0256835128418,0.0250403877221,0.153919694073,11.612,11.529,11.455,11.266,0.0307118764424,0.206442166911,0.0227223527711,0.0274205433253,0.828661653475,0.0460803059273,0.0492881235576,0.243557833089,0.0213383465249,0.136645962733,5507500,10037667.6667,0.548683238268,10.68,10.46,12.07,True,146966444.59,34845135,11171336.25,3.11915550837,True,0.0161420500404,-0.115415657789,-0.00564971751412,-0.100887812752,0.0970005738161,0,5,first-entry-open gross underlying total-return path; corporate-action adjusted; exit day open only
300971.SZ-001,99,GROUP_C,LOSERS,300971.SZ,2024-12-05,2024-12-06,2024-12-18,2024-12-19,23.72,23.7121428571,21.37,0.1,166150.985,-0.100574636979,-16710.575,9,SET_CHANGE_ENTRY_OR_INDIVIDUAL_EXIT,MARKET_MA20_X2,2,1,0.0909090909091,0.263157894737,0.353846153846,0.798314606742,0.144943820225,0.451685393258,0.367640449438,603,0.323595505618,890,23.35,23.76,0.0175588865096,0.0172558922559,0.181680161943,22.592,22.243,22.054,21.7486666667,0.0387763234528,0.133521126761,0.0271311844876,0.0362545634741,0.748352259351,0.0183198380567,0.0412236765472,0.316478873239,0.101647740649,0.48623853211,2708500,4152961.93333,0.652185125575,21.67,20.08,23.35,True,104888559.765,8652900,4451648.45,1.94375187016,True,0.00674536256324,-0.0994940978078,-0.0189713322091,-0.0990725126476,0.0816033047694,6,8,first-entry-open gross underlying total-return path; corporate-action adjusted; exit day open only
300494.SZ-001,100,GROUP_C,LOSERS,300494.SZ,2025-08-28,2025-08-29,2025-09-02,2025-09-03,15.71,15.548,14,0.1,171199.028,-0.101361720348,-17353.028,3,SET_CHANGE_ENTRY_OR_INDIVIDUAL_EXIT,SET_CHANGE_ENTRY_OR_INDIVIDUAL_EXIT,2,1,0.0836791147994,0.202609363008,0.154753131909,0.496183206107,0.56679389313,0.528625954198,0.541221374046,435,0.585877862595,1048,15.65,15.67,0.00127795527157,0.00127632418634,0.171407185629,15.178,14.875,14.729,14.602,0.0394466511437,0.201856148492,0.0181452926679,0.0237545725438,0.763865257286,0.0285928143713,0.0405533488563,0.248143851508,0.0861347427143,0.355029585799,18765922,36585482.8333,0.512933561257,14.56,13.96,15.65,True,569053107.257,58716560,37092578.9,1.58297324536,True,0.00318268618714,-0.121578612349,-0.0388287714831,-0.1088478676,0.062532948865,0,2,first-entry-open gross underlying total-return path; corporate-action adjusted; exit day open only
300404.SZ-001,101,GROUP_C,LOSERS,300404.SZ,2024-12-09,2024-12-10,2024-12-18,2024-12-19,10.57,10.5653164557,9.44,0.1,167098.932,-0.108295629322,-18096.084,7,SET_CHANGE_ENTRY_OR_INDIVIDUAL_EXIT,MARKET_MA20_X2,2,1,0.0671487603306,0.395945945946,0.417009602195,0.791383219955,0.374149659864,0.556689342404,0.512358276644,413,0.532879818594,882,10.03,10.33,0.0299102691924,0.0290416263311,0.155737704918,9.262,9.108,9.1715,9.21166666667,0.0169082125604,0.113065326633,0.0205260821747,0.0371938515366,0.55186761593,0.044262295082,0.0630917874396,0.336934673367,0.29813238407,0.231404958678,7263427,12086792.2333,0.600939178881,8.94,8.66,9.87,True,128396923.379,62193982,11082269.8,5.61202561591,True,0.0274361400189,-0.139072847682,-0.038789025544,-0.122043519395,0.0695066037782,0,6,first-entry-open gross underlying total-return path; corporate-action adjusted; exit day open only
300758.SZ-001,102,GROUP_C,LOSERS,300758.SZ,2025-02-11,2025-02-12,2025-02-24,2025-02-25,14.53,14.5099065421,12.82,0.1,155411.256,-0.11823101153,-18374.43,9,SET_CHANGE_ENTRY_OR_INDIVIDUAL_EXIT,SET_CHANGE_ENTRY_OR_INDIVIDUAL_EXIT,2,1,0.169169960474,0.070963070239,0.435922330097,0.522012578616,0.647798742138,0.432389937107,0.558018867925,251,0.606918238994,636,14.35,14.79,0.0306620209059,0.0297498309669,0.199152542373,13.654,13.8,13.576,13.1173333333,0.0520430981907,0.0456621004566,0.0150449716334,0.0254409782002,0.591367655563,0.000847457627119,0.0279569018093,0.404337899543,0.258632344437,0.157446808511,3552620,20766304.3333,0.17107617913,12.17,11.8,14.15,True,402918824.364,53316005,27570621.8,1.93379769911,True,0.050240880936,-0.130075705437,0.0330350997935,-0.117687543014,0.151266111323,1,8,first-entry-open gross underlying total-return path; corporate-action adjusted; exit day open only
300371.SZ-001,103,GROUP_C,LOSERS,300371.SZ,2025-09-22,2025-09-23,2025-09-25,2025-09-26,14.79,14.6547727273,13.24,0.1,193636.443,-0.0983451808191,-19043.211,3,SET_CHANGE_ENTRY_OR_INDIVIDUAL_EXIT,SET_CHANGE_ENTRY_OR_INDIVIDUAL_EXIT,2,1,0.0851825340014,0.306896551724,0.45898135981,0.803157894737,0.766315789474,0.758947368421,0.771473684211,185,0.806315789474,950,14.8,15.16,0.0243243243243,0.023746701847,0.175536139793,14.13,14.243,14.0605,13.9793333333,0.0188611760217,0.151187904968,0.0253442486038,0.0370733618853,0.683624233546,0.0244638602065,0.0611388239783,0.298812095032,0.166375766454,0.429530201342,3954437,7303912.96667,0.541413488639,13.95,13.31,14.8,True,112929807.014,18461570,7382726.45,2.50064391862,True,0,-0.108857336038,-0.0473292765382,-0.104800540906,0.0510159042809,0,2,first-entry-open gross underlying total-return path; corporate-action adjusted; exit day open only
300551.SZ-001,104,GROUP_C,LOSERS,300551.SZ,2025-09-22,2025-09-23,2025-10-14,2025-10-15,13.42,13.4209285714,11.96,0.1,188080.893,-0.110635018093,-20808.333,10,SET_CHANGE_ENTRY_OR_INDIVIDUAL_EXIT,MARKET_MA20_X2,5,1,0.066719618745,0.248141263941,0.458197611292,0.777894736842,0.701052631579,0.757894736842,0.733473684211,219,0.770526315789,950,13.17,13.43,0.0197418375095,0.0193596425912,0.195454545455,12.822,12.614,12.3765,12.2443333333,0.0471782865543,0.124401913876,0.0216287561086,0.0365352083563,0.591997612212,0.00454545454545,0.0328217134457,0.325598086124,0.258002387788,0.486187845304,11820700,25904975.8,0.45631001902,12.22,11.34,13.15,True,265328030.521,32604715,21255075.35,1.53397315526,True,0.0506706408346,-0.118479880775,0.0417287630402,-0.110283159463,0.152363781133,2,9,first-entry-open gross underlying total-return path; corporate-action adjusted; exit day open only
301301.SZ-002,105,GROUP_C,LOSERS,301301.SZ,2025-05-15,2025-05-16,2025-05-28,2025-05-29,14.5,14.4415178571,12.5,0.1,161906.745,-0.136169404184,-22046.745,9,SET_CHANGE_ENTRY_OR_INDIVIDUAL_EXIT,MARKET_MA20_X2,3,1,0.151067323481,0.0093592512599,-0.0462585034014,0.785611510791,0.536690647482,0.492086330935,0.57309352518,271,0.611510791367,695,13.89,14.02,0.0093592512599,0.009272467903,0.159685863874,11.648,11.694,11.872,12.0853333333,0.0375457875458,0.173402868318,0.0127096882438,0.0290468687062,0.437557947204,0.0403141361257,0.0424542124542,0.276597131682,0.412442052796,0.0874316939891,11164100,23783313.0667,0.469408949405,11.62,11.46,13.29,True,291807313.67,147627854,17240004.35,8.5630984194,True,0.0165517241379,-0.137931034483,-0.0551724137931,-0.137931034483,0.0809969903908,0,8,first-entry-open gross underlying total-return path; corporate-action adjusted; exit day open only
300632.SZ-001,106,GROUP_C,LOSERS,300632.SZ,2024-12-09,2024-12-10,2024-12-18,2024-12-19,14.31,14.31,12.39,0.1,164729.565,-0.135901834015,-22387.05,7,SET_CHANGE_ENTRY_OR_INDIVIDUAL_EXIT,MARKET_MA20_X2,1,1,0.111196911197,0.483505154639,0.446231155779,0.865079365079,0.547619047619,0.592970521542,0.624716553288,289,0.673469387755,882,13.4,14.39,0.0738805970149,0.0687977762335,0.192727272727,12.604,12.293,12.2525,12.1936666667,0.033651349061,0.16862037872,0.0209080611497,0.0462120224394,0.452437700105,0.00727272727273,0.046348650939,0.28137962128,0.397562299895,0.257731958763,3412200,8054349,0.423646901817,11.68,11.18,13.12,True,127403341.79,53582065,7472770,7.17030833279,True,0.0656883298393,-0.169112508735,0.0202655485674,-0.148148148148,0.156167382582,0,6,first-entry-open gross underlying total-return path; corporate-action adjusted; exit day open only
301048.SZ-002,107,GROUP_C,LOSERS,301048.SZ,2025-08-08,2025-08-11,2025-09-03,2025-09-04,14.31,13.86,12.01,0.1,184522.338,-0.135208946897,-24949.071,18,SET_CHANGE_ENTRY_OR_INDIVIDUAL_EXIT,SET_CHANGE_ENTRY_OR_INDIVIDUAL_EXIT,3,1,0.262569832402,0.353579407481,0.523958019272,0.904661016949,0.816737288136,0.85063559322,0.844491525424,103,0.891949152542,944,11.38,13.56,0.191564147627,0.160766961652,0.113733648288,11.194,11.17,11.0335,11.0122432467,0.0165049708095,0.14270410883,0.0150669093475,0.0218005973908,0.691123691585,0.0862663517117,0.0634950291905,0.30729589117,0.158876308415,0.0434782608696,3802377,11571091.7333,0.328610047144,10.5,10.46,11.38,True,146570474.738,47093915,11056810.65,4.25926756736,True,0.132075471698,-0.168413696716,0.0573025856045,-0.162124388539,0.192511532502,0,13,first-entry-open gross underlying total-return path; corporate-action adjusted; exit day open only
300987.SZ-001,108,GROUP_C,LOSERS,300987.SZ,2025-06-12,2025-06-13,2025-06-20,2025-06-23,22.01,21.8781578947,18.44,0.1,166440.274,-0.158834261472,-26436.418,6,SET_CHANGE_ENTRY_OR_INDIVIDUAL_EXIT,MARKET_MA20_X2,3,1,0.314649681529,0.286783042394,0.190998268898,0.927807486631,0.871657754011,0.728609625668,0.839973262032,84,0.889037433155,748,17.47,20.64,0.181453921007,0.153585271318,0.178889650446,16.828,16.335,16.029,15.8273333333,0.0632239585527,0.349397590361,0.016739808914,0.0348511178451,0.480323442948,0.0211103495545,0.0167760414473,0.100602409639,0.369676557052,0.297872340426,2726290,5071620.23333,0.537557994205,15.55,14.85,17.2,True,116666662.306,37322303,5120311.45,7.28906891006,True,0.0899591094957,-0.162199000454,-0.00590640617901,-0.162199000454,0.152927855293,0,6,first-entry-open gross underlying total-return path; corporate-action adjusted; exit day open only
300479.SZ-001,109,GROUP_C,LOSERS,300479.SZ,2024-12-10,2024-12-11,2024-12-18,2024-12-19,25.66,25.66,21.3,0.1,159251.092,-0.171572776405,-27323.152,6,SET_CHANGE_ENTRY_OR_INDIVIDUAL_EXIT,MARKET_MA20_X2,1,1,0.187977099237,0.647915287889,0.730368311327,0.893181818182,0.688636363636,0.797727272727,0.762272727273,155,0.825,880,21.93,24.9,0.135430916553,0.119277108434,0.191902384914,20.688,20.097,19.8275,19.945,0.0433993191275,0.0998538723819,0.0274149597243,0.0476748495135,0.575040299112,0.00809761508597,0.0366006808725,0.350146127618,0.274959700888,0.367052023121,5770400,12482329.3,0.462285512689,19.3,18.03,21.49,True,265111559.468,36163434,12028947.85,3.00636717782,True,0.0506625097428,-0.192907248636,-0.0303975058457,-0.172252533125,0.14117527056,0,5,first-entry-open gross underlying total-return path; corporate-action adjusted; exit day open only
300945.SZ-001,110,GROUP_C,LOSERS,300945.SZ,2024-12-02,2024-12-03,2024-12-18,2024-12-19,14.01,13.8601503759,11.66,0.1,184524.34,-0.15764819969,-29089.93,12,SET_CHANGE_ENTRY_OR_INDIVIDUAL_EXIT,MARKET_MA20_X2,4,2,0.313609467456,0.599039615846,0.437203280104,0.930996714129,0.683461117196,0.607886089814,0.710295728368,218,0.762322015334,913,11.35,13.32,0.173568281938,0.147897897898,0.170103092784,10.642,10.321,10.3265,10.3426666667,0.0311016374382,0.08125,0.0273379555363,0.0353961625621,0.77234235458,0.0298969072165,0.0488983625618,0.36875,0.07765764542,0.192857142857,6158138,12472328.9333,0.493744033926,9.97,9.7,11.1,True,135009469.135,32761362,11259048.25,2.90978076233,True,0.0435403283369,-0.17130620985,-0.05710206995,-0.167737330478,0.10054612974,0,11,first-entry-open gross underlying total-return path; corporate-action adjusted; exit day open only
301096.SZ-002,111,GROUP_C,LOSERS,301096.SZ,2025-11-03,2025-11-04,2025-11-06,2025-11-07,75,70.131,53.1,0.1,210603.393,-0.244358328073,-51462.693,3,SET_CHANGE_ENTRY_OR_INDIVIDUAL_EXIT,SET_CHANGE_ENTRY_OR_INDIVIDUAL_EXIT,3,1,0.189482758621,0.155998659517,1.00727378528,0.911980440098,0.600244498778,0.943765281174,0.76564792176,132,0.839853300733,818,64.4,68.99,0.0712732919255,0.0665313813596,0.160569471977,57.396,57.492,58.0475,59.484,0.0363788417311,0.00711743772242,0.0237507313798,0.0298402937334,0.795928203388,0.0394305280231,0.0436211582689,0.442882562278,0.0540717966117,0.145903479237,1521945,3795961,0.400937996992,56.79,55.49,64.4,True,262337835.548,31201563,3063950.45,10.1834424248,True,0.0289333333333,-0.292,-0.179333333333,-0.292,0.0650249947398,0,3,first-entry-open gross underlying total-return path; corporate-action adjusted; exit day open only
